161521,N-922,7/12/2020,N-922,19216N EBL/USD 03500105200629 CUR  (N),,USD,8800000,0,1059960000,0,US Dollar,Jul 2020 [Ashad 2077],Himal Power Ltd (NPR),KATHMANDU (N),FIN,Transfer from EBL to SCB,Transfer from EBL to SCB,120.45
161521,N-922,7/12/2020,N-922,,19200N SCB/USD 01-0417319-51 CUR (N),USD,0,8800000,0,1059960000,US Dollar,Jul 2020 [Ashad 2077],Himal Power Ltd (NPR),KATHMANDU (N),FIN,Transfer from EBL to SCB,Transfer from EBL to SCB,120.45
161534,N-924,7/15/2020,N-924,19213N NMB/NPR 0200010920300038 CUR  (N),,NPR,2500000,0,2500000,0,Nepalese Rupee,Jul 2020 [Ashad 2077],Himal Power Ltd (NPR),KATHMANDU (N),FIN,Fund transfer from NMB to EBL,Fund transfer from NMB to EBL,1
161534,N-924,7/15/2020,N-924,,19218N EBL/NPR 03500105200628 CUR  (N),NPR,0,2500000,0,2500000,Nepalese Rupee,Jul 2020 [Ashad 2077],Himal Power Ltd (NPR),KATHMANDU (N),FIN,Fund transfer from NMB to EBL,Fund transfer from NMB to EBL,1
161639,N-926,7/15/2020,N-926,19216N EBL/USD 03500105200629 CUR  (N),,USD,1036000,0,124112800,0,US Dollar,Jul 2020 [Ashad 2077],Himal Power Ltd (NPR),KATHMANDU (N),FIN,,,119.8
161639,N-926,7/15/2020,N-926,,19218N EBL/NPR 03500105200628 CUR  (N),NPR,0,124112800,0,124112800,US Dollar,Jul 2020 [Ashad 2077],Himal Power Ltd (NPR),KATHMANDU (N),FIN,,,119.8
161821,N-927,7/15/2020,N-927,19212N NMB/NPR0200010920300012 CUR  (N),,NPR,0,0,0,0,Nepalese Rupee,Jul 2020 [Ashad 2077],Himal Power Ltd (NPR),KATHMANDU (N),FIN,VOID,VOID,1
161821,N-927,7/15/2020,N-927,,19213N NMB/NPR 0200010920300038 CUR  (N),NPR,0,0,0,0,Nepalese Rupee,Jul 2020 [Ashad 2077],Himal Power Ltd (NPR),KATHMANDU (N),FIN,Fund Transfer 0200010920300012 to 0200010920300038,VOID,1
161872,N-928,7/23/2020,N-928,19201N SCB/NPR 01-0417289-01 CUR  (N),,NPR,10000000,0,10000000,0,Nepalese Rupee,Aug 2020 [Shrawan 2077],Himal Power Ltd (NPR),KATHMANDU (N),FIN,Fund transfer from SCB to EBL,Fund transfer from SCB to EBL,1
161872,N-928,7/23/2020,N-928,,19218N EBL/NPR 03500105200628 CUR  (N),NPR,0,10000000,0,10000000,Nepalese Rupee,Aug 2020 [Shrawan 2077],Himal Power Ltd (NPR),KATHMANDU (N),FIN,Fund transfer from SCB to EBL,Fund transfer from SCB to EBL,1
161907,N-929,8/5/2020,N-929,19200N SCB/USD 01-0417319-51 CUR (N),,USD,41911.15,0,4999999.6,0,US Dollar,Aug 2020 [Shrawan 2077],Himal Power Ltd (NPR),KATHMANDU (N),FIN,,,119.2999858
161907,N-929,8/5/2020,N-929,,19201N SCB/NPR 01-0417289-01 CUR  (N),NPR,0,4999999.6,0,4999999.6,US Dollar,Aug 2020 [Shrawan 2077],Himal Power Ltd (NPR),KATHMANDU (N),FIN,,,119.2999858
161914,N-930,8/6/2020,N-930,19201N SCB/NPR 01-0417289-01 CUR  (N),,NPR,2408415.93,0,2408415.93,0,Nepalese Rupee,Aug 2020 [Shrawan 2077],Himal Power Ltd (NPR),KATHMANDU (N),GM,GM's payment,GM's payment,1
161914,N-930,8/6/2020,N-930,,19999N NPRClearing  (N),NPR,0,2408415.93,0,2408415.93,Nepalese Rupee,Aug 2020 [Shrawan 2077],Himal Power Ltd (NPR),KATHMANDU (N),GM,GM's payment,GM's payment,1
161915,N-931,8/6/2020,N-931,19213N NMB/NPR 0200010920300038 CUR  (N),,NPR,10000000,0,10000000,0,Nepalese Rupee,Aug 2020 [Shrawan 2077],Himal Power Ltd (NPR),KATHMANDU (N),FIN,Fund transfer from NMB to SCB,Fund transfer from NMB to SCB,1
161915,N-931,8/6/2020,N-931,,19201N SCB/NPR 01-0417289-01 CUR  (N),NPR,0,10000000,0,10000000,Nepalese Rupee,Aug 2020 [Shrawan 2077],Himal Power Ltd (NPR),KATHMANDU (N),FIN,Fund transfer from NMB to SCB,Fund transfer from NMB to SCB,1
162674,N-932,9/14/2020,N-932,19200N SCB/USD 01-0417319-51 CUR (N),,USD,341734.3,0,40000000,0,US Dollar,Sep 2020 [Bhadra 2077],Himal Power Ltd (NPR),KATHMANDU (N),FIN,Fund transfer SCB doller account - NMB account,Fund transfer SCB doller account - NMB account,117.0500005
162674,N-932,9/14/2020,N-932,,19213N NMB/NPR 0200010920300038 CUR  (N),NPR,0,40000000,0,40000000,US Dollar,Sep 2020 [Bhadra 2077],Himal Power Ltd (NPR),KATHMANDU (N),FIN,Fund transfer SCB doller account - NMB account,Fund transfer SCB doller account - NMB account,117.0500005
162702,N-933,9/11/2020,N-933,19200N SCB/USD 01-0417319-51 CUR (N),,USD,190001.34,0,22220657,0,US Dollar,Sep 2020 [Bhadra 2077],Himal Power Ltd (NPR),KATHMANDU (N),ADM,Interest on 30% EWF,Interest on 30% EWF,116.9500015
162702,N-933,9/11/2020,N-933,,19999N NPRClearing  (N),NPR,0,22220657,0,22220657,US Dollar,Sep 2020 [Bhadra 2077],Himal Power Ltd (NPR),KATHMANDU (N),ADM,Interest on 30% EWF,Interest on 30% EWF,116.9500015
162750,N-934,9/17/2020,N-934,19212N NMB/NPR0200010920300012 CUR  (N),,NPR,0,0,0,0,Nepalese Rupee,Oct 2020 [Ashwin 2077],Himal Power Ltd (NPR),KATHMANDU (N),Khimti JVC,VOID,VOID,1
162750,N-934,9/17/2020,N-934,,19201N SCB/NPR 01-0417289-01 CUR  (N),NPR,0,0,0,0,Nepalese Rupee,Oct 2020 [Ashwin 2077],Himal Power Ltd (NPR),KATHMANDU (N),Khimti JVC,Staff loan recover-Bhadra'77,VOID,1
162752,N-935,8/19/2020,N-935,19213N NMB/NPR 0200010920300038 CUR  (N),,NPR,0,0,0,0,Nepalese Rupee,Sep 2020 [Bhadra 2077],Himal Power Ltd (NPR),KATHMANDU (N),Khimti JVC,VOID,VOID,1
162752,N-935,8/19/2020,N-935,,19212N NMB/NPR0200010920300012 CUR  (N),NPR,0,0,0,0,Nepalese Rupee,Sep 2020 [Bhadra 2077],Himal Power Ltd (NPR),KATHMANDU (N),Khimti JVC,Fund transfer from NMB to NMB,VOID,1
162754,N-936,8/18/2020,N-936,19212N NMB/NPR0200010920300012 CUR  (N),,NPR,0,0,0,0,Nepalese Rupee,Sep 2020 [Bhadra 2077],Himal Power Ltd (NPR),KATHMANDU (N),FIN,VOID,VOID,1
162754,N-936,8/18/2020,N-936,,19213N NMB/NPR 0200010920300038 CUR  (N),NPR,0,0,0,0,Nepalese Rupee,Sep 2020 [Bhadra 2077],Himal Power Ltd (NPR),KATHMANDU (N),FIN,Fund transfer from NMB to NMB,VOID,1
162757,N-937,8/23/2020,N-937,19212N NMB/NPR0200010920300012 CUR  (N),,NPR,0,0,0,0,Nepalese Rupee,Sep 2020 [Bhadra 2077],Himal Power Ltd (NPR),KATHMANDU (N),FIN,VOID,VOID,1
162757,N-937,8/23/2020,N-937,,19213N NMB/NPR 0200010920300038 CUR  (N),NPR,0,0,0,0,Nepalese Rupee,Sep 2020 [Bhadra 2077],Himal Power Ltd (NPR),KATHMANDU (N),FIN,Staff Loan refund-HPL,VOID,1
162795,N-938,8/6/2020,N-938,19213N NMB/NPR 0200010920300038 CUR  (N),,NPR,10000000,0,10000000,0,Nepalese Rupee,Aug 2020 [Shrawan 2077],Himal Power Ltd (NPR),KATHMANDU (N),FIN,Fund Transfer NMB to EBL NPR,Fund Transfer NMB to EBL NPR,1
162795,N-938,8/6/2020,N-938,,19218N EBL/NPR 03500105200628 CUR  (N),NPR,0,10000000,0,10000000,Nepalese Rupee,Aug 2020 [Shrawan 2077],Himal Power Ltd (NPR),KATHMANDU (N),FIN,Fund Transfer NMB to EBL NPR,Fund Transfer NMB to EBL NPR,1
162809,N-939,7/16/2020,N-939,19213N NMB/NPR 0200010920300038 CUR  (N),,NPR,2500000,0,2500000,0,Nepalese Rupee,Aug 2020 [Shrawan 2077],Himal Power Ltd (NPR),KATHMANDU (N),FIN,Fund transfer from NMB to EBL,Fund transfer from NMB to EBL,1
162809,N-939,7/16/2020,N-939,,19218N EBL/NPR 03500105200628 CUR  (N),NPR,0,2500000,0,2500000,Nepalese Rupee,Aug 2020 [Shrawan 2077],Himal Power Ltd (NPR),KATHMANDU (N),FIN,Fund transfer from NMB to EBL,Fund transfer from NMB to EBL,1
162811,N-940,7/20/2020,N-940,19200N SCB/USD 01-0417319-51 CUR (N),,USD,9000000,0,1082700000,0,US Dollar,Aug 2020 [Shrawan 2077],Himal Power Ltd (NPR),KATHMANDU (N),FIN,Fund transfer from SCB to EBL,Fund transfer from SCB to EBL,120.3
162811,N-940,7/20/2020,N-940,,19216N EBL/USD 03500105200629 CUR  (N),USD,0,9000000,0,1082700000,US Dollar,Aug 2020 [Shrawan 2077],Himal Power Ltd (NPR),KATHMANDU (N),FIN,Fund transfer from SCB to EBL,Fund transfer from SCB to EBL,120.3
162812,N-941,8/7/2020,N-941,19219N SBL/USD 00100010083 CUR (N),,USD,4800000,0,577200000,0,US Dollar,Aug 2020 [Shrawan 2077],Himal Power Ltd (NPR),KATHMANDU (N),FIN,Fund transfer from Sanima to SCB,Fund transfer from Sanima to SCB,120.25
162812,N-941,8/7/2020,N-941,,19200N SCB/USD 01-0417319-51 CUR (N),USD,0,4800000,0,577200000,US Dollar,Aug 2020 [Shrawan 2077],Himal Power Ltd (NPR),KATHMANDU (N),FIN,Fund transfer from Sanima to SCB,Fund transfer from Sanima to SCB,120.25
162813,N-942,8/9/2020,N-942,19217N NIBL/USD 01201010250443 CUR (N),,USD,4500000,0,541125000,0,US Dollar,Aug 2020 [Shrawan 2077],Himal Power Ltd (NPR),KATHMANDU (N),FIN,Fund transfer from NIBL to SCB,Fund transfer from NIBL to SCB,120.25
162813,N-942,8/9/2020,N-942,,19200N SCB/USD 01-0417319-51 CUR (N),USD,0,4500000,0,541125000,US Dollar,Aug 2020 [Shrawan 2077],Himal Power Ltd (NPR),KATHMANDU (N),FIN,Fund transfer from NIBL to SCB,Fund transfer from NIBL to SCB,120.25
162814,N-943,8/9/2020,N-943,19220N NMB/USD 0010010920300053 CUR (N),,USD,5500000,0,661375000,0,US Dollar,Aug 2020 [Shrawan 2077],Himal Power Ltd (NPR),KATHMANDU (N),FIN,Fund transfer from NMB to SCB,Fund transfer from NMB to SCB,120.25
162814,N-943,8/9/2020,N-943,,19200N SCB/USD 01-0417319-51 CUR (N),USD,0,5500000,0,661375000,US Dollar,Aug 2020 [Shrawan 2077],Himal Power Ltd (NPR),KATHMANDU (N),FIN,Fund transfer from NMB to SCB,Fund transfer from NMB to SCB,120.25
162815,N-944,8/9/2020,N-944,19300N NSBI/USD 20238400100005 CUR (N),,USD,6000000,0,721500000,0,US Dollar,Aug 2020 [Shrawan 2077],Himal Power Ltd (NPR),KATHMANDU (N),FIN,Fund transfer from NSBI to SCB,Fund transfer from NSBI to SCB,120.25
162815,N-944,8/9/2020,N-944,,19200N SCB/USD 01-0417319-51 CUR (N),USD,0,6000000,0,721500000,US Dollar,Aug 2020 [Shrawan 2077],Himal Power Ltd (NPR),KATHMANDU (N),FIN,Fund transfer from NSBI to SCB,Fund transfer from NSBI to SCB,120.25
162821,N-945,7/30/2020,N-945,19200N SCB/USD 01-0417319-51 CUR (N),,USD,1013702.5,0,120934707.59,0,US Dollar,Aug 2020 [Shrawan 2077],Himal Power Ltd (NPR),KATHMANDU (N),FIN,Royalty payment,Royalty payment,119.2999994
162821,N-945,7/30/2020,N-945,,19999N NPRClearing  (N),NPR,0,120934707.59,0,120934707.59,US Dollar,Aug 2020 [Shrawan 2077],Himal Power Ltd (NPR),KATHMANDU (N),FIN,Royalty payment,Royalty payment,119.2999994
162831,N-946,8/6/2020,N-946,19216N EBL/USD 03500105200629 CUR  (N),,USD,6200000,0,741520000,0,US Dollar,Aug 2020 [Shrawan 2077],Himal Power Ltd (NPR),KATHMANDU (N),FIN,Fund transfer from EBL to EBL,Fund transfer from EBL to EBL,119.6
162831,N-946,8/6/2020,N-946,,19218N EBL/NPR 03500105200628 CUR  (N),NPR,0,741520000,0,741520000,US Dollar,Aug 2020 [Shrawan 2077],Himal Power Ltd (NPR),KATHMANDU (N),FIN,Fund transfer from EBL to EBL,Fund transfer from EBL to EBL,119.6
162856,N-947,7/17/2020,N-947,19212N NMB/NPR0200010920300012 CUR  (N),,NPR,37331.69,0,37331.69,0,Nepalese Rupee,Aug 2020 [Shrawan 2077],Himal Power Ltd (NPR),KATHMANDU (N),FIN,Transfer NMB to NMB .,Transfer NMB to NMB .,1
162856,N-947,7/17/2020,N-947,,19213N NMB/NPR 0200010920300038 CUR  (N),NPR,0,37331.69,0,37331.69,Nepalese Rupee,Aug 2020 [Shrawan 2077],Himal Power Ltd (NPR),KATHMANDU (N),FIN,Transfer NMB to NMB .,Transfer NMB to NMB .,1
164302,N-950,10/8/2020,N-950,19213N NMB/NPR 0200010920300038 CUR  (N),,NPR,0,0,0,0,Nepalese Rupee,Oct 2020 [Ashwin 2077],Himal Power Ltd (NPR),KATHMANDU (N),FIN,VOID,VOID,1
164302,N-950,10/8/2020,N-950,,19212N NMB/NPR0200010920300012 CUR  (N),NPR,0,0,0,0,Nepalese Rupee,Oct 2020 [Ashwin 2077],Himal Power Ltd (NPR),KATHMANDU (N),FIN,Fund transfer,VOID,1
164313,N-951,10/14/2020,N-951,19212N NMB/NPR0200010920300012 CUR  (N),,NPR,0,0,0,0,Nepalese Rupee,Oct 2020 [Ashwin 2077],Himal Power Ltd (NPR),KATHMANDU (N),FIN,VOID,VOID,1
164313,N-951,10/14/2020,N-951,,19201N SCB/NPR 01-0417289-01 CUR  (N),NPR,0,0,0,0,Nepalese Rupee,Oct 2020 [Ashwin 2077],Himal Power Ltd (NPR),KATHMANDU (N),FIN,Loan refund,VOID,1
164315,N-952,9/22/2020,N-952,19200N SCB/USD 01-0417319-51 CUR (N),,USD,1000000,0,117850000,0,US Dollar,Oct 2020 [Ashwin 2077],Himal Power Ltd (NPR),KATHMANDU (N),FIN,transfer from SCB to NMB,transfer from SCB to NMB,117.85
164315,N-952,9/22/2020,N-952,,19220N NMB/USD 0010010920300053 CUR (N),USD,0,1000000,0,117850000,US Dollar,Oct 2020 [Ashwin 2077],Himal Power Ltd (NPR),KATHMANDU (N),FIN,transfer from SCB to NMB,transfer from SCB to NMB,117.85
164481,N-953,9/19/2020,N-953,19660N FixedDeposits EBL (N),,USD,4000000,0,470800000,0,US Dollar,Oct 2020 [Ashwin 2077],Himal Power Ltd (NPR),KATHMANDU (N),FIN,EBL FD account to EBL  USD account .,EBL FD account to EBL  USD account .,117.7
164481,N-953,9/19/2020,N-953,,19216N EBL/USD 03500105200629 CUR  (N),USD,0,4000000,0,470800000,US Dollar,Oct 2020 [Ashwin 2077],Himal Power Ltd (NPR),KATHMANDU (N),FIN,EBL FD account to EBL  USD account .,EBL FD account to EBL  USD account .,117.7
165289,N-954,11/13/2020,N-954,19212N NMB/NPR0200010920300012 CUR  (N),,NPR,0,0,0,0,Nepalese Rupee,Nov 2020 [Kartik 2077],Himal Power Ltd (NPR),KATHMANDU (N),FIN,VOID,VOID,1
165289,N-954,11/13/2020,N-954,,19201N SCB/NPR 01-0417289-01 CUR  (N),NPR,0,0,0,0,Nepalese Rupee,Nov 2020 [Kartik 2077],Himal Power Ltd (NPR),KATHMANDU (N),FIN,Fund transfer,VOID,1
165290,N-955,10/20/2020,N-955,19201N SCB/NPR 01-0417289-01 CUR  (N),,NPR,2800761.6,0,2800761.6,0,Nepalese Rupee,Nov 2020 [Kartik 2077],Himal Power Ltd (NPR),KATHMANDU (N),FIN,Andrew Bonus 2019/20 (SCBNL#703),Andrew Bonus 2019/20 (SCBNL#703),1
165290,N-955,10/20/2020,N-955,,19999N NPRClearing  (N),NPR,0,2800761.6,0,2800761.6,Nepalese Rupee,Nov 2020 [Kartik 2077],Himal Power Ltd (NPR),KATHMANDU (N),FIN,Andrew Bonus 2019/20 (SCBNL#703),Andrew Bonus 2019/20 (SCBNL#703),1
165311,N-956,11/3/2020,N-956,19212N NMB/NPR0200010920300012 CUR  (N),,NPR,872195.92,0,872195.92,0,Nepalese Rupee,Nov 2020 [Kartik 2077],Himal Power Ltd (NPR),KATHMANDU (N),Khimti JVC,Fund transfer for Advance payments of Kondor Abrasivi(PO 6989),Fund transfer for Advance payments of Kondor Abrasivi(PO 6989),1
165311,N-956,11/3/2020,N-956,,19999N NPRClearing  (N),NPR,0,872195.92,0,872195.92,Nepalese Rupee,Nov 2020 [Kartik 2077],Himal Power Ltd (NPR),KATHMANDU (N),Khimti JVC,Fund transfer for Advance payments of Kondor Abrasivi(PO 6989),Fund transfer for Advance payments of Kondor Abrasivi(PO 6989),1
165312,N-957,11/3/2020,N-957,19212N NMB/NPR0200010920300012 CUR  (N),,NPR,156816,0,156816,0,Nepalese Rupee,Nov 2020 [Kartik 2077],Himal Power Ltd (NPR),KATHMANDU (N),Khimti JVC,Advance payment to Gilbert Gilkes (PO/N-0006568),Advance payment to Gilbert Gilkes (PO/N-0006568),1
165312,N-957,11/3/2020,N-957,,19999N NPRClearing  (N),NPR,0,156816,0,156816,Nepalese Rupee,Nov 2020 [Kartik 2077],Himal Power Ltd (NPR),KATHMANDU (N),Khimti JVC,Advance payment to Gilbert Gilkes (PO/N-0006568),Advance payment to Gilbert Gilkes (PO/N-0006568),1
165350,N-958,11/13/2020,N-958,19212N NMB/NPR0200010920300012 CUR  (N),,NPR,0,0,0,0,Nepalese Rupee,Nov 2020 [Kartik 2077],Himal Power Ltd (NPR),KATHMANDU (N),FIN,VOID,VOID,1
165350,N-958,11/13/2020,N-958,,19201N SCB/NPR 01-0417289-01 CUR  (N),NPR,0,0,0,0,Nepalese Rupee,Nov 2020 [Kartik 2077],Himal Power Ltd (NPR),KATHMANDU (N),FIN,HPL loan + interest Karti k2077,VOID,1
166063,N-959,7/15/2020,N-959,19211N SCB/USD 01-1107496-53 CUR (N),,USD,8573.82,0,1025000,0,US Dollar,Jul 2020 [Ashad 2077],Himal Power Ltd (NPR),KATHMANDU (N),FIN,Advance to Firely International,Advance to Firely International,119.5499789
166063,N-959,7/15/2020,N-959,,19999N NPRClearing  (N),NPR,0,1025000,0,1025000,US Dollar,Jul 2020 [Ashad 2077],Himal Power Ltd (NPR),KATHMANDU (N),FIN,Advance to Firely International,Advance to Firely International,119.5499789
166419,N-960,1/6/2021,N-960,19212N NMB/NPR0200010920300012 CUR  (N),,NPR,0,0,0,0,Nepalese Rupee,Jan 2021 [Paush 2077],Himal Power Ltd (NPR),KATHMANDU (N),FIN,VOID,VOID,1
166419,N-960,1/6/2021,N-960,,19201N SCB/NPR 01-0417289-01 CUR  (N),NPR,0,0,0,0,Nepalese Rupee,Jan 2021 [Paush 2077],Himal Power Ltd (NPR),KATHMANDU (N),FIN,,VOID,1
168499,N-961,1/28/2021,N-961,19216N EBL/USD 03500105200629 CUR  (N),,USD,850000,0,99110000,0,US Dollar,Feb 2021 [Magh 2077],Himal Power Ltd (NPR),KATHMANDU (N),FIN,Fund  transfer  EBL to EBL,Fund  transfer  EBL to EBL,116.6
168499,N-961,1/28/2021,N-961,,19218N EBL/NPR 03500105200628 CUR  (N),NPR,0,99110000,0,99110000,US Dollar,Feb 2021 [Magh 2077],Himal Power Ltd (NPR),KATHMANDU (N),FIN,Fund  transfer  EBL to EBL,Fund  transfer  EBL to EBL,116.6
169483,N-962,3/3/2021,N-962,19216N EBL/USD 03500105200629 CUR  (N),,USD,850000,0,98727500,0,US Dollar,Mar 2021 [Phalgun 2077],Himal Power Ltd (NPR),KATHMANDU (N),FIN,Fund transfer from EBL USD to NPR,Fund transfer from EBL USD to NPR,116.15
169483,N-962,3/3/2021,N-962,,19218N EBL/NPR 03500105200628 CUR  (N),NPR,0,98727500,0,98727500,US Dollar,Mar 2021 [Phalgun 2077],Himal Power Ltd (NPR),KATHMANDU (N),FIN,Fund transfer from EBL USD to NPR,Fund transfer from EBL USD to NPR,116.15
169490,N-963,3/12/2021,N-963,19213N NMB/NPR 0200010920300038 CUR  (N),,NPR,360000000,0,360000000,0,Nepalese Rupee,Mar 2021 [Phalgun 2077],Himal Power Ltd (NPR),KATHMANDU (N),FIN,Fund transfer from NMB to SCB,Fund transfer from NMB to SCB,1
169490,N-963,3/12/2021,N-963,,19201N SCB/NPR 01-0417289-01 CUR  (N),NPR,0,360000000,0,360000000,Nepalese Rupee,Mar 2021 [Phalgun 2077],Himal Power Ltd (NPR),KATHMANDU (N),FIN,Fund transfer from NMB to SCB,Fund transfer from NMB to SCB,1
169491,N-964,3/12/2021,N-964,19213N NMB/NPR 0200010920300038 CUR  (N),,NPR,200000000,0,200000000,0,Nepalese Rupee,Mar 2021 [Phalgun 2077],Himal Power Ltd (NPR),KATHMANDU (N),FIN,Fund transfer from NMB to EBL,Fund transfer from NMB to EBL,1
169491,N-964,3/12/2021,N-964,,19218N EBL/NPR 03500105200628 CUR  (N),NPR,0,200000000,0,200000000,Nepalese Rupee,Mar 2021 [Phalgun 2077],Himal Power Ltd (NPR),KATHMANDU (N),FIN,Fund transfer from NMB to EBL,Fund transfer from NMB to EBL,1
169492,N-965,3/12/2021,N-965,19220N NMB/USD 0010010920300053 CUR (N),,USD,1000000,0,116900000,0,US Dollar,Mar 2021 [Phalgun 2077],Himal Power Ltd (NPR),KATHMANDU (N),FIN,Fund transfer from NMB to EBL,Fund transfer from NMB to EBL,116.9
169492,N-965,3/12/2021,N-965,,19216N EBL/USD 03500105200629 CUR  (N),USD,0,1000000,0,116900000,US Dollar,Mar 2021 [Phalgun 2077],Himal Power Ltd (NPR),KATHMANDU (N),FIN,Fund transfer from NMB to EBL,Fund transfer from NMB to EBL,116.9
170685,N-966,3/27/2021,N-966,19212N NMB/NPR0200010920300012 CUR  (N),,NPR,27552,0,27552,0,Nepalese Rupee,Apr 2021 [Chaitra 2077],Himal Power Ltd (NPR),KATHMANDU (N),Khimti JVC,Petty Cash-Sunita,Petty Cash-Sunita,1
170685,N-966,3/27/2021,N-966,,19000N PettyCash/NPR Kathmandu (N),NPR,0,27552,0,27552,Nepalese Rupee,Apr 2021 [Chaitra 2077],Himal Power Ltd (NPR),KATHMANDU (N),Khimti JVC,Petty Cash-Sunita,Petty Cash-Sunita,1
172037,N-967,2/19/2021,N-967,19216N EBL/USD 03500105200629 CUR  (N),,USD,650000,0,75237500,0,US Dollar,Jun 2021 [Jestha 2078],Himal Power Ltd (NPR),KATHMANDU (N),FIN,Fund transfer from EBL USD to NPR,Fund transfer from EBL USD to NPR,115.75
172037,N-967,2/19/2021,N-967,,19218N EBL/NPR 03500105200628 CUR  (N),NPR,0,75237500,0,75237500,US Dollar,Jun 2021 [Jestha 2078],Himal Power Ltd (NPR),KATHMANDU (N),FIN,Fund transfer from EBL USD to NPR,Fund transfer from EBL USD to NPR,115.75
172038,N-968,3/3/2021,N-968,19218N EBL/NPR 03500105200628 CUR  (N),,NPR,0,0,0,0,Nepalese Rupee,Jun 2021 [Jestha 2078],Himal Power Ltd (NPR),KATHMANDU (N),FIN,VOID,VOID,1
172038,N-968,3/3/2021,N-968,,19999N NPRClearing  (N),NPR,0,0,0,0,Nepalese Rupee,Jun 2021 [Jestha 2078],Himal Power Ltd (NPR),KATHMANDU (N),FIN,USD transfer EBL to NPR EBL-Diff. due to exchange rate,VOID,1
172085,N-969,4/2/2021,N-969,19212N NMB/NPR0200010920300012 CUR  (N),,NPR,30359,0,30359,0,Nepalese Rupee,Jun 2021 [Jestha 2078],Himal Power Ltd (NPR),KATHMANDU (N),Khimti JVC,Rect-Kandevta Fruits,Rect-Kandevta Fruits,1
172085,N-969,4/2/2021,N-969,,19213N NMB/NPR 0200010920300038 CUR  (N),NPR,0,30359,0,30359,Nepalese Rupee,Jun 2021 [Jestha 2078],Himal Power Ltd (NPR),KATHMANDU (N),Khimti JVC,Rect-Kandevta Fruits,Rect-Kandevta Fruits,1
172590,N-970,7/1/2021,N-970,19213N NMB/NPR 0200010920300038 CUR  (N),,NPR,0,0,0,0,Nepalese Rupee,Jul 2021 [Ashad 2078],Himal Power Ltd (NPR),KATHMANDU (N),Khimti JVC,VOID,VOID,1
172590,N-970,7/1/2021,N-970,,19212N NMB/NPR0200010920300012 CUR  (N),NPR,0,0,0,0,Nepalese Rupee,Jul 2021 [Ashad 2078],Himal Power Ltd (NPR),KATHMANDU (N),Khimti JVC,Rect-NEA-Baisakh'78,VOID,1
173380,N-971,8/3/2021,N-971,19212N NMB/NPR0200010920300012 CUR  (N),,NPR,29705,0,29705,0,Nepalese Rupee,Aug 2021 [Shrawan 2078],Himal Power Ltd (NPR),KATHMANDU (N),Khimti JVC,Petty Cash-Sunita,Petty Cash-Sunita,1
173380,N-971,8/3/2021,N-971,,19000N PettyCash/NPR Kathmandu (N),NPR,0,29705,0,29705,Nepalese Rupee,Aug 2021 [Shrawan 2078],Himal Power Ltd (NPR),KATHMANDU (N),Khimti JVC,Petty Cash-Sunita,Petty Cash-Sunita,1
174860,N-972,4/7/2021,N-972,19200N SCB/USD 01-0417319-51 CUR (N),,USD,2000000,0,235900000,0,US Dollar,Apr 2021 [Chaitra 2077],Himal Power Ltd (NPR),KATHMANDU (N),FIN,Fund Transfer from SCB to NMB,Fund Transfer from SCB to NMB,117.95
174860,N-972,4/7/2021,N-972,,19220N NMB/USD 0010010920300053 CUR (N),USD,0,2000000,0,235900000,US Dollar,Apr 2021 [Chaitra 2077],Himal Power Ltd (NPR),KATHMANDU (N),FIN,Fund Transfer from SCB to NMB,Fund Transfer from SCB to NMB,117.95
174862,N-973,7/12/2021,N-973,19218N EBL/NPR 03500105200628 CUR  (N),,NPR,170000000,0,170000000,0,Nepalese Rupee,Jul 2021 [Ashad 2078],Himal Power Ltd (NPR),KATHMANDU (N),FIN,Fund Transfer from SCB to EBL,Fund Transfer from SCB to EBL,1
174862,N-973,7/12/2021,N-973,,19201N SCB/NPR 01-0417289-01 CUR  (N),NPR,0,170000000,0,170000000,Nepalese Rupee,Jul 2021 [Ashad 2078],Himal Power Ltd (NPR),KATHMANDU (N),FIN,Fund Transfer from SCB to EBL,Fund Transfer from SCB to EBL,1
174935,N-974,7/8/2021,N-974,19220N NMB/USD 0010010920300053 CUR (N),,USD,227.78,0,27333.75,0,US Dollar,Jul 2021 [Ashad 2078],Himal Power Ltd (NPR),KATHMANDU (N),FIN,Payment of BhandariKirana,Payment of BhandariKirana,120.0006585
174935,N-974,7/8/2021,N-974,,19999N NPRClearing  (N),NPR,0,27333.75,0,27333.75,US Dollar,Jul 2021 [Ashad 2078],Himal Power Ltd (NPR),KATHMANDU (N),FIN,Payment of BhandariKirana,Payment of BhandariKirana,120.0006585
174936,N-975,7/8/2021,N-975,19220N NMB/USD 0010010920300053 CUR (N),,USD,3504.67,0,420560.03,0,US Dollar,Jul 2021 [Ashad 2078],Himal Power Ltd (NPR),KATHMANDU (N),FIN,Payment-SuvidhaSewa,Payment-SuvidhaSewa,119.9998944
174936,N-975,7/8/2021,N-975,,19999N NPRClearing  (N),NPR,0,420560.03,0,420560.03,US Dollar,Jul 2021 [Ashad 2078],Himal Power Ltd (NPR),KATHMANDU (N),FIN,Payment-SuvidhaSewa,Payment-SuvidhaSewa,119.9998944
174937,N-976,7/8/2021,N-976,19220N NMB/USD 0010010920300053 CUR (N),,USD,1051.76,0,126211.55,0,US Dollar,Jul 2021 [Ashad 2078],Himal Power Ltd (NPR),KATHMANDU (N),FIN,Payment TrishaktiFuel,Payment TrishaktiFuel,120.0003328
174937,N-976,7/8/2021,N-976,,19999N NPRClearing  (N),NPR,0,126211.55,0,126211.55,US Dollar,Jul 2021 [Ashad 2078],Himal Power Ltd (NPR),KATHMANDU (N),FIN,Payment TrishaktiFuel,Payment TrishaktiFuel,120.0003328
174944,N-977,7/28/2021,N-977,19201N SCB/NPR 01-0417289-01 CUR  (N),,NPR,170000000,0,170000000,0,Nepalese Rupee,Aug 2021 [Shrawan 2078],Himal Power Ltd (NPR),KATHMANDU (N),FIN,Fund Transfer from SCB to EBL,Fund Transfer from SCB to EBL,1
174944,N-977,7/28/2021,N-977,,19218N EBL/NPR 03500105200628 CUR  (N),NPR,0,170000000,0,170000000,Nepalese Rupee,Aug 2021 [Shrawan 2078],Himal Power Ltd (NPR),KATHMANDU (N),FIN,Fund Transfer from SCB to EBL,Fund Transfer from SCB to EBL,1
175353,N-978,9/2/2021,N-978,19216N EBL/USD 03500105200629 CUR  (N),,USD,4700000,0,550605000,0,US Dollar,Sep 2021 [Bhadra 2078],Himal Power Ltd (NPR),KATHMANDU (N),FIN,Fund transfer from EBL to SCB for dividend,Fund transfer from EBL to SCB for dividend,117.15
175353,N-978,9/2/2021,N-978,,19200N SCB/USD 01-0417319-51 CUR (N),USD,0,4700000,0,550605000,US Dollar,Sep 2021 [Bhadra 2078],Himal Power Ltd (NPR),KATHMANDU (N),FIN,Fund transfer from EBL to SCB for dividend,Fund transfer from EBL to SCB for dividend,117.15
175354,N-979,9/2/2021,N-979,19218N EBL/NPR 03500105200628 CUR  (N),,NPR,149000000,0,149000000,0,Nepalese Rupee,Sep 2021 [Bhadra 2078],Himal Power Ltd (NPR),KATHMANDU (N),FIN,Fund transfer from EBL to SCB for dividend,Fund transfer from EBL to SCB for dividend,1
175354,N-979,9/2/2021,N-979,,19201N SCB/NPR 01-0417289-01 CUR  (N),NPR,0,149000000,0,149000000,Nepalese Rupee,Sep 2021 [Bhadra 2078],Himal Power Ltd (NPR),KATHMANDU (N),FIN,Fund transfer from EBL to SCB for dividend,Fund transfer from EBL to SCB for dividend,1
175458,N-980,9/3/2021,N-980,19220N NMB/USD 0010010920300053 CUR (N),,USD,2000000,0,234200000,0,US Dollar,Sep 2021 [Bhadra 2078],Himal Power Ltd (NPR),KATHMANDU (N),FIN,Fund transfer from NMB to SCB,Fund transfer from NMB to SCB,117.1
175458,N-980,9/3/2021,N-980,,19200N SCB/USD 01-0417319-51 CUR (N),USD,0,2000000,0,234200000,US Dollar,Sep 2021 [Bhadra 2078],Himal Power Ltd (NPR),KATHMANDU (N),FIN,Fund transfer from NMB to SCB,Fund transfer from NMB to SCB,117.1
175681,N-981,9/14/2021,N-981,19212N NMB/NPR0200010920300012 CUR  (N),,NPR,28560,0,28560,0,Nepalese Rupee,Oct 2021 [Ashwin 2078],Himal Power Ltd (NPR),KATHMANDU (N),FIN,Petty Cash-Sunita,Petty Cash-Sunita,1
175681,N-981,9/14/2021,N-981,,19000N PettyCash/NPR Kathmandu (N),NPR,0,28560,0,28560,Nepalese Rupee,Oct 2021 [Ashwin 2078],Himal Power Ltd (NPR),KATHMANDU (N),FIN,Petty Cash-Sunita,Petty Cash-Sunita,1
176211,N-982,11/15/2021,N-982,19212N NMB/NPR0200010920300012 CUR  (N),,NPR,29715.56,0,29715.56,0,Nepalese Rupee,Nov 2021 [Kartik 2078],Himal Power Ltd (NPR),KATHMANDU (N),Khimti JVC,Petty Cash-Sunita,Petty Cash-Sunita,1
176211,N-982,11/15/2021,N-982,,19000N PettyCash/NPR Kathmandu (N),NPR,0,29715.56,0,29715.56,Nepalese Rupee,Nov 2021 [Kartik 2078],Himal Power Ltd (NPR),KATHMANDU (N),Khimti JVC,Petty Cash-Sunita,Petty Cash-Sunita,1
176257,N-983,10/1/2021,N-983,19220N NMB/USD 0010010920300053 CUR (N),,USD,5907.17,0,700000,0,US Dollar,Oct 2021 [Ashwin 2078],Himal Power Ltd (NPR),KATHMANDU (N),FIN,Advance GM,Advance GM,118.5000601
176257,N-983,10/1/2021,N-983,,19999N NPRClearing  (N),NPR,0,700000,0,700000,US Dollar,Oct 2021 [Ashwin 2078],Himal Power Ltd (NPR),KATHMANDU (N),FIN,Advance GM,Advance GM,118.5000601
177586,N-984,12/8/2021,N-984,19211N SCB/USD 01-1107496-53 CUR (N),,USD,14838.92,0,1785122,0,US Dollar,Dec 2021 [Mangsir 2078],Himal Power Ltd (NPR),KATHMANDU (N),FIN,,,120.2999949
177586,N-984,12/8/2021,N-984,,19213N NMB/NPR 0200010920300038 CUR  (N),NPR,0,1785122,0,1785122,US Dollar,Dec 2021 [Mangsir 2078],Himal Power Ltd (NPR),KATHMANDU (N),FIN,,,120.2999949
177594,N-985,11/26/2021,N-985,19211N SCB/USD 01-1107496-53 CUR (N),,USD,5596.68,0,673280.24,0,US Dollar,Dec 2021 [Mangsir 2078],Himal Power Ltd (NPR),KATHMANDU (N),FIN,Fund transfer from NORAD-HPL paid from JVC,Fund transfer from NORAD-HPL paid from JVC,120.299935
177594,N-985,11/26/2021,N-985,,19999N NPRClearing  (N),NPR,0,673280.24,0,673280.24,US Dollar,Dec 2021 [Mangsir 2078],Himal Power Ltd (NPR),KATHMANDU (N),FIN,Fund transfer from NORAD-HPL paid from JVC,Fund transfer from NORAD-HPL paid from JVC,120.299935
177595,N-986,11/26/2021,N-986,19211N SCB/USD 01-1107496-53 CUR (N),,USD,0,0,0,0,US Dollar,Dec 2021 [Mangsir 2078],Himal Power Ltd (NPR),KATHMANDU (N),FIN,VOID,VOID,120.2999949
177595,N-986,11/26/2021,N-986,,19213N NMB/NPR 0200010920300038 CUR  (N),NPR,0,0,0,0,US Dollar,Dec 2021 [Mangsir 2078],Himal Power Ltd (NPR),KATHMANDU (N),FIN,Fund transfer from NORAD-HPL paid from HPL,VOID,120.2999949
177596,N-987,11/26/2021,N-987,19211N SCB/USD 01-1107496-53 CUR (N),,USD,10074.6,0,1215500,0,US Dollar,Dec 2021 [Mangsir 2078],Himal Power Ltd (NPR),KATHMANDU (N),FIN,Payment of BINI international,Payment of BINI international,120.6499514
177596,N-987,11/26/2021,N-987,,19999N NPRClearing  (N),NPR,0,1215500,0,1215500,US Dollar,Dec 2021 [Mangsir 2078],Himal Power Ltd (NPR),KATHMANDU (N),FIN,Payment of BINI international,Payment of BINI international,120.6499514
177597,N-988,11/26/2021,N-988,19211N SCB/USD 01-1107496-53 CUR (N),,USD,521.17,0,62696.45,0,US Dollar,Dec 2021 [Mangsir 2078],Himal Power Ltd (NPR),KATHMANDU (N),FIN,Payment of Machinery,Payment of Machinery,120.2994225
177597,N-988,11/26/2021,N-988,,19999N NPRClearing  (N),NPR,0,62696.45,0,62696.45,US Dollar,Dec 2021 [Mangsir 2078],Himal Power Ltd (NPR),KATHMANDU (N),FIN,Payment of Machinery,Payment of Machinery,120.2994225
177602,N-989,9/7/2021,N-989,19211N SCB/USD 01-1107496-53 CUR (N),,USD,1586.73,0,185647.5,0,US Dollar,Sep 2021 [Bhadra 2078],Himal Power Ltd (NPR),KATHMANDU (N),FIN,Payement Trans Himalaya,Payement Trans Himalaya,117.0000567
177602,N-989,9/7/2021,N-989,,19999N NPRClearing  (N),NPR,0,185647.5,0,185647.5,US Dollar,Sep 2021 [Bhadra 2078],Himal Power Ltd (NPR),KATHMANDU (N),FIN,Payement Trans Himalaya,Payement Trans Himalaya,117.0000567
177794,N-990,10/1/2021,N-990,19218N EBL/NPR 03500105200628 CUR  (N),,NPR,100000000,0,100000000,0,Nepalese Rupee,Oct 2021 [Ashwin 2078],Himal Power Ltd (NPR),KATHMANDU (N),FIN,FD in EBL,FD in EBL,1
177794,N-990,10/1/2021,N-990,,19710(N) Fixed Deposits EBL (N),NPR,0,100000000,0,100000000,Nepalese Rupee,Oct 2021 [Ashwin 2078],Himal Power Ltd (NPR),KATHMANDU (N),FIN,FD in EBL,FD in EBL,1
177938,N-991,11/19/2021,N-991,19216N EBL/USD 03500105200629 CUR  (N),,USD,800000,0,94720000,0,US Dollar,Dec 2021 [Mangsir 2078],Himal Power Ltd (NPR),KATHMANDU (N),FIN,Fund transfer from EBL USD to NPR,Fund transfer from EBL USD to NPR,118.4
177938,N-991,11/19/2021,N-991,,19218N EBL/NPR 03500105200628 CUR  (N),NPR,0,94720000,0,94720000,US Dollar,Dec 2021 [Mangsir 2078],Himal Power Ltd (NPR),KATHMANDU (N),FIN,Fund transfer from EBL USD to NPR,Fund transfer from EBL USD to NPR,118.4
178007,N-992,1/12/2022,N-992,19212N NMB/NPR0200010920300012 CUR  (N),,NPR,29932.62,0,29932.62,0,Nepalese Rupee,Jan 2022 [Paush 2078],Himal Power Ltd (NPR),KATHMANDU (N),Khimti JVC,Petty Cash-Sunita,Petty Cash-Sunita,1
178007,N-992,1/12/2022,N-992,,19000N PettyCash/NPR Kathmandu (N),NPR,0,29932.62,0,29932.62,Nepalese Rupee,Jan 2022 [Paush 2078],Himal Power Ltd (NPR),KATHMANDU (N),Khimti JVC,Petty Cash-Sunita,Petty Cash-Sunita,1
179803,N-993,2/9/2022,N-993,19220N NMB/USD 0010010920300053 CUR (N),,USD,212000,0,25291600,0,US Dollar,Feb 2022 [Magh 2078],Himal Power Ltd (NPR),KATHMANDU (N),FIN,USD transfer from NMB to NMB,USD transfer from NMB to NMB,119.3
179803,N-993,2/9/2022,N-993,,19213N NMB/NPR 0200010920300038 CUR  (N),NPR,0,25291600,0,25291600,US Dollar,Feb 2022 [Magh 2078],Himal Power Ltd (NPR),KATHMANDU (N),FIN,USD transfer from NMB to NMB,USD transfer from NMB to NMB,119.3
180882,N-994,3/14/2022,N-994,19212N NMB/NPR0200010920300012 CUR  (N),,NPR,800000,0,800000,0,Nepalese Rupee,Mar 2022 [Phalgun 2078],Himal Power Ltd (NPR),KATHMANDU (N),Khimti JVC,Cash for GM's advacne,Cash for GM's advacne,1
180882,N-994,3/14/2022,N-994,,19000N PettyCash/NPR Kathmandu (N),NPR,0,800000,0,800000,Nepalese Rupee,Mar 2022 [Phalgun 2078],Himal Power Ltd (NPR),KATHMANDU (N),Khimti JVC,Cash for GM's advacne,Cash for GM's advacne,1
181036,N-995,2/15/2022,N-995,19219N SBL/USD 00100010083 CUR (N),,USD,77500,0,9365875,0,US Dollar,Mar 2022 [Phalgun 2078],Himal Power Ltd (NPR),KATHMANDU (N),FIN,Fund transfer from Sanima to NMB,Fund transfer from Sanima to NMB,120.85
181036,N-995,2/15/2022,N-995,,19213N NMB/NPR 0200010920300038 CUR  (N),NPR,0,9365875,0,9365875,US Dollar,Mar 2022 [Phalgun 2078],Himal Power Ltd (NPR),KATHMANDU (N),FIN,Fund transfer from Sanima to NMB,Fund transfer from Sanima to NMB,120.85
182315,N-996,3/31/2022,N-996,19212N NMB/NPR0200010920300012 CUR  (N),,NPR,29560.02,0,29560.02,0,Nepalese Rupee,Apr 2022 [Chaitra 2078],Himal Power Ltd (NPR),KATHMANDU (N),Khimti JVC,Petty Cash-Sunita,Petty Cash-Sunita,1
182315,N-996,3/31/2022,N-996,,19000N PettyCash/NPR Kathmandu (N),NPR,0,29560.02,0,29560.02,Nepalese Rupee,Apr 2022 [Chaitra 2078],Himal Power Ltd (NPR),KATHMANDU (N),Khimti JVC,Petty Cash-Sunita,Petty Cash-Sunita,1
182326,N-997,4/27/2022,N-997,19212N NMB/NPR0200010920300012 CUR  (N),,NPR,16774617.87,0,16774617.87,0,Nepalese Rupee,May 2022 [Baisakh 2079],Himal Power Ltd (NPR),KATHMANDU (N),Khimti JVC,Gratuity-CIT,Gratuity-CIT,1
182326,N-997,4/27/2022,N-997,,19700N CIT Gratuity Fund (ARF),NPR,0,16774617.87,0,16774617.87,Nepalese Rupee,May 2022 [Baisakh 2079],Himal Power Ltd (NPR),KATHMANDU (N),Khimti JVC,Gratuity-CIT,Gratuity-CIT,1
182719,N-998,6/27/2022,N-998,19212N NMB/NPR0200010920300012 CUR  (N),,NPR,23779,0,23779,0,Nepalese Rupee,Jul 2022 [Ashad 2079],Himal Power Ltd (NPR),KATHMANDU (N),Khimti JVC,Petty Cash-Sunita,Petty Cash-Sunita,1
182719,N-998,6/27/2022,N-998,,19000N PettyCash/NPR Kathmandu (N),NPR,0,23779,0,23779,Nepalese Rupee,Jul 2022 [Ashad 2079],Himal Power Ltd (NPR),KATHMANDU (N),Khimti JVC,Petty Cash-Sunita,Petty Cash-Sunita,1
183023,N-999,7/6/2022,N-999,19212N NMB/NPR0200010920300012 CUR  (N),,NPR,400000,0,400000,0,Nepalese Rupee,Jul 2022 [Ashad 2079],Himal Power Ltd (NPR),KATHMANDU (N),Khimti JVC,Cash withdrwan for advance to GM,Cash withdrwan for advance to GM,1
183023,N-999,7/6/2022,N-999,,19000N PettyCash/NPR Kathmandu (N),NPR,0,400000,0,400000,Nepalese Rupee,Jul 2022 [Ashad 2079],Himal Power Ltd (NPR),KATHMANDU (N),Khimti JVC,Cash withdrwan for advance to GM,Cash withdrwan for advance to GM,1
183035,N-1000,6/16/2022,N-1000,19212N NMB/NPR0200010920300012 CUR  (N),,NPR,29977,0,29977,0,Nepalese Rupee,Jul 2022 [Ashad 2079],Himal Power Ltd (NPR),KATHMANDU (N),Khimti JVC,Petty Cash-Sunita,Petty Cash-Sunita,1
183035,N-1000,6/16/2022,N-1000,,19000N PettyCash/NPR Kathmandu (N),NPR,0,29977,0,29977,Nepalese Rupee,Jul 2022 [Ashad 2079],Himal Power Ltd (NPR),KATHMANDU (N),Khimti JVC,Petty Cash-Sunita,Petty Cash-Sunita,1
185401,N-1001,4/13/2022,N-1001,19710(N) Fixed Deposits EBL (N),,NPR,100000000,0,100000000,0,Nepalese Rupee,Apr 2022 [Chaitra 2078],Himal Power Ltd (NPR),KATHMANDU (N),FIN,FD matured-EBL,FD matured-EBL,1
185401,N-1001,4/13/2022,N-1001,,19218N EBL/NPR 03500105200628 CUR  (N),NPR,0,100000000,0,100000000,Nepalese Rupee,Apr 2022 [Chaitra 2078],Himal Power Ltd (NPR),KATHMANDU (N),FIN,FD matured-EBL,FD matured-EBL,1
185402,N-1002,4/13/2022,N-1002,19218N EBL/NPR 03500105200628 CUR  (N),,NPR,200000000,0,200000000,0,Nepalese Rupee,Apr 2022 [Chaitra 2078],Himal Power Ltd (NPR),KATHMANDU (N),FIN,FD-EBL,FD-EBL,1
185402,N-1002,4/13/2022,N-1002,,19710(N) Fixed Deposits EBL (N),NPR,0,200000000,0,200000000,Nepalese Rupee,Apr 2022 [Chaitra 2078],Himal Power Ltd (NPR),KATHMANDU (N),FIN,FD-EBL,FD-EBL,1
185620,N-1003,2/10/2022,N-1003,19211N SCB/USD 01-1107496-53 CUR (N),,USD,7152.83,0,852975,0,US Dollar,Feb 2022 [Magh 2078],Himal Power Ltd (NPR),KATHMANDU (N),CSR,Payment of EasternElect-PO-7675,Payment of EasternElect-PO-7675,119.2500032
185620,N-1003,2/10/2022,N-1003,,19999N NPRClearing  (N),NPR,0,852975,0,852975,US Dollar,Feb 2022 [Magh 2078],Himal Power Ltd (NPR),KATHMANDU (N),CSR,Payment of EasternElect-PO-7675,Payment of EasternElect-PO-7675,119.2500032
185621,N-1004,2/10/2022,N-1004,19211N SCB/USD 01-1107496-53 CUR (N),,USD,749.47,0,89374.75,0,US Dollar,Feb 2022 [Magh 2078],Himal Power Ltd (NPR),KATHMANDU (N),CSR,Payment of TransHimalayan-PO-7622,Payment of TransHimalayan-PO-7622,119.2506038
185621,N-1004,2/10/2022,N-1004,,19999N NPRClearing  (N),NPR,0,89374.75,0,89374.75,US Dollar,Feb 2022 [Magh 2078],Himal Power Ltd (NPR),KATHMANDU (N),CSR,Payment of TransHimalayan-PO-7622,Payment of TransHimalayan-PO-7622,119.2506038
185622,N-1005,8/9/2022,N-1005,19211N SCB/USD 01-1107496-53 CUR (N),,USD,9351.16,0,1189000,0,US Dollar,Aug 2022 [Shrawan 2079],Himal Power Ltd (NPR),KATHMANDU (N),CSR,Payment of Firely-PO-6628,Payment of Firely-PO-6628,127.1500006
185622,N-1005,8/9/2022,N-1005,,19212N NMB/NPR0200010920300012 CUR  (N),NPR,0,1189000,0,1189000,US Dollar,Aug 2022 [Shrawan 2079],Himal Power Ltd (NPR),KATHMANDU (N),CSR,Payment of Firely-PO-6628,Payment of Firely-PO-6628,127.1500006
185645,N-1006,8/26/2022,N-1006,19212N NMB/NPR0200010920300012 CUR  (N),,NPR,29749.97,0,29749.97,0,Nepalese Rupee,Sep 2022 [Bhadra 2079],Himal Power Ltd (NPR),KATHMANDU (N),Khimti JVC,Petty Cash-Sunita,Petty Cash-Sunita,1
185645,N-1006,8/26/2022,N-1006,,19000N PettyCash/NPR Kathmandu (N),NPR,0,29749.97,0,29749.97,Nepalese Rupee,Sep 2022 [Bhadra 2079],Himal Power Ltd (NPR),KATHMANDU (N),Khimti JVC,Petty Cash-Sunita,Petty Cash-Sunita,1
185651,N-1007,8/18/2022,N-1007,19212N NMB/NPR0200010920300012 CUR  (N),,NPR,926297.05,0,926297.05,0,Nepalese Rupee,Sep 2022 [Bhadra 2079],Himal Power Ltd (NPR),KATHMANDU (N),Khimti JVC,Amount topped up in CIT gratuity fund-Birbal Chaudhary,Amount topped up in CIT gratuity fund-Birbal Chaudhary,1
185651,N-1007,8/18/2022,N-1007,,19700N CIT Gratuity Fund (ARF),NPR,0,926297.05,0,926297.05,Nepalese Rupee,Sep 2022 [Bhadra 2079],Himal Power Ltd (NPR),KATHMANDU (N),Khimti JVC,Amount topped up in CIT gratuity fund-Birbal Chaudhary,Amount topped up in CIT gratuity fund-Birbal Chaudhary,1
186500,N-1008,8/31/2022,N-1008,19200N SCB/USD 01-0417319-51 CUR (N),,USD,18216.63,0,2394177.13,0,US Dollar,Sep 2022 [Bhadra 2079],Himal Power Ltd (NPR),KATHMANDU (N),Khimti JVC,GM's Salary-July'2022,GM's Salary-July'2022,131.4281033
186500,N-1008,8/31/2022,N-1008,,19999N NPRClearing  (N),NPR,0,2394177.13,0,2394177.13,US Dollar,Sep 2022 [Bhadra 2079],Himal Power Ltd (NPR),KATHMANDU (N),Khimti JVC,GM's Salary-July'2022,GM's Salary-July'2022,131.4281033
187475,N-1009,10/12/2022,N-1009,19212N NMB/NPR0200010920300012 CUR  (N),,NPR,22754.01,0,22754.01,0,Nepalese Rupee,Oct 2022 [Ashwin 2079],Himal Power Ltd (NPR),KATHMANDU (N),Khimti JVC,Fund transfer,Fund transfer,1
187475,N-1009,10/12/2022,N-1009,,19000N PettyCash/NPR Kathmandu (N),NPR,0,22754.01,0,22754.01,Nepalese Rupee,Oct 2022 [Ashwin 2079],Himal Power Ltd (NPR),KATHMANDU (N),Khimti JVC,Fund transfer,Fund transfer,1
187511,N-1010,9/20/2022,N-1010,19212N NMB/NPR0200010920300012 CUR  (N),,NPR,2703013,0,2703013,0,Nepalese Rupee,Oct 2022 [Ashwin 2079],Himal Power Ltd (NPR),KATHMANDU (N),Khimti JVC,Fund transfer,Fund transfer,1
187511,N-1010,9/20/2022,N-1010,,19700N CIT Gratuity Fund (ARF),NPR,0,2703013,0,2703013,Nepalese Rupee,Oct 2022 [Ashwin 2079],Himal Power Ltd (NPR),KATHMANDU (N),Khimti JVC,Fund transfer,Fund transfer,1
188130,N-1011,8/23/2020,N-1011,19212N NMB/NPR0200010920300012 CUR  (N),,NPR,519066.87,0,519066.87,0,Nepalese Rupee,Aug 2021 [Shrawan 2078],Himal Power Ltd (NPR),KATHMANDU (N),Khimti JVC,Staff salary loan and int refund,Staff salary loan and int refund,1
188130,N-1011,8/23/2020,N-1011,,19213N NMB/NPR 0200010920300038 CUR  (N),NPR,0,519066.87,0,519066.87,Nepalese Rupee,Aug 2021 [Shrawan 2078],Himal Power Ltd (NPR),KATHMANDU (N),Khimti JVC,Staff salary loan and int refund,Staff salary loan and int refund,1
188149,N-1012,9/17/2020,N-1012,19212N NMB/NPR0200010920300012 CUR  (N),,NPR,0,0,0,0,Nepalese Rupee,Dec 2022 [Mangsir 2079],Himal Power Ltd (NPR),KATHMANDU (N),Khimti JVC,VOID,VOID,1
188149,N-1012,9/17/2020,N-1012,,19201N SCB/NPR 01-0417289-01 CUR  (N),NPR,0,0,0,0,Nepalese Rupee,Dec 2022 [Mangsir 2079],Himal Power Ltd (NPR),KATHMANDU (N),Khimti JVC,Staff salary loan and int refund,VOID,1
188150,N-1013,10/14/2020,N-1013,19212N NMB/NPR0200010920300012 CUR  (N),,NPR,0,0,0,0,Nepalese Rupee,Dec 2022 [Mangsir 2079],Himal Power Ltd (NPR),KATHMANDU (N),Khimti JVC,VOID,VOID,1
188150,N-1013,10/14/2020,N-1013,,19201N SCB/NPR 01-0417289-01 CUR  (N),NPR,0,0,0,0,Nepalese Rupee,Dec 2022 [Mangsir 2079],Himal Power Ltd (NPR),KATHMANDU (N),Khimti JVC,Staff salary loan and int refund,VOID,1
188151,N-1014,11/15/2020,N-1014,19212N NMB/NPR0200010920300012 CUR  (N),,NPR,0,0,0,0,Nepalese Rupee,Dec 2022 [Mangsir 2079],Himal Power Ltd (NPR),KATHMANDU (N),Khimti JVC,VOID,VOID,1
188151,N-1014,11/15/2020,N-1014,,19201N SCB/NPR 01-0417289-01 CUR  (N),NPR,0,0,0,0,Nepalese Rupee,Dec 2022 [Mangsir 2079],Himal Power Ltd (NPR),KATHMANDU (N),Khimti JVC,Staff salary loan and int refund,VOID,1
188248,N-1015,10/21/2022,N-1015,19213N NMB/NPR 0200010920300038 CUR  (N),,NPR,2000000,0,2000000,0,Nepalese Rupee,Nov 2022 [Kartik 2079],Himal Power Ltd (NPR),KATHMANDU (N),Khimti JVC,Fund transfer-NMB to NMB,Fund transfer-NMB to NMB,1
188248,N-1015,10/21/2022,N-1015,,19212N NMB/NPR0200010920300012 CUR  (N),NPR,0,2000000,0,2000000,Nepalese Rupee,Nov 2022 [Kartik 2079],Himal Power Ltd (NPR),KATHMANDU (N),Khimti JVC,Fund transfer-NMB to NMB,Fund transfer-NMB to NMB,1
188249,N-1016,11/6/2022,N-1016,19212N NMB/NPR0200010920300012 CUR  (N),,NPR,200000000,0,200000000,0,Nepalese Rupee,Nov 2022 [Kartik 2079],Himal Power Ltd (NPR),KATHMANDU (N),Khimti JVC,FD-NMB Bank,FD-NMB Bank,1
188249,N-1016,11/6/2022,N-1016,,19720(N) Fixed Deposit NMB (N),NPR,0,200000000,0,200000000,Nepalese Rupee,Nov 2022 [Kartik 2079],Himal Power Ltd (NPR),KATHMANDU (N),Khimti JVC,FD-NMB Bank,FD-NMB Bank,1
188873,N-1017,10/20/2022,N-1017,19211N SCB/USD 01-1107496-53 CUR (N),,USD,11728.42,0,1549910.34,0,US Dollar,Nov 2022 [Kartik 2079],Himal Power Ltd (NPR),KATHMANDU (N),Khimti JVC,KREC's transfer to HPL,KREC's transfer to HPL,132.1499691
188873,N-1017,10/20/2022,N-1017,,19213N NMB/NPR 0200010920300038 CUR  (N),NPR,0,1549910.34,0,1549910.34,US Dollar,Nov 2022 [Kartik 2079],Himal Power Ltd (NPR),KATHMANDU (N),Khimti JVC,KREC's transfer to HPL,KREC's transfer to HPL,132.1499691
189536,N-1018,12/2/2022,N-1018,19212N NMB/NPR0200010920300012 CUR  (N),,NPR,29552,0,29552,0,Nepalese Rupee,Dec 2022 [Mangsir 2079],Himal Power Ltd (NPR),KATHMANDU (N),Khimti JVC,Petty Cash-Sunita,Petty Cash-Sunita,1
189536,N-1018,12/2/2022,N-1018,,19000N PettyCash/NPR Kathmandu (N),NPR,0,29552,0,29552,Nepalese Rupee,Dec 2022 [Mangsir 2079],Himal Power Ltd (NPR),KATHMANDU (N),Khimti JVC,Petty Cash-Sunita,Petty Cash-Sunita,1
189731,N-1019,12/12/2022,N-1019,19212N NMB/NPR0200010920300012 CUR  (N),,NPR,50000000,0,50000000,0,Nepalese Rupee,Dec 2022 [Mangsir 2079],Himal Power Ltd (NPR),KATHMANDU (N),Khimti JVC,Fund transfer NMB to EBL,Fund transfer NMB to EBL,1
189731,N-1019,12/12/2022,N-1019,,19218N EBL/NPR 03500105200628 CUR  (N),NPR,0,50000000,0,50000000,Nepalese Rupee,Dec 2022 [Mangsir 2079],Himal Power Ltd (NPR),KATHMANDU (N),Khimti JVC,Fund transfer NMB to EBL,Fund transfer NMB to EBL,1
189809,N-1020,7/18/2022,N-1020,19710(N) Fixed Deposits EBL (N),,NPR,200000000,0,200000000,0,Nepalese Rupee,Dec 2022 [Mangsir 2079],Himal Power Ltd (NPR),KATHMANDU (N),Khimti JVC,FD matured-NMB,FD matured-NMB,1
189809,N-1020,7/18/2022,N-1020,,19218N EBL/NPR 03500105200628 CUR  (N),NPR,0,200000000,0,200000000,Nepalese Rupee,Dec 2022 [Mangsir 2079],Himal Power Ltd (NPR),KATHMANDU (N),Khimti JVC,FD matured-NMB,FD matured-NMB,1
189810,N-1021,7/19/2022,N-1021,19218N EBL/NPR 03500105200628 CUR  (N),,NPR,200000000,0,200000000,0,Nepalese Rupee,Dec 2022 [Mangsir 2079],Himal Power Ltd (NPR),KATHMANDU (N),Khimti JVC,FD-EBL,FD-EBL,1
189810,N-1021,7/19/2022,N-1021,,19710(N) Fixed Deposits EBL (N),NPR,0,200000000,0,200000000,Nepalese Rupee,Dec 2022 [Mangsir 2079],Himal Power Ltd (NPR),KATHMANDU (N),Khimti JVC,FD-EBL,FD-EBL,1
189949,N-1022,12/26/2022,N-1022,19212N NMB/NPR0200010920300012 CUR  (N),,NPR,13602453.54,0,13602453.54,0,Nepalese Rupee,Jan 2023 [Paush 2079],Himal Power Ltd (NPR),KATHMANDU (N),Khimti JVC,Gratuity topped up,Gratuity topped up,1
189949,N-1022,12/26/2022,N-1022,,19700N CIT Gratuity Fund (ARF),NPR,0,13602453.54,0,13602453.54,Nepalese Rupee,Jan 2023 [Paush 2079],Himal Power Ltd (NPR),KATHMANDU (N),Khimti JVC,Gratuity topped up,Gratuity topped up,1
190074,N-1023,1/5/2023,N-1023,19213N NMB/NPR 0200010920300038 CUR  (N),,NPR,40000000,0,40000000,0,Nepalese Rupee,Jan 2023 [Paush 2079],Himal Power Ltd (NPR),KATHMANDU (N),Khimti JVC,Fund transfer-NMB to NMB,Fund transfer-NMB to NMB,1
190074,N-1023,1/5/2023,N-1023,,19212N NMB/NPR0200010920300012 CUR  (N),NPR,0,40000000,0,40000000,Nepalese Rupee,Jan 2023 [Paush 2079],Himal Power Ltd (NPR),KATHMANDU (N),Khimti JVC,Fund transfer-NMB to NMB,Fund transfer-NMB to NMB,1
190756,N-1024,1/6/2023,N-1024,19212N NMB/NPR0200010920300012 CUR  (N),,NPR,30000000,0,30000000,0,Nepalese Rupee,Jan 2023 [Paush 2079],Himal Power Ltd (NPR),KATHMANDU (N),Khimti JVC,FD in NMB,FD in NMB,1
190756,N-1024,1/6/2023,N-1024,,19720(N) Fixed Deposit NMB (N),NPR,0,30000000,0,30000000,Nepalese Rupee,Jan 2023 [Paush 2079],Himal Power Ltd (NPR),KATHMANDU (N),Khimti JVC,FD in NMB,FD in NMB,1
190759,N-1025,1/13/2023,N-1025,19212N NMB/NPR0200010920300012 CUR  (N),,NPR,29298,0,29298,0,Nepalese Rupee,Jan 2023 [Paush 2079],Himal Power Ltd (NPR),KATHMANDU (N),Khimti JVC,Petty Cash-Sunita,Petty Cash-Sunita,1
190759,N-1025,1/13/2023,N-1025,,19000N PettyCash/NPR Kathmandu (N),NPR,0,29298,0,29298,Nepalese Rupee,Jan 2023 [Paush 2079],Himal Power Ltd (NPR),KATHMANDU (N),Khimti JVC,Petty Cash-Sunita,Petty Cash-Sunita,1
191783,N-1026,2/5/2023,N-1026,19720(N) Fixed Deposit NMB (N),,NPR,100000000,0,100000000,0,Nepalese Rupee,Feb 2023 [Magh 2079],Himal Power Ltd (NPR),KATHMANDU (N),Khimti JVC,FD matured in NMB,FD matured in NMB,1
191783,N-1026,2/5/2023,N-1026,,19212N NMB/NPR0200010920300012 CUR  (N),NPR,0,100000000,0,100000000,Nepalese Rupee,Feb 2023 [Magh 2079],Himal Power Ltd (NPR),KATHMANDU (N),Khimti JVC,FD matured in NMB,FD matured in NMB,1
191784,N-1027,2/6/2023,N-1027,19720(N) Fixed Deposit NMB (N),,NPR,100000000,0,100000000,0,Nepalese Rupee,Feb 2023 [Magh 2079],Himal Power Ltd (NPR),KATHMANDU (N),Khimti JVC,FD matured in NMB,FD matured in NMB,1
191784,N-1027,2/6/2023,N-1027,,19212N NMB/NPR0200010920300012 CUR  (N),NPR,0,100000000,0,100000000,Nepalese Rupee,Feb 2023 [Magh 2079],Himal Power Ltd (NPR),KATHMANDU (N),Khimti JVC,FD matured in NMB,FD matured in NMB,1
191785,N-1028,2/6/2023,N-1028,19212N NMB/NPR0200010920300012 CUR  (N),,NPR,100000000,0,100000000,0,Nepalese Rupee,Feb 2023 [Magh 2079],Himal Power Ltd (NPR),KATHMANDU (N),Khimti JVC,FD in NMB,FD in NMB,1
191785,N-1028,2/6/2023,N-1028,,19720(N) Fixed Deposit NMB (N),NPR,0,100000000,0,100000000,Nepalese Rupee,Feb 2023 [Magh 2079],Himal Power Ltd (NPR),KATHMANDU (N),Khimti JVC,FD in NMB,FD in NMB,1
191786,N-1029,2/6/2023,N-1029,19212N NMB/NPR0200010920300012 CUR  (N),,NPR,100000000,0,100000000,0,Nepalese Rupee,Feb 2023 [Magh 2079],Himal Power Ltd (NPR),KATHMANDU (N),Khimti JVC,FD in NMB,FD in NMB,1
191786,N-1029,2/6/2023,N-1029,,19720(N) Fixed Deposit NMB (N),NPR,0,100000000,0,100000000,Nepalese Rupee,Feb 2023 [Magh 2079],Himal Power Ltd (NPR),KATHMANDU (N),Khimti JVC,FD in NMB,FD in NMB,1
191916,N-1030,1/19/2023,N-1030,19218N EBL/NPR 03500105200628 CUR  (N),,NPR,200000000,0,200000000,0,Nepalese Rupee,Feb 2023 [Magh 2079],Himal Power Ltd (NPR),KATHMANDU (N),Khimti JVC,FD in EBL,FD in EBL,1
191916,N-1030,1/19/2023,N-1030,,19710(N) Fixed Deposits EBL (N),NPR,0,200000000,0,200000000,Nepalese Rupee,Feb 2023 [Magh 2079],Himal Power Ltd (NPR),KATHMANDU (N),Khimti JVC,FD in EBL,FD in EBL,1
191917,N-1031,1/19/2023,N-1031,19710(N) Fixed Deposits EBL (N),,NPR,200000000,0,200000000,0,Nepalese Rupee,Feb 2023 [Magh 2079],Himal Power Ltd (NPR),KATHMANDU (N),Khimti JVC,FD matured in EBL,FD matured in EBL,1
191917,N-1031,1/19/2023,N-1031,,19218N EBL/NPR 03500105200628 CUR  (N),NPR,0,200000000,0,200000000,Nepalese Rupee,Feb 2023 [Magh 2079],Himal Power Ltd (NPR),KATHMANDU (N),Khimti JVC,FD matured in EBL,FD matured in EBL,1
192634,N-1032,3/2/2023,N-1032,19212N NMB/NPR0200010920300012 CUR  (N),,NPR,29192,0,29192,0,Nepalese Rupee,Mar 2023 [Phalgun 2079],Himal Power Ltd (NPR),KATHMANDU (N),Khimti JVC,Fund transfer-Petty cash,Fund transfer-Petty cash,1
192634,N-1032,3/2/2023,N-1032,,19000N PettyCash/NPR Kathmandu (N),NPR,0,29192,0,29192,Nepalese Rupee,Mar 2023 [Phalgun 2079],Himal Power Ltd (NPR),KATHMANDU (N),Khimti JVC,Fund transfer-Petty cash,Fund transfer-Petty cash,1
194614,N-1033,4/10/2023,N-1033,19212N NMB/NPR0200010920300012 CUR  (N),,NPR,30000000,0,30000000,0,Nepalese Rupee,Apr 2023 [Chaitra 2079],Himal Power Ltd (NPR),KATHMANDU (N),Khimti JVC,FD-NMB,FD-NMB,1
194614,N-1033,4/10/2023,N-1033,,19720(N) Fixed Deposit NMB (N),NPR,0,30000000,0,30000000,Nepalese Rupee,Apr 2023 [Chaitra 2079],Himal Power Ltd (NPR),KATHMANDU (N),Khimti JVC,FD-NMB,FD-NMB,1
194615,N-1034,4/6/2023,N-1034,19720(N) Fixed Deposit NMB (N),,NPR,30000000,0,30000000,0,Nepalese Rupee,Apr 2023 [Chaitra 2079],Himal Power Ltd (NPR),KATHMANDU (N),Khimti JVC,FD matured in NMB,FD matured in NMB,1
194615,N-1034,4/6/2023,N-1034,,19212N NMB/NPR0200010920300012 CUR  (N),NPR,0,30000000,0,30000000,Nepalese Rupee,Apr 2023 [Chaitra 2079],Himal Power Ltd (NPR),KATHMANDU (N),Khimti JVC,FD matured in NMB,FD matured in NMB,1
194818,N-1035,4/19/2023,N-1035,19212N NMB/NPR0200010920300012 CUR  (N),,NPR,24919,0,24919,0,Nepalese Rupee,May 2023 [Baisakh 2080],Himal Power Ltd (NPR),KATHMANDU (N),Khimti JVC,Petty Cash-Sunita,Petty Cash-Sunita,1
194818,N-1035,4/19/2023,N-1035,,19000N PettyCash/NPR Kathmandu (N),NPR,0,24919,0,24919,Nepalese Rupee,May 2023 [Baisakh 2080],Himal Power Ltd (NPR),KATHMANDU (N),Khimti JVC,Petty Cash-Sunita,Petty Cash-Sunita,1
194845,N-1036,4/18/2023,N-1036,19212N NMB/NPR0200010920300012 CUR  (N),,NPR,324603.79,0,324603.79,0,Nepalese Rupee,May 2023 [Baisakh 2080],Himal Power Ltd (NPR),KATHMANDU (N),Khimti JVC,Gratuity payment-Shankar Thakuri,Gratuity payment-Shankar Thakuri,1
194845,N-1036,4/18/2023,N-1036,,19700N CIT Gratuity Fund (ARF),NPR,0,324603.79,0,324603.79,Nepalese Rupee,May 2023 [Baisakh 2080],Himal Power Ltd (NPR),KATHMANDU (N),Khimti JVC,Gratuity payment-Shankar Thakuri,Gratuity payment-Shankar Thakuri,1
194849,N-1037,5/8/2023,N-1037,19212N NMB/NPR0200010920300012 CUR  (N),,NPR,200000000,0,200000000,0,Nepalese Rupee,May 2023 [Baisakh 2080],Himal Power Ltd (NPR),KATHMANDU (N),Khimti JVC,FD in NMB,FD in NMB,1
194849,N-1037,5/8/2023,N-1037,,19720(N) Fixed Deposit NMB (N),NPR,0,200000000,0,200000000,Nepalese Rupee,May 2023 [Baisakh 2080],Himal Power Ltd (NPR),KATHMANDU (N),Khimti JVC,FD in NMB,FD in NMB,1
194850,N-1038,5/5/2023,N-1038,19720(N) Fixed Deposit NMB (N),,NPR,200000000,0,200000000,0,Nepalese Rupee,May 2023 [Baisakh 2080],Himal Power Ltd (NPR),KATHMANDU (N),Khimti JVC,FD matured in NMB,FD matured in NMB,1
194850,N-1038,5/5/2023,N-1038,,19212N NMB/NPR0200010920300012 CUR  (N),NPR,0,200000000,0,200000000,Nepalese Rupee,May 2023 [Baisakh 2080],Himal Power Ltd (NPR),KATHMANDU (N),Khimti JVC,FD matured in NMB,FD matured in NMB,1
195643,N-1039,5/24/2023,N-1039,19212N NMB/NPR0200010920300012 CUR  (N),,NPR,25465,0,25465,0,Nepalese Rupee,Jun 2023 [Jestha 2080],Himal Power Ltd (NPR),KATHMANDU (N),Khimti JVC,Petty Cash-Sunita,Petty Cash-Sunita,1
195643,N-1039,5/24/2023,N-1039,,19000N PettyCash/NPR Kathmandu (N),NPR,0,25465,0,25465,Nepalese Rupee,Jun 2023 [Jestha 2080],Himal Power Ltd (NPR),KATHMANDU (N),Khimti JVC,Petty Cash-Sunita,Petty Cash-Sunita,1
195770,N-1040,5/31/2023,N-1040,19212N NMB/NPR0200010920300012 CUR  (N),,NPR,0,0,0,0,Nepalese Rupee,Jun 2023 [Jestha 2080],Himal Power Ltd (NPR),KATHMANDU (N),Khimti JVC,VOID,VOID,1
195770,N-1040,5/31/2023,N-1040,,19218N EBL/NPR 03500105200628 CUR  (N),NPR,0,0,0,0,Nepalese Rupee,Jun 2023 [Jestha 2080],Himal Power Ltd (NPR),KATHMANDU (N),Khimti JVC,Fund transfer from NMB to EBL,VOID,1
195819,N-1041,6/7/2023,N-1041,19212N NMB/NPR0200010920300012 CUR  (N),,NPR,21324,0,21324,0,Nepalese Rupee,Jun 2023 [Jestha 2080],Himal Power Ltd (NPR),KATHMANDU (N),Khimti JVC,Petty Cash-Sunita,Petty Cash-Sunita,1
195819,N-1041,6/7/2023,N-1041,,19000N PettyCash/NPR Kathmandu (N),NPR,0,21324,0,21324,Nepalese Rupee,Jun 2023 [Jestha 2080],Himal Power Ltd (NPR),KATHMANDU (N),Khimti JVC,Petty Cash-Sunita,Petty Cash-Sunita,1
195821,N-1042,6/7/2023,N-1042,19212N NMB/NPR0200010920300012 CUR  (N),,NPR,130000,0,130000,0,Nepalese Rupee,Jun 2023 [Jestha 2080],Himal Power Ltd (NPR),KATHMANDU (N),Khimti JVC,Fund transfer for GM's visa fee,Fund transfer for GM's visa fee,1
195821,N-1042,6/7/2023,N-1042,,19000N PettyCash/NPR Kathmandu (N),NPR,0,130000,0,130000,Nepalese Rupee,Jun 2023 [Jestha 2080],Himal Power Ltd (NPR),KATHMANDU (N),Khimti JVC,Fund transfer for GM's visa fee,Fund transfer for GM's visa fee,1
195943,N-1043,5/31/2023,N-1043,19218N EBL/NPR 03500105200628 CUR  (N),,NPR,0,0,0,0,Nepalese Rupee,Jun 2023 [Jestha 2080],Himal Power Ltd (NPR),KATHMANDU (N),Khimti JVC,VOID,VOID,1
195943,N-1043,5/31/2023,N-1043,,19212N NMB/NPR0200010920300012 CUR  (N),NPR,0,0,0,0,Nepalese Rupee,Jun 2023 [Jestha 2080],Himal Power Ltd (NPR),KATHMANDU (N),Khimti JVC,Transfer EBL to NMB,VOID,1
196061,N-1044,6/1/2023,N-1044,19212N NMB/NPR0200010920300012 CUR  (N),,NPR,40000000,0,40000000,0,Nepalese Rupee,Jun 2023 [Jestha 2080],Himal Power Ltd (NPR),KATHMANDU (N),Khimti JVC,Fund transfer from NMB to EBL,Fund transfer from NMB to EBL,1
196061,N-1044,6/1/2023,N-1044,,19218N EBL/NPR 03500105200628 CUR  (N),NPR,0,40000000,0,40000000,Nepalese Rupee,Jun 2023 [Jestha 2080],Himal Power Ltd (NPR),KATHMANDU (N),Khimti JVC,Fund transfer from NMB to EBL,Fund transfer from NMB to EBL,1
196217,N-1045,6/26/2023,N-1045,19218N EBL/NPR 03500105200628 CUR  (N),,NPR,5000000,0,5000000,0,Nepalese Rupee,Jul 2023 [Ashad 2080],Himal Power Ltd (NPR),KATHMANDU (N),Khimti JVC,Fund transfer from EBL to NMB,Fund transfer from EBL to NMB,1
196217,N-1045,6/26/2023,N-1045,,19212N NMB/NPR0200010920300012 CUR  (N),NPR,0,5000000,0,5000000,Nepalese Rupee,Jul 2023 [Ashad 2080],Himal Power Ltd (NPR),KATHMANDU (N),Khimti JVC,Fund transfer from EBL to NMB,Fund transfer from EBL to NMB,1
197015,N-1046,7/14/2023,N-1046,19212N NMB/NPR0200010920300012 CUR  (N),,NPR,29739.7,0,29739.7,0,Nepalese Rupee,Jul 2023 [Ashad 2080],Himal Power Ltd (NPR),KATHMANDU (N),Khimti JVC,Fund transfer-Petty cash,Fund transfer-Petty cash,1
197015,N-1046,7/14/2023,N-1046,,19000N PettyCash/NPR Kathmandu (N),NPR,0,29739.7,0,29739.7,Nepalese Rupee,Jul 2023 [Ashad 2080],Himal Power Ltd (NPR),KATHMANDU (N),Khimti JVC,Fund transfer-Petty cash,Fund transfer-Petty cash,1
197074,N-1047,7/7/2023,N-1047,19212N NMB/NPR0200010920300012 CUR  (N),,NPR,30000000,0,30000000,0,Nepalese Rupee,Jul 2023 [Ashad 2080],Himal Power Ltd (NPR),KATHMANDU (N),Khimti JVC,Fund transfer NMB to EBL,Fund transfer NMB to EBL,1
197074,N-1047,7/7/2023,N-1047,,19218N EBL/NPR 03500105200628 CUR  (N),NPR,0,30000000,0,30000000,Nepalese Rupee,Jul 2023 [Ashad 2080],Himal Power Ltd (NPR),KATHMANDU (N),Khimti JVC,Fund transfer NMB to EBL,Fund transfer NMB to EBL,1
197755,N-1048,6/1/2023,N-1048,19200N SCB/USD 01-0417319-51 CUR (N),,USD,8062.59,0,1058253.84,0,US Dollar,Jun 2023 [Jestha 2080],Himal Power Ltd (NPR),KATHMANDU (N),Khimti JVC,GM's salary payment,GM's salary payment,131.2548251
197755,N-1048,6/1/2023,N-1048,,19999N NPRClearing  (N),NPR,0,1058253.84,0,1058253.84,US Dollar,Jun 2023 [Jestha 2080],Himal Power Ltd (NPR),KATHMANDU (N),Khimti JVC,GM's salary payment,GM's salary payment,131.2548251
197900,N-1049,7/25/2023,N-1049,19218N EBL/NPR 03500105200628 CUR  (N),,NPR,10000000,0,10000000,0,Nepalese Rupee,Aug 2023 [Shrawan 2080],Himal Power Ltd (NPR),KATHMANDU (N),Khimti JVC,Fund transfer from EBL to NMB,Fund transfer from EBL to NMB,1
197900,N-1049,7/25/2023,N-1049,,19212N NMB/NPR0200010920300012 CUR  (N),NPR,0,10000000,0,10000000,Nepalese Rupee,Aug 2023 [Shrawan 2080],Himal Power Ltd (NPR),KATHMANDU (N),Khimti JVC,Fund transfer from EBL to NMB,Fund transfer from EBL to NMB,1
197909,N-1050,7/26/2023,N-1050,19212N NMB/NPR0200010920300012 CUR  (N),,NPR,46200,0,46200,0,Nepalese Rupee,Aug 2023 [Shrawan 2080],Himal Power Ltd (NPR),KATHMANDU (N),Khimti JVC,Fund transfer-Cash for Vehicle tax,Fund transfer-Cash for Vehicle tax,1
197909,N-1050,7/26/2023,N-1050,,19000N PettyCash/NPR Kathmandu (N),NPR,0,46200,0,46200,Nepalese Rupee,Aug 2023 [Shrawan 2080],Himal Power Ltd (NPR),KATHMANDU (N),Khimti JVC,Fund transfer-Cash for Vehicle tax,Fund transfer-Cash for Vehicle tax,1
198734,N-1051,9/12/2023,N-1051,19218N EBL/NPR 03500105200628 CUR  (N),,NPR,2000000,0,2000000,0,Nepalese Rupee,Sep 2023 [Bhadra 2080],Himal Power Ltd (NPR),KATHMANDU (N),Khimti JVC,Fund transfer EBL to NMB,Fund transfer EBL to NMB,1
198734,N-1051,9/12/2023,N-1051,,19212N NMB/NPR0200010920300012 CUR  (N),NPR,0,2000000,0,2000000,Nepalese Rupee,Sep 2023 [Bhadra 2080],Himal Power Ltd (NPR),KATHMANDU (N),Khimti JVC,Fund transfer EBL to NMB,Fund transfer EBL to NMB,1
198739,N-1052,9/15/2023,N-1052,19212N NMB/NPR0200010920300012 CUR  (N),,NPR,29706,0,29706,0,Nepalese Rupee,Sep 2023 [Bhadra 2080],Himal Power Ltd (NPR),KATHMANDU (N),Khimti JVC,Fund transfer-Petty cash,Fund transfer-Petty cash,1
198739,N-1052,9/15/2023,N-1052,,19000N PettyCash/NPR Kathmandu (N),NPR,0,29706,0,29706,Nepalese Rupee,Sep 2023 [Bhadra 2080],Himal Power Ltd (NPR),KATHMANDU (N),Khimti JVC,Fund transfer-Petty cash,Fund transfer-Petty cash,1
