161520,7/11/2020,INV/N-0000227,E5702070 (N) Bimala Khadka,Himal Power Ltd (NPR),Nepalese Rupee,KATHMANDU (N),,,,,,FIN,,Royalty receivable from NEA-Ashadh'76 to Magh'76 and capacity royalty,,7/11/2020,,,,,E5702070 (N) Bimala Khadka,,,No,1,"Nepal Electricity Authority (Royalty)
Durbar Marg,
Kathmandu Bagmati 
Nepal","Nepal Electricity Authority (Royalty)
Durbar Marg,
Kathmandu Bagmati 
Nepal",,,50022.NPR Nepal Electricity Authority (Royalty),50022.NPR Nepal Electricity Authority (Royalty),1,,76100 Royalty,Royalty from Ashadh'76 to Ashwin'76,FIN,KATHMANDU (N),0%,,,,,,0,FIN,KATHMANDU (N),,No,No,,No,,Bill #Royalty from Ashadh'76 to Ashwin'76,"(145,114,487.00)"," 145,114,487.00 ", 0.00 ," 145,114,487.00 "," 391,157,558.02 "
162806,7/30/2020,INV/N-0000230,E5702070 (N) Bimala Khadka,Himal Power Ltd (NPR),Nepalese Rupee,KATHMANDU (N),,,,,,FIN,,Royalty from  Phalgun'76 to Jestha'77 & Adjustments,,7/30/2020,,,,,E5702070 (N) Bimala Khadka,,,No,1,"Nepal Electricity Authority (Royalty)
Durbar Marg,
Kathmandu Bagmati 
Nepal","Nepal Electricity Authority (Royalty)
Durbar Marg,
Kathmandu Bagmati 
Nepal",,,50022.NPR Nepal Electricity Authority (Royalty),50022.NPR Nepal Electricity Authority (Royalty),1,,76100 Royalty,Royalty Adjustments,FIN,KATHMANDU (N),0%,,,,,,0,FIN,KATHMANDU (N),,No,No,,No,,Bill #Royalty from  Phalgun'76 to Jestha'77 & Adjus," 8,735,831.31 ","(8,735,831.31)", 0.00 ,"(8,735,831.31)"," 170,934,707.59 "
164346,10/7/2020,INV/N-0000231,E5702070 (N) Bimala Khadka,Himal Power Ltd (NPR),Nepalese Rupee,KATHMANDU (N),,,Due on receipt,,,Khimti JVC,,NEA NPR portion for Ashadh'77-5 days,,10/7/2020,,,,,E5702070 (N) Bimala Khadka,,,No,1,"Nepal Electricity Authority 
Durbar Marg, 
Kathmandu   
Nepal","Nepal Electricity Authority 
Durbar Marg, 
Kathmandu   
Nepal",,,50001.NPR Nepal Electricity Authority,50001.NPR Nepal Electricity Authority,1,,30100 PowerSaleFixPriceContract,NEA NPR portion for Ashadh'77-5 days,Khimti JVC,KATHMANDU (N),0%,Revenue : Contract Energy,2000,kWh,Kilo Watt-Hour,6976.33,0,Khimti JVC,KATHMANDU (N),,No,No,,No,,," 13,952,660.00 "," 13,952,660.00 ", 0.00 ," 13,952,660.00 "," 13,952,660.00 "
164351,10/7/2020,INV/N-0000232,E5702070 (N) Bimala Khadka,Himal Power Ltd (NPR),Nepalese Rupee,KATHMANDU (N),,,Due on receipt,,,Khimti JVC,,NEA NPR portion for Shrawan'77,,10/7/2020,,,,,E5702070 (N) Bimala Khadka,,,No,1,"Nepal Electricity Authority 
Durbar Marg, 
Kathmandu   
Nepal","Nepal Electricity Authority 
Durbar Marg, 
Kathmandu   
Nepal",,,50001.NPR Nepal Electricity Authority,50001.NPR Nepal Electricity Authority,1,,30100 PowerSaleFixPriceContract,NEA NPR portion for Shrawan'77,Khimti JVC,KATHMANDU (N),0%,Revenue : Contract Energy,2000,kWh,Kilo Watt-Hour,45415.25,0,Khimti JVC,KATHMANDU (N),,No,No,,No,,," 90,830,500.00 "," 90,830,500.00 ", 0.00 ," 90,830,500.00 "," 90,830,500.00 "
164354,10/7/2020,INV/N-0000233,E5702070 (N) Bimala Khadka,Himal Power Ltd (NPR),Nepalese Rupee,KATHMANDU (N),,,Due on receipt,,,Khimti JVC,,NEA NPR portion for Bhadra'77,,10/7/2020,,,,,E5702070 (N) Bimala Khadka,,,No,1,"Nepal Electricity Authority 
Durbar Marg, 
Kathmandu   
Nepal","Nepal Electricity Authority 
Durbar Marg, 
Kathmandu   
Nepal",,,50001.NPR Nepal Electricity Authority,50001.NPR Nepal Electricity Authority,1,,30100 PowerSaleFixPriceContract,NEA NPR portion for Bhadra'77,Khimti JVC,KATHMANDU (N),0%,Revenue : Contract Energy,2000,kWh,Kilo Watt-Hour,44122.85,0,Khimti JVC,KATHMANDU (N),,No,No,,No,,," 88,245,700.00 "," 88,245,700.00 ", 0.00 ," 88,245,700.00 "," 88,245,700.00 "
164355,10/7/2020,INV/N-0000234,E5702070 (N) Bimala Khadka,Himal Power Ltd (NPR),Nepalese Rupee,KATHMANDU (N),,,Due on receipt,,,Khimti JVC,,NEA NPR portion for Ashwin'77,,10/7/2020,,,,,E5702070 (N) Bimala Khadka,,,No,1,"Nepal Electricity Authority 
Durbar Marg, 
Kathmandu   
Nepal","Nepal Electricity Authority 
Durbar Marg, 
Kathmandu   
Nepal",,,50001.NPR Nepal Electricity Authority,50001.NPR Nepal Electricity Authority,1,,30100 PowerSaleFixPriceContract,NEA NPR portion for Ashwin'77,Khimti JVC,KATHMANDU (N),0%,Revenue : Contract Energy,2000,kWh,Kilo Watt-Hour,42836.3,0,Khimti JVC,KATHMANDU (N),,No,No,,No,,," 85,672,600.00 "," 85,672,600.00 ", 0.00 ," 85,672,600.00 "," 85,672,600.00 "
165129,10/4/2020,INV/N-0000235,E5702070 (N) Bimala Khadka,Himal Power Ltd (NPR),Nepalese Rupee,KATHMANDU (N),,,,,,FIN,,Royalty receivable from NEA-Ashadh'77,,10/4/2020,,,,,E5702070 (N) Bimala Khadka,,,No,1,"Nepal Electricity Authority (Royalty)
Durbar Marg,
Kathmandu Bagmati 
Nepal","Nepal Electricity Authority (Royalty)
Durbar Marg,
Kathmandu Bagmati 
Nepal",,,50022.NPR Nepal Electricity Authority (Royalty),50022.NPR Nepal Electricity Authority (Royalty),1,,76100 Royalty,Energy Generation Ashadh 2077,FIN,KATHMANDU (N),0%,,,,,,0,FIN,KATHMANDU (N),,No,No,,No,,Bill #Royalty from18 CHaitra 2076 to 25 Ashadh 2077,"(30,129,647.00)"," 30,129,647.00 ", 0.00 ," 30,129,647.00 "," 45,020,313.00 "
165238,11/15/2020,INV/N-0000236,E5503049 (N) Surya B Karki,Himal Power Ltd (NPR),Nepalese Rupee,KATHMANDU (N),,,Due on receipt,,,Khimti JVC,,NEA NPR portion for Kartik'77,,11/15/2020,,,,,E5503049 (N) Surya B Karki,,,No,1,"Nepal Electricity Authority 
Durbar Marg, 
Kathmandu   
Nepal","Nepal Electricity Authority 
Durbar Marg, 
Kathmandu   
Nepal",,,50001.NPR Nepal Electricity Authority,50001.NPR Nepal Electricity Authority,1,,30100 PowerSaleFixPriceContract,NEA NPR portion for Kartiik'77,Khimti JVC,KATHMANDU (N),0%,Revenue : Contract Energy,2000,kWh,Kilo Watt-Hour,43026.01,0,Khimti JVC,KATHMANDU (N),,No,No,,No,,," 86,052,020.00 "," 86,052,020.00 ", 0.00 ," 86,052,020.00 "," 86,052,020.00 "
166208,12/15/2020,INV/N-0000237,E5702070 (N) Bimala Khadka,Himal Power Ltd (NPR),Nepalese Rupee,KATHMANDU (N),,,Due on receipt,,,Khimti JVC,,NEA- Marg'77-Inv#006,,12/15/2020,,,,,E5702070 (N) Bimala Khadka,,,No,1,"Nepal Electricity Authority 
Durbar Marg, 
Kathmandu   
Nepal","Nepal Electricity Authority 
Durbar Marg, 
Kathmandu   
Nepal",,,50001.NPR Nepal Electricity Authority,50001.NPR Nepal Electricity Authority,2,,30100 PowerSaleFixPriceContract,Non Dispatch Energy (NDE)-Marg'77,Khimti JVC,KATHMANDU (N),0%,Revenue : Contract Energy,2,MWh,Mega Watt-Hour,98110,0,Khimti JVC,KATHMANDU (N),,No,No,,No,,," 196,220.00 "," 196,220.00 ", 0.00 ," 196,220.00 "," 423,800.00 "
166209,12/15/2020,INV/N-0000238,E5702070 (N) Bimala Khadka,Himal Power Ltd (NPR),Nepalese Rupee,KATHMANDU (N),,,Due on receipt,,,Khimti JVC,,NEA- Marg'77-Inv#005,,12/15/2020,,,,,E5702070 (N) Bimala Khadka,,,No,1,"Nepal Electricity Authority 
Durbar Marg, 
Kathmandu   
Nepal","Nepal Electricity Authority 
Durbar Marg, 
Kathmandu   
Nepal",,,50001.NPR Nepal Electricity Authority,50001.NPR Nepal Electricity Authority,1,,30100 PowerSaleFixPriceContract,NEA NPR portion for Marg'77,Khimti JVC,KATHMANDU (N),0%,Revenue : Contract Energy,2000,kWh,Kilo Watt-Hour,34618.98,0,Khimti JVC,KATHMANDU (N),,No,No,,No,,," 69,237,960.00 "," 69,237,960.00 ", 0.00 ," 69,237,960.00 "," 69,237,960.00 "
167499,1/13/2021,INV/N-0000239,E5702070 (N) Bimala Khadka,Himal Power Ltd (NPR),Nepalese Rupee,KATHMANDU (N),,,Due on receipt,,,Khimti JVC,,NEA- Poush'77-Inv#006,,1/13/2021,,,,,E5702070 (N) Bimala Khadka,,,No,1,"Nepal Electricity Authority 
Durbar Marg, 
Kathmandu   
Nepal","Nepal Electricity Authority 
Durbar Marg, 
Kathmandu   
Nepal",,,50001.NPR Nepal Electricity Authority,50001.NPR Nepal Electricity Authority,1,,30100 PowerSaleFixPriceContract,NEA NPR portion for Poush'77,Khimti JVC,KATHMANDU (N),0%,Revenue : Contract Energy,2000,kWh,Kilo Watt-Hour,24415.89,0,Khimti JVC,KATHMANDU (N),,No,No,,No,,," 48,831,780.00 "," 48,831,780.00 ", 0.00 ," 48,831,780.00 "," 48,831,780.00 "
168680,2/12/2021,INV/N-0000240,E5702070 (N) Bimala Khadka,Himal Power Ltd (NPR),Nepalese Rupee,KATHMANDU (N),,,Due on receipt,,,Khimti JVC,,NEA- Magh'77-Inv#007,,2/12/2021,,,,,E5702070 (N) Bimala Khadka,,,No,1,"Nepal Electricity Authority 
Durbar Marg, 
Kathmandu   
Nepal","Nepal Electricity Authority 
Durbar Marg, 
Kathmandu   
Nepal",,,50001.NPR Nepal Electricity Authority,50001.NPR Nepal Electricity Authority,1,,30100 PowerSaleFixPriceContract,NEA NPR portion for Magh'77,Khimti JVC,KATHMANDU (N),0%,Revenue : Contract Energy,2000,kWh,Kilo Watt-Hour,20183.77,0,Khimti JVC,KATHMANDU (N),,No,No,,No,,," 40,367,540.00 "," 40,367,540.00 ", 0.00 ," 40,367,540.00 "," 40,367,540.00 "
170351,3/13/2021,INV/N-0000241,E7010166 (N) Umesh Sharma,Himal Power Ltd (NPR),Nepalese Rupee,KATHMANDU (N),,,Due on receipt,,,Khimti JVC,,NEA- Phalgun'77-Inv#008,,3/21/2021,,,,,E7010166 (N) Umesh Sharma,,,,1,"Nepal Electricity Authority 
Durbar Marg, 
Kathmandu   
Nepal","Nepal Electricity Authority 
Durbar Marg, 
Kathmandu   
Nepal",,,50001.NPR Nepal Electricity Authority,50001.NPR Nepal Electricity Authority,1,,30100 PowerSaleFixPriceContract,NEA NPR portion for Phalgun'77,Khimti JVC,KATHMANDU (N),0%,Revenue : Contract Energy,2000,kWh,Kilo Watt-Hour,17103.23,0,Khimti JVC,KATHMANDU (N),,No,No,,No,,," 34,206,460.00 "," 34,206,460.00 ", 0.00 ," 34,206,460.00 "," 34,206,460.00 "
170582,5/13/2021,INV/N-0000242,E5702070 (N) Bimala Khadka,Himal Power Ltd (NPR),Nepalese Rupee,KATHMANDU (N),,,Due on receipt,,,Khimti JVC,,NEA- Baisakh'78-Inv#010,,5/13/2021,,,,,E5702070 (N) Bimala Khadka,,,No,1,"Nepal Electricity Authority 
Durbar Marg, 
Kathmandu   
Nepal","Nepal Electricity Authority 
Durbar Marg, 
Kathmandu   
Nepal",,,50001.NPR Nepal Electricity Authority,50001.NPR Nepal Electricity Authority,1,,30100 PowerSaleFixPriceContract,NEA NPR portion for Baisakh'78,Khimti JVC,KATHMANDU (N),0%,Revenue : Contract Energy,2000,kWh,Kilo Watt-Hour,17176.48,0,Khimti JVC,KATHMANDU (N),,No,No,,No,,," 34,352,960.00 "," 34,352,960.00 ", 0.00 ," 34,352,960.00 "," 34,352,960.00 "
170583,4/13/2021,INV/N-0000243,E5702070 (N) Bimala Khadka,Himal Power Ltd (NPR),Nepalese Rupee,KATHMANDU (N),,,Due on receipt,,,Khimti JVC,,NEA- Chaitra'77-Inv#009,,4/13/2021,,,,,E5702070 (N) Bimala Khadka,,,No,1,"Nepal Electricity Authority 
Durbar Marg, 
Kathmandu   
Nepal","Nepal Electricity Authority 
Durbar Marg, 
Kathmandu   
Nepal",,,50001.NPR Nepal Electricity Authority,50001.NPR Nepal Electricity Authority,1,,30100 PowerSaleFixPriceContract,NEA NPR portion for Chaitra'77,Khimti JVC,KATHMANDU (N),0%,Revenue : Contract Energy,2000,kWh,Kilo Watt-Hour,15599.93,0,Khimti JVC,KATHMANDU (N),,No,No,,No,,," 31,199,860.00 "," 31,199,860.00 ", 0.00 ," 31,199,860.00 "," 31,199,860.00 "
171981,6/14/2021,INV/N-0000244,E5702070 (N) Bimala Khadka,Himal Power Ltd (NPR),Nepalese Rupee,KATHMANDU (N),,,Due on receipt,,,Khimti JVC,,NEA- Jestha'78-Inv#011,,6/14/2021,,,,,E5702070 (N) Bimala Khadka,,,No,1,"Nepal Electricity Authority 
Durbar Marg, 
Kathmandu   
Nepal","Nepal Electricity Authority 
Durbar Marg, 
Kathmandu   
Nepal",,,50001.NPR Nepal Electricity Authority,50001.NPR Nepal Electricity Authority,1,,30100 PowerSaleFixPriceContract,NEA NPR portion for Jestha'78,Khimti JVC,KATHMANDU (N),0%,Revenue : Contract Energy,2000,kWh,Kilo Watt-Hour,28606.3,0,Khimti JVC,KATHMANDU (N),,No,No,,No,,," 57,212,600.00 "," 57,212,600.00 ", 0.00 ," 57,212,600.00 "," 57,212,600.00 "
173413,7/15/2021,INV/N-0000245,E5702070 (N) Bimala Khadka,Himal Power Ltd (NPR),Nepalese Rupee,KATHMANDU (N),,,Due on receipt,,,Khimti JVC,,NEA- Ashadh'78-Inv#012,,7/15/2021,,,,,E5702070 (N) Bimala Khadka,,,No,1,"Nepal Electricity Authority 
Durbar Marg, 
Kathmandu   
Nepal","Nepal Electricity Authority 
Durbar Marg, 
Kathmandu   
Nepal",,,50001.NPR Nepal Electricity Authority,50001.NPR Nepal Electricity Authority,1,,30100 PowerSaleFixPriceContract,NEA NPR portion for Ashadh'78,Khimti JVC,KATHMANDU (N),0%,Revenue : Contract Energy,2000,kWh,Kilo Watt-Hour,43313.25,0,Khimti JVC,KATHMANDU (N),,No,No,,No,,," 86,626,500.00 "," 86,626,500.00 ", 0.00 ," 86,626,500.00 "," 86,626,500.00 "
173416,8/16/2021,INV/N-0000246,E5702070 (N) Bimala Khadka,Himal Power Ltd (NPR),Nepalese Rupee,KATHMANDU (N),,,Due on receipt,,,Khimti JVC,,NEA- Shrawan'78-Inv#001,,8/16/2021,,,,,E5702070 (N) Bimala Khadka,,,No,1,"Nepal Electricity Authority 
Durbar Marg, 
Kathmandu   
Nepal","Nepal Electricity Authority 
Durbar Marg, 
Kathmandu   
Nepal",,,50001.NPR Nepal Electricity Authority,50001.NPR Nepal Electricity Authority,1,,30100 PowerSaleFixPriceContract,NEA NPR portion for Shrawan'78,Khimti JVC,KATHMANDU (N),0%,Revenue : Contract Energy,2000,kWh,Kilo Watt-Hour,45814.76,0,Khimti JVC,KATHMANDU (N),,No,No,,No,,," 91,629,520.00 "," 91,629,520.00 ", 0.00 ," 91,629,520.00 "," 91,629,520.00 "
174643,9/16/2021,INV/N-0000247,E5702070 (N) Bimala Khadka,Himal Power Ltd (NPR),Nepalese Rupee,KATHMANDU (N),,,Due on receipt,,,Khimti JVC,,NEA- Bhadra'78-Inv#002,,9/16/2021,,,,,E5702070 (N) Bimala Khadka,,,No,1,"Nepal Electricity Authority 
Durbar Marg, 
Kathmandu   
Nepal","Nepal Electricity Authority 
Durbar Marg, 
Kathmandu   
Nepal",,,50001.NPR Nepal Electricity Authority,50001.NPR Nepal Electricity Authority,1,,30100 PowerSaleFixPriceContract,NEA NPR portion for Bhadra'78,Khimti JVC,KATHMANDU (N),0%,Revenue : Contract Energy,2000,kWh,Kilo Watt-Hour,44291.45,0,Khimti JVC,KATHMANDU (N),,No,No,,No,,," 88,582,900.00 "," 88,582,900.00 ", 0.00 ," 88,582,900.00 "," 88,582,900.00 "
175578,10/17/2021,INV/N-0000248,E5702070 (N) Bimala Khadka,Himal Power Ltd (NPR),Nepalese Rupee,KATHMANDU (N),,,Due on receipt,,,Khimti JVC,,NEA- Ashwin'78-Inv#003,,10/17/2021,,,,,E5702070 (N) Bimala Khadka,,,No,1,"Nepal Electricity Authority 
Durbar Marg, 
Kathmandu   
Nepal","Nepal Electricity Authority 
Durbar Marg, 
Kathmandu   
Nepal",,,50001.NPR Nepal Electricity Authority,50001.NPR Nepal Electricity Authority,1,,30100 PowerSaleFixPriceContract,NEA NPR portion for Ashwin'78,Khimti JVC,KATHMANDU (N),0%,Revenue : Contract Energy,2000,kWh,Kilo Watt-Hour,43008.96,0,Khimti JVC,KATHMANDU (N),,No,No,,No,,," 86,017,920.00 "," 86,017,920.00 ", 0.00 ," 86,017,920.00 "," 86,017,920.00 "
176013,11/16/2021,INV/N-0000249,E5702070 (N) Bimala Khadka,Himal Power Ltd (NPR),Nepalese Rupee,KATHMANDU (N),,,Due on receipt,,,Khimti JVC,,NEA- Kartik'78-Inv#004,,11/16/2021,,,,,E5702070 (N) Bimala Khadka,,,No,1,"Nepal Electricity Authority 
Durbar Marg, 
Kathmandu   
Nepal","Nepal Electricity Authority 
Durbar Marg, 
Kathmandu   
Nepal",,,50001.NPR Nepal Electricity Authority,50001.NPR Nepal Electricity Authority,1,,30100 PowerSaleFixPriceContract,NEA NPR portion for Kartik'78,Khimti JVC,KATHMANDU (N),0%,Revenue : Contract Energy,2000,kWh,Kilo Watt-Hour,36874.63,0,Khimti JVC,KATHMANDU (N),,No,No,,No,,," 73,749,260.00 "," 73,749,260.00 ", 0.00 ," 73,749,260.00 "," 73,749,260.00 "
177629,12/15/2021,INV/N-0000250,E5702070 (N) Bimala Khadka,Himal Power Ltd (NPR),Nepalese Rupee,KATHMANDU (N),,,Due on receipt,,,Khimti JVC,,NEA- Marg'78-Inv#005,,12/15/2021,,,,,E5702070 (N) Bimala Khadka,,,No,1,"Nepal Electricity Authority 
Durbar Marg, 
Kathmandu   
Nepal","Nepal Electricity Authority 
Durbar Marg, 
Kathmandu   
Nepal",,,50001.NPR Nepal Electricity Authority,50001.NPR Nepal Electricity Authority,1,,30100 PowerSaleFixPriceContract,NEA- Marg'78-Inv#005,Khimti JVC,KATHMANDU (N),0%,Revenue : Contract Energy,2000,kWh,Kilo Watt-Hour,38177.9,0,Khimti JVC,KATHMANDU (N),,No,No,,No,,," 76,355,800.00 "," 76,355,800.00 ", 0.00 ," 76,355,800.00 "," 76,355,800.00 "
178746,1/14/2022,INV/N-0000251,E5702070 (N) Bimala Khadka,Himal Power Ltd (NPR),Nepalese Rupee,KATHMANDU (N),,,Due on receipt,,,Khimti JVC,,NEA- Poush'78-Inv#006,,1/14/2022,,,,,E5702070 (N) Bimala Khadka,,,No,1,"Nepal Electricity Authority 
Durbar Marg, 
Kathmandu   
Nepal","Nepal Electricity Authority 
Durbar Marg, 
Kathmandu   
Nepal",,,50001.NPR Nepal Electricity Authority,50001.NPR Nepal Electricity Authority,1,,30100 PowerSaleFixPriceContract,NEA- Poush'78-Inv#006,Khimti JVC,KATHMANDU (N),0%,Revenue : Contract Energy,2000,kWh,Kilo Watt-Hour,31924.41,0,Khimti JVC,KATHMANDU (N),,No,No,,No,,," 63,848,820.00 "," 63,848,820.00 ", 0.00 ," 63,848,820.00 "," 63,848,820.00 "
179806,2/12/2022,INV/N-0000252,E5702070 (N) Bimala Khadka,Himal Power Ltd (NPR),Nepalese Rupee,KATHMANDU (N),,,Due on receipt,,,Khimti JVC,,NEA- Magh'78-Inv#007,,2/12/2022,,,,,E5702070 (N) Bimala Khadka,,,No,1,"Nepal Electricity Authority 
Durbar Marg, 
Kathmandu   
Nepal","Nepal Electricity Authority 
Durbar Marg, 
Kathmandu   
Nepal",,,50001.NPR Nepal Electricity Authority,50001.NPR Nepal Electricity Authority,1,,30100 PowerSaleFixPriceContract,NEA- Magh'78-Inv#007,Khimti JVC,KATHMANDU (N),0%,Revenue : Contract Energy,2000,kWh,Kilo Watt-Hour,24447.73,0,Khimti JVC,KATHMANDU (N),,No,No,,No,,," 48,895,460.00 "," 48,895,460.00 ", 0.00 ," 48,895,460.00 "," 48,895,460.00 "
181024,3/14/2022,INV/N-0000253,E5702070 (N) Bimala Khadka,Himal Power Ltd (NPR),Nepalese Rupee,KATHMANDU (N),,,Due on receipt,,,Khimti JVC,,NEA- Phalgun'78-Inv#008,,3/14/2022,,,,,E5702070 (N) Bimala Khadka,,,No,1,"Nepal Electricity Authority 
Durbar Marg, 
Kathmandu   
Nepal","Nepal Electricity Authority 
Durbar Marg, 
Kathmandu   
Nepal",,,50001.NPR Nepal Electricity Authority,50001.NPR Nepal Electricity Authority,1,,30100 PowerSaleFixPriceContract,NEA- Phalgun'78-Inv#008,Khimti JVC,KATHMANDU (N),0%,Revenue : Contract Energy,2000,kWh,Kilo Watt-Hour,20435.8,0,Khimti JVC,KATHMANDU (N),,No,No,,No,,," 40,871,600.00 "," 40,871,600.00 ", 0.00 ," 40,871,600.00 "," 40,871,600.00 "
182328,4/12/2022,INV/N-0000254,E5702070 (N) Bimala Khadka,Himal Power Ltd (NPR),Nepalese Rupee,KATHMANDU (N),,,Due on receipt,,,Khimti JVC,,NEA- Chaitra'78-Inv#009,,4/12/2022,,,,,E5702070 (N) Bimala Khadka,,,No,1,"Nepal Electricity Authority 
Durbar Marg, 
Kathmandu   
Nepal","Nepal Electricity Authority 
Durbar Marg, 
Kathmandu   
Nepal",,,50001.NPR Nepal Electricity Authority,50001.NPR Nepal Electricity Authority,1,,30100 PowerSaleFixPriceContract,NEA- Chaitra'78-Inv#009,Khimti JVC,KATHMANDU (N),0%,Revenue : Contract Energy,2000,kWh,Kilo Watt-Hour,19361.38,0,Khimti JVC,KATHMANDU (N),,No,No,,No,,," 38,722,760.00 "," 38,722,760.00 ", 0.00 ," 38,722,760.00 "," 38,722,760.00 "
182732,5/14/2022,INV/N-0000255,E5702070 (N) Bimala Khadka,Himal Power Ltd (NPR),Nepalese Rupee,KATHMANDU (N),,,Due on receipt,,,Khimti JVC,,NEA- Baisakh'79-Inv#010,,5/14/2022,,,,,E5702070 (N) Bimala Khadka,,,No,1,"Nepal Electricity Authority 
Durbar Marg, 
Kathmandu   
Nepal","Nepal Electricity Authority 
Durbar Marg, 
Kathmandu   
Nepal",,,50001.NPR Nepal Electricity Authority,50001.NPR Nepal Electricity Authority,1,,30100 PowerSaleFixPriceContract,NEA- Baisakh'79-Inv#010,Khimti JVC,KATHMANDU (N),0%,Revenue : Contract Energy,2000,kWh,Kilo Watt-Hour,21420.09,0,Khimti JVC,KATHMANDU (N),,No,No,,No,,," 42,840,180.00 "," 42,840,180.00 ", 0.00 ," 42,840,180.00 "," 42,840,180.00 "
182735,6/14/2022,INV/N-0000256,E5702070 (N) Bimala Khadka,Himal Power Ltd (NPR),Nepalese Rupee,KATHMANDU (N),,,Due on receipt,,,Khimti JVC,,NEA- Jestha'79-Inv#011,,6/14/2022,,,,,E5702070 (N) Bimala Khadka,,,No,1,"Nepal Electricity Authority 
Durbar Marg, 
Kathmandu   
Nepal","Nepal Electricity Authority 
Durbar Marg, 
Kathmandu   
Nepal",,,50001.NPR Nepal Electricity Authority,50001.NPR Nepal Electricity Authority,1,,30100 PowerSaleFixPriceContract,NEA- Jestha'79-Inv#011,Khimti JVC,KATHMANDU (N),0%,Revenue : Contract Energy,2000,kWh,Kilo Watt-Hour,34215.89,0,Khimti JVC,KATHMANDU (N),,No,No,,No,,," 68,431,780.00 "," 68,431,780.00 ", 0.00 ," 68,431,780.00 "," 68,431,780.00 "
184680,7/16/2022,INV/N-0000257,E5702070 (N) Bimala Khadka,Himal Power Ltd (NPR),Nepalese Rupee,KATHMANDU (N),,,Due on receipt,,,Khimti JVC,,NEA- Ashadh'79-Inv#012,,7/16/2022,,,,,E5702070 (N) Bimala Khadka,,,No,1,"Nepal Electricity Authority 
Durbar Marg, 
Kathmandu   
Nepal","Nepal Electricity Authority 
Durbar Marg, 
Kathmandu   
Nepal",,,50001.NPR Nepal Electricity Authority,50001.NPR Nepal Electricity Authority,1,,30100 PowerSaleFixPriceContract,NEA- Ashadh'79-Inv#012,Khimti JVC,KATHMANDU (N),0%,Revenue : Contract Energy,2000,kWh,Kilo Watt-Hour,45368.52,0,Khimti JVC,KATHMANDU (N),,No,No,,No,,," 90,737,040.00 "," 90,737,040.00 ", 0.00 ," 90,737,040.00 "," 90,737,040.00 "
185520,8/31/2022,INV/N-0000258,E5705140 Ashok  Neupane,Himal Power Ltd (NPR),Nepalese Rupee,KATHMANDU (N),,,Due on receipt,,,Khimti JVC,,Test Data to credit memo for IRD Report,,8/31/2022,,,,,E5705140 Ashok  Neupane,,,,1,"Nepal Electricity Authority 
Durbar Marg, 
Kathmandu   
Nepal","Nepal Electricity Authority 
Durbar Marg, 
Kathmandu   
Nepal",,,50001.NPR Nepal Electricity Authority,50001.NPR Nepal Electricity Authority,1,,30100 PowerSaleFixPriceContract,NEA- Ashadh'79-Inv#012,Khimti JVC,KATHMANDU (N),0%,Revenue : Contract Energy,1000,kWh,Kilo Watt-Hour,0.001,0,Khimti JVC,KATHMANDU (N),,No,No,,No,,, 1.00 , 1.00 , 0.00 , 1.00 , 1.00 
186265,8/16/2022,INV/N-0000259,E5702070 (N) Bimala Khadka,Himal Power Ltd (NPR),Nepalese Rupee,KATHMANDU (N),,,Due on receipt,,,Khimti JVC,,NEA- Shrawan'79-Inv#001,,8/16/2022,,,,,E5702070 (N) Bimala Khadka,,,No,1,"Nepal Electricity Authority 
Durbar Marg, 
Kathmandu   
Nepal","Nepal Electricity Authority 
Durbar Marg, 
Kathmandu   
Nepal",,,50001.NPR Nepal Electricity Authority,50001.NPR Nepal Electricity Authority,1,,30100 PowerSaleFixPriceContract,NEA- Shrawan'79-Inv#001,Khimti JVC,KATHMANDU (N),0%,Revenue : Contract Energy,2000,kWh,Kilo Watt-Hour,44547.64,0,Khimti JVC,KATHMANDU (N),,No,No,,No,,," 89,095,280.00 "," 89,095,280.00 ", 0.00 ," 89,095,280.00 "," 89,095,280.00 "
186314,9/12/2022,INV/N-0000260,E7010166 (N) Umesh Sharma,Himal Power Ltd (NPR),Nepalese Rupee,KATHMANDU (N),,,Due on receipt,,,Khimti JVC,,test,,8/1/2022,,,,,E7010166 (N) Umesh Sharma,,,No,1,"Nepal Electricity Authority
Durbar Marg,
Kathmandu  
Nepal","Nepal Electricity Authority
Durbar Marg,
Kathmandu  
Nepal",,,50001.NPR Nepal Electricity Authority,50001.NPR Nepal Electricity Authority,1,,30100 PowerSaleFixPriceContract,test,Khimti JVC,KATHMANDU (N),0%,Revenue : Contract Energy,2,MWh,Mega Watt-Hour,1,0,Khimti JVC,KATHMANDU (N),,No,No,,No,,, 2.00 , 2.00 , 0.00 , 2.00 , 2.00 
186531,9/16/2022,INV/N-0000261,E5702070 (N) Bimala Khadka,Himal Power Ltd (NPR),Nepalese Rupee,KATHMANDU (N),,,Due on receipt,,,Khimti JVC,,NEA- Bhadra'79-Inv#002,,9/16/2022,,,,,E5702070 (N) Bimala Khadka,,,No,1,"Nepal Electricity Authority 
Durbar Marg, 
Kathmandu   
Nepal","Nepal Electricity Authority 
Durbar Marg, 
Kathmandu   
Nepal",,,50001.NPR Nepal Electricity Authority,50001.NPR Nepal Electricity Authority,1,,30100 PowerSaleFixPriceContract,NEA- Bhadra'79-Inv#002,Khimti JVC,KATHMANDU (N),0%,Revenue : Contract Energy,2000,kWh,Kilo Watt-Hour,44367.63,0,Khimti JVC,KATHMANDU (N),,No,No,,No,,," 88,735,260.00 "," 88,735,260.00 ", 0.00 ," 88,735,260.00 "," 88,735,260.00 "
187233,10/13/2022,INV/N-0000262,E5702070 (N) Bimala Khadka,Himal Power Ltd (NPR),Nepalese Rupee,KATHMANDU (N),,,Due on receipt,,,Khimti JVC,,VOID,,10/13/2022,,,,,E5702070 (N) Bimala Khadka,,,No,1,"Nepal Electricity Authority 
Durbar Marg, 
Kathmandu   
Nepal","Nepal Electricity Authority 
Durbar Marg, 
Kathmandu   
Nepal",,,50001.NPR Nepal Electricity Authority,50001.NPR Nepal Electricity Authority,1,,30100 PowerSaleFixPriceContract,NEA- Ashadh'79-Inv#012,Khimti JVC,KATHMANDU (N),0%,Revenue : Contract Energy,2000,kWh,Kilo Watt-Hour,0,0,Khimti JVC,KATHMANDU (N),,No,No,,No,,, 0.00 , 0.00 , 0.00 , 0.00 , 0.00 
187234,10/13/2022,INV/N-0000263,E5702070 (N) Bimala Khadka,Himal Power Ltd (NPR),Nepalese Rupee,KATHMANDU (N),,,Due on receipt,,,Khimti JVC,,VOID,,10/13/2022,,,,,E5702070 (N) Bimala Khadka,,,No,1,"Nepal Electricity Authority 
Durbar Marg, 
Kathmandu   
Nepal","Nepal Electricity Authority 
Durbar Marg, 
Kathmandu   
Nepal",,,50001.NPR Nepal Electricity Authority,50001.NPR Nepal Electricity Authority,1,,30100 PowerSaleFixPriceContract,NEA- Shrawan'79-Inv#001,Khimti JVC,KATHMANDU (N),0%,Revenue : Contract Energy,2000,kWh,Kilo Watt-Hour,0,0,Khimti JVC,KATHMANDU (N),,No,No,,No,,, 0.00 , 0.00 , 0.00 , 0.00 , 0.00 
187235,10/13/2022,INV/N-0000264,E5702070 (N) Bimala Khadka,Himal Power Ltd (NPR),Nepalese Rupee,KATHMANDU (N),,,Due on receipt,,,Khimti JVC,,VOID,,10/13/2022,,,,,E5702070 (N) Bimala Khadka,,,No,1,"Nepal Electricity Authority 
Durbar Marg, 
Kathmandu   
Nepal","Nepal Electricity Authority 
Durbar Marg, 
Kathmandu   
Nepal",,,50001.NPR Nepal Electricity Authority,50001.NPR Nepal Electricity Authority,1,,30100 PowerSaleFixPriceContract,NEA- Bhadra'79-Inv#002,Khimti JVC,KATHMANDU (N),0%,Revenue : Contract Energy,2000,kWh,Kilo Watt-Hour,0,0,Khimti JVC,KATHMANDU (N),,No,No,,No,,, 0.00 , 0.00 , 0.00 , 0.00 , 0.00 
187236,10/13/2022,INV/N-0000001-2079/80,E5702070 (N) Bimala Khadka,Himal Power Ltd (NPR),Nepalese Rupee,KATHMANDU (N),,,Due on receipt,,,Khimti JVC,,001-2079/80-Ashadh'79,,10/13/2022,,,,,E5702070 (N) Bimala Khadka,,,No,1,"Nepal Electricity Authority
Durbar Marg,
Kathmandu  
Nepal","Nepal Electricity Authority
Durbar Marg,
Kathmandu  
Nepal",,,50001.NPR Nepal Electricity Authority,50001.NPR Nepal Electricity Authority,1,,30100 PowerSaleFixPriceContract,001-/2079/80-Ashadh'79,Khimti JVC,KATHMANDU (N),0%,Revenue : Contract Energy,2000,kWh,Kilo Watt-Hour,45368.52,0,Khimti JVC,KATHMANDU (N),,No,No,,No,,," 90,737,040.00 "," 90,737,040.00 ", 0.00 ," 90,737,040.00 "," 90,737,040.00 "
187238,10/13/2022,INV/N-0000002-2079/80,E5702070 (N) Bimala Khadka,Himal Power Ltd (NPR),Nepalese Rupee,KATHMANDU (N),,,Due on receipt,,,Khimti JVC,,002-2079/80-Shrawan'79,,10/13/2022,,,,,E5702070 (N) Bimala Khadka,,,No,1,"Nepal Electricity Authority
Durbar Marg,
Kathmandu  
Nepal","Nepal Electricity Authority
Durbar Marg,
Kathmandu  
Nepal",,,50001.NPR Nepal Electricity Authority,50001.NPR Nepal Electricity Authority,1,,30100 PowerSaleFixPriceContract,002-2079/80-Shrawan'79,Khimti JVC,KATHMANDU (N),0%,Revenue : Contract Energy,2000,kWh,Kilo Watt-Hour,44547.64,0,Khimti JVC,KATHMANDU (N),,No,No,,No,,," 89,095,280.00 "," 89,095,280.00 ", 0.00 ," 89,095,280.00 "," 89,095,280.00 "
187239,10/13/2022,INV/N-0000003-2079/80,E5702070 (N) Bimala Khadka,Himal Power Ltd (NPR),Nepalese Rupee,KATHMANDU (N),,,Due on receipt,,,Khimti JVC,,003-2079/80-Bhadra'79,,10/13/2022,,,,,E5702070 (N) Bimala Khadka,,,No,1,"Nepal Electricity Authority
Durbar Marg,
Kathmandu  
Nepal","Nepal Electricity Authority
Durbar Marg,
Kathmandu  
Nepal",,,50001.NPR Nepal Electricity Authority,50001.NPR Nepal Electricity Authority,1,,30100 PowerSaleFixPriceContract,003-2079/80-Bhadra'79,Khimti JVC,KATHMANDU (N),0%,Revenue : Contract Energy,2000,kWh,Kilo Watt-Hour,44367.63,0,Khimti JVC,KATHMANDU (N),,No,No,,No,,," 88,735,260.00 "," 88,735,260.00 ", 0.00 ," 88,735,260.00 "," 88,735,260.00 "
187403,10/20/2022,INV/N-0000006-2079/80,E7010166 (N) Umesh Sharma,Himal Power Ltd (NPR),Nepalese Rupee,KATHMANDU (N),,,Due on receipt,,,Khimti JVC,,004-2079/80-Ashwin'79,,10/20/2022,,,,,E7010166 (N) Umesh Sharma,,,,1,"Nepal Electricity Authority
Durbar Marg,
Kathmandu  
Nepal","Nepal Electricity Authority
Durbar Marg,
Kathmandu  
Nepal",,,50001.NPR Nepal Electricity Authority,50001.NPR Nepal Electricity Authority,1,,30100 PowerSaleFixPriceContract,004-2079/80-Ashwin'79,Khimti JVC,KATHMANDU (N),0%,Revenue : Contract Energy,2000,kWh,Kilo Watt-Hour,43282.16,0,Khimti JVC,KATHMANDU (N),,No,No,,No,,," 86,564,320.00 "," 86,564,320.00 ", 0.00 ," 86,564,320.00 "," 86,564,320.00 "
187747,11/18/2022,INV/N-0000007-2079/80,E7010166 (N) Umesh Sharma,Himal Power Ltd (NPR),Nepalese Rupee,KATHMANDU (N),,,Due on receipt,,,Khimti JVC,,007-2079/80-Kartik'79,,11/25/2022,,,,,E7010166 (N) Umesh Sharma,,,No,1,"Nepal Electricity Authority
Durbar Marg,
Kathmandu  
Nepal","Nepal Electricity Authority
Durbar Marg,
Kathmandu  
Nepal",,,50001.NPR Nepal Electricity Authority,50001.NPR Nepal Electricity Authority,1,,30100 PowerSaleFixPriceContract,007-2079/80-Kartik'79,Khimti JVC,KATHMANDU (N),0%,Revenue : Contract Energy,2000,kWh,Kilo Watt-Hour,43033.26,0,Khimti JVC,KATHMANDU (N),,No,No,,No,,," 86,066,520.00 "," 86,066,520.00 ", 0.00 ," 86,066,520.00 "," 86,066,520.00 "
189796,12/20/2022,INV/N-0000008-2079/80,E7010166 (N) Umesh Sharma,Himal Power Ltd (NPR),Nepalese Rupee,KATHMANDU (N),,,Due on receipt,,,Khimti JVC,,007-2079/80-Kartik'79,,12/20/2022,,,,,E7010166 (N) Umesh Sharma,,,,1,"Nepal Electricity Authority
Durbar Marg,
Kathmandu  
Nepal","Nepal Electricity Authority
Durbar Marg,
Kathmandu  
Nepal",,,50001.NPR Nepal Electricity Authority,50001.NPR Nepal Electricity Authority,1,,30100 PowerSaleFixPriceContract,008-2079/80-Mangsir'79,Khimti JVC,KATHMANDU (N),0%,Revenue : Contract Energy,2000,kWh,Kilo Watt-Hour,43033.26,0,Khimti JVC,KATHMANDU (N),,No,No,,No,,," 86,066,520.00 "," 86,066,520.00 ", 0.00 ," 86,066,520.00 "," 86,066,520.00 "
189798,12/20/2022,INV/N-0000009-2079/80,E7010166 (N) Umesh Sharma,Himal Power Ltd (NPR),Nepalese Rupee,KATHMANDU (N),,,Due on receipt,,,Khimti JVC,,007-2079/80-Kartik'79,,12/20/2022,,,,,E7010166 (N) Umesh Sharma,,,,1,"Nepal Electricity Authority
Durbar Marg,
Kathmandu  
Nepal","Nepal Electricity Authority
Durbar Marg,
Kathmandu  
Nepal",,,50001.NPR Nepal Electricity Authority,50001.NPR Nepal Electricity Authority,1,,30100 PowerSaleFixPriceContract,009-2079/80-Mangsir'79,Khimti JVC,KATHMANDU (N),0%,Revenue : Contract Energy,2000,kWh,Kilo Watt-Hour,36683.81,0,Khimti JVC,KATHMANDU (N),,No,No,,No,,," 73,367,620.00 "," 73,367,620.00 ", 0.00 ," 73,367,620.00 "," 73,367,620.00 "
190783,1/15/2023,INV/N-0000010-2079/80,E7010166 (N) Umesh Sharma,Himal Power Ltd (NPR),Nepalese Rupee,KATHMANDU (N),,,Due on receipt,,,Khimti JVC,,010-2079/80-Paush'79,,1/15/2023,,,,,E7010166 (N) Umesh Sharma,,,,1,"Nepal Electricity Authority
Durbar Marg,
Kathmandu  
Nepal","Nepal Electricity Authority
Durbar Marg,
Kathmandu  
Nepal",,,50001.NPR Nepal Electricity Authority,50001.NPR Nepal Electricity Authority,1,,30100 PowerSaleFixPriceContract,010-2079/80-Paush'79,Khimti JVC,KATHMANDU (N),0%,Revenue : Contract Energy,2000,kWh,Kilo Watt-Hour,27764.73,0,Khimti JVC,KATHMANDU (N),,No,No,,No,,," 55,529,460.00 "," 55,529,460.00 ", 0.00 ," 55,529,460.00 "," 55,529,460.00 "
191728,2/14/2023,INV/N-0000011-2079/80,E7010166 (N) Umesh Sharma,Himal Power Ltd (NPR),Nepalese Rupee,KATHMANDU (N),,,Due on receipt,,,Khimti JVC,,011-2079/80-Magh'79,,2/21/2023,,,,,E7010166 (N) Umesh Sharma,,,No,1,"Nepal Electricity Authority
Durbar Marg,
Kathmandu  
Nepal","Nepal Electricity Authority
Durbar Marg,
Kathmandu  
Nepal",,,50001.NPR Nepal Electricity Authority,50001.NPR Nepal Electricity Authority,1,,30100 PowerSaleFixPriceContract,011-2079/80-Magh'79,Khimti JVC,KATHMANDU (N),0%,Revenue : Contract Energy,2000,kWh,Kilo Watt-Hour,20839.13,0,Khimti JVC,KATHMANDU (N),,No,No,,No,,," 41,678,260.00 "," 41,678,260.00 ", 0.00 ," 41,678,260.00 "," 41,680,700.00 "
192758,3/16/2023,INV/N-0000012-2079/80,E7010166 (N) Umesh Sharma,Himal Power Ltd (NPR),Nepalese Rupee,KATHMANDU (N),,,Due on receipt,,,Khimti JVC,,012-2079/80-Phalgun'79,,3/16/2023,,,,,E7010166 (N) Umesh Sharma,,,No,1,"Nepal Electricity Authority
Durbar Marg,
Kathmandu  
Nepal","Nepal Electricity Authority
Durbar Marg,
Kathmandu  
Nepal",,,50001.NPR Nepal Electricity Authority,50001.NPR Nepal Electricity Authority,1,,30100 PowerSaleFixPriceContract,012-2079/80-Phalgun'79,Khimti JVC,KATHMANDU (N),0%,Revenue : Contract Energy,2000,kWh,Kilo Watt-Hour,18620.65,0,Khimti JVC,KATHMANDU (N),,No,No,,No,,," 37,241,300.00 "," 37,241,300.00 ", 0.00 ," 37,241,300.00 "," 37,241,300.00 "
193787,4/18/2023,INV/N-0000013-2079/80,E7010166 (N) Umesh Sharma,Himal Power Ltd (NPR),Nepalese Rupee,KATHMANDU (N),,,Due on receipt,,,Khimti JVC,,013-2079/80-Chaitra'79,,4/18/2023,,,,,E7010166 (N) Umesh Sharma,,,,1,"Nepal Electricity Authority
Durbar Marg,
Kathmandu  
Nepal","Nepal Electricity Authority
Durbar Marg,
Kathmandu  
Nepal",,,50001.NPR Nepal Electricity Authority,50001.NPR Nepal Electricity Authority,1,,30100 PowerSaleFixPriceContract,013-2079/80-Chaitra'79,Khimti JVC,KATHMANDU (N),0%,Revenue : Contract Energy,2000,kWh,Kilo Watt-Hour,20117.99,0,Khimti JVC,KATHMANDU (N),,No,No,,No,,," 40,235,980.00 "," 40,235,980.00 ", 0.00 ," 40,235,980.00 "," 40,235,980.00 "
194639,5/15/2023,INV/N-0000014-2079/80,E7010166 (N) Umesh Sharma,Himal Power Ltd (NPR),Nepalese Rupee,KATHMANDU (N),,,Due on receipt,,,Khimti JVC,,014-2079/80-Baisakh 2080,,5/15/2023,,,,,E7010166 (N) Umesh Sharma,,,,1,"Nepal Electricity Authority
Durbar Marg,
Kathmandu  
Nepal","Nepal Electricity Authority
Durbar Marg,
Kathmandu  
Nepal",,,50001.NPR Nepal Electricity Authority,50001.NPR Nepal Electricity Authority,1,,30100 PowerSaleFixPriceContract,014-2079/80-Baisakh'80,Khimti JVC,KATHMANDU (N),0%,Revenue : Contract Energy,2000,kWh,Kilo Watt-Hour,19474.81,0,Khimti JVC,KATHMANDU (N),,No,No,,No,,," 38,949,620.00 "," 38,949,620.00 ", 0.00 ," 38,949,620.00 "," 38,949,620.00 "
195856,6/15/2023,INV/N-0000015-2079/80,E7010166 (N) Umesh Sharma,Himal Power Ltd (NPR),Nepalese Rupee,KATHMANDU (N),,,Due on receipt,,,Khimti JVC,,015-2079/80-Jeshtha 2080,,6/15/2023,,,,,E7010166 (N) Umesh Sharma,,,,1,"Nepal Electricity Authority
Durbar Marg,
Kathmandu  
Nepal","Nepal Electricity Authority
Durbar Marg,
Kathmandu  
Nepal",,,50001.NPR Nepal Electricity Authority,50001.NPR Nepal Electricity Authority,1,,30100 PowerSaleFixPriceContract,015-2079/80-Jeshtha'80,Khimti JVC,KATHMANDU (N),0%,Revenue : Contract Energy,2000,kWh,Kilo Watt-Hour,31126.98,0,Khimti JVC,KATHMANDU (N),,No,No,,No,,," 62,253,960.00 "," 62,253,960.00 ", 0.00 ," 62,253,960.00 "," 62,253,960.00 "
197039,7/17/2023,INV/N-0000001-2080/81,E7010166 (N) Umesh Sharma,Himal Power Ltd (NPR),Nepalese Rupee,KATHMANDU (N),,,Due on receipt,,,Khimti JVC,,001-2080/81-Ashadh 2080,,7/17/2023,,,,,E7010166 (N) Umesh Sharma,,,,1,"Nepal Electricity Authority
Durbar Marg,
Kathmandu  
Nepal","Nepal Electricity Authority
Durbar Marg,
Kathmandu  
Nepal",,,50001.NPR Nepal Electricity Authority,50001.NPR Nepal Electricity Authority,1,,30100 PowerSaleFixPriceContract,001-2080/81-Ashadh'80,Khimti JVC,KATHMANDU (N),0%,Revenue : Contract Energy,2000,kWh,Kilo Watt-Hour,40723.02,0,Khimti JVC,KATHMANDU (N),,No,No,,No,,," 81,446,040.00 "," 81,446,040.00 ", 0.00 ," 81,446,040.00 "," 81,446,040.00 "
198657,9/15/2023,INV/N-0000002-2080/81,E7010166 (N) Umesh Sharma,Himal Power Ltd (NPR),Nepalese Rupee,KATHMANDU (N),,,Due on receipt,,,Khimti JVC,,002-2080/81-Shrawan 2080,,9/15/2023,,,,,E7010166 (N) Umesh Sharma,,,,1,"Nepal Electricity Authority
Durbar Marg,
Kathmandu  
Nepal","Nepal Electricity Authority
Durbar Marg,
Kathmandu  
Nepal",,,50001.NPR Nepal Electricity Authority,50001.NPR Nepal Electricity Authority,1,,30100 PowerSaleFixPriceContract,002-2080/81-Shrawan'80,Khimti JVC,KATHMANDU (N),0%,Revenue : Contract Energy,2000,kWh,Kilo Watt-Hour,41948.28,0,Khimti JVC,KATHMANDU (N),,No,No,,No,,," 83,896,560.00 "," 83,896,560.00 ", 0.00 ," 83,896,560.00 "," 83,896,560.00 "