198680,9/19/2023,Himal Power Ltd (NPR),Nepalese Rupee,1,,,70200 RepMaintMeansTransport, 325.00 , 0.00 ,V00012 (N) Vehicle (Ba 5 Cha 8293) Toyota Prado / VAT Reclassification of vendorbill #046,GJ/N-0010398,,E5702070 (N) Bimala Khadka,,Khimti JVC,KATHMANDU (N),,,,,V00012 (N) Vehicle (Ba 5 Cha 8293) Toyota Prado,,,,,Yes,Oct 2023 [Ashwin 2080],,Bill #046
198682,9/19/2023,Himal Power Ltd (NPR),Nepalese Rupee,1,,,66100 RepMaintMachinery," 2,535.00 ", 0.00 ,50053.NPR Himal Refrigeration & Electrical Industries Pvt. Ltd / VAT Reclassification of vendorbill #SB-0104,GJ/N-0010399,,E5702070 (N) Bimala Khadka,,Khimti JVC,KIRNE (N),,,,,50053.NPR Himal Refrigeration & Electrical Industries Pvt. Ltd,,,,,Yes,Oct 2023 [Ashwin 2080],,Bill #SB-0104
198692,9/19/2023,Himal Power Ltd (NPR),Nepalese Rupee,1,,,66900 OtherRepMaintCost, 357.50 , 0.00 ,50024.NPR BM Enterprises / VAT Reclassification of vendorbill #TI109-BME-80/81,GJ/N-0010401,,E5702070 (N) Bimala Khadka,,Khimti JVC,KIRNE (N),,,,,50024.NPR BM Enterprises,,,,,Yes,Oct 2023 [Ashwin 2080],,Bill #TI109-BME-80/81
198694,9/19/2023,Himal Power Ltd (NPR),Nepalese Rupee,1,,,65806 HSEEquipNotCap," 4,485.00 ", 0.00 ,50042.NPR Forheem Stationery / VAT Reclassification of vendorbill #022,GJ/N-0010402,,E5702070 (N) Bimala Khadka,,Khimti JVC,KIRNE (N),,,,,50042.NPR Forheem Stationery,,,,,Yes,Oct 2023 [Ashwin 2080],,Bill #022
198696,9/19/2023,Himal Power Ltd (NPR),Nepalese Rupee,1,,,65806 HSEEquipNotCap, 747.50 , 0.00 ,50808.NPR Bini International Pvt Ltd. / VAT Reclassification of vendorbill #019,GJ/N-0010403,,E5702070 (N) Bimala Khadka,,Khimti JVC,KIRNE (N),,,,,50808.NPR Bini International Pvt Ltd.,,,,,Yes,Oct 2023 [Ashwin 2080],,Bill #019
198698,9/19/2023,Himal Power Ltd (NPR),Nepalese Rupee,1,,,67900 OtherExternalService," 19,500.00 ", 0.00 ,50129.NPR Trans Himalayan Express Pvt. Ltd. / VAT Reclassification of vendorbill #011,GJ/N-0010404,,E5702070 (N) Bimala Khadka,,Khimti JVC,KIRNE (N),,,,,50129.NPR Trans Himalayan Express Pvt. Ltd.,,,,,Yes,Oct 2023 [Ashwin 2080],,Bill #011
198700,9/19/2023,Himal Power Ltd (NPR),Nepalese Rupee,1,,,12800 ComputerHardware," 71,902.65 ", 0.00 ,52447.NPR Megatech Group Private Limited / VAT Reclassification of vendorbill #HO0240-80-81,GJ/N-0010405,,E5702070 (N) Bimala Khadka,,Khimti JVC,KIRNE (N),,,,,52447.NPR Megatech Group Private Limited,,,,,Yes,Oct 2023 [Ashwin 2080],,Bill #HO0240-80-81
198703,9/19/2023,Himal Power Ltd (NPR),Nepalese Rupee,1,,,66100 RepMaintMachinery," 1,681.55 ", 0.00 ,50108.NPR Reliance Trade International Pvt. Ltd. / VAT Reclassification of vendorbill #0091,GJ/N-0010406,,E5702070 (N) Bimala Khadka,,Khimti JVC,KIRNE (N),,,,,50108.NPR Reliance Trade International Pvt. Ltd.,,,,,Yes,Oct 2023 [Ashwin 2080],,Bill #0091
198706,9/19/2023,Himal Power Ltd (NPR),Nepalese Rupee,1,,,68900 OtherOfficeExpense," 2,876.11 ", 0.00 ,51111.NPR Cas Trading House Pvt Ltd / VAT Reclassification of vendorbill #CTH-SI-080/81-0019,GJ/N-0010407,,E5702070 (N) Bimala Khadka,,Khimti JVC,KATHMANDU (N),,,,,51111.NPR Cas Trading House Pvt Ltd,,,,,Yes,Oct 2023 [Ashwin 2080],,Bill #CTH-SI-080/81-0019
198755,9/22/2023,Himal Power Ltd (NPR),Nepalese Rupee,1,,,67900 OtherExternalService," 2,901.76 ", 0.00 ,50942.NPR Suvidha Sewa Pvt Ltd / VAT Reclassification of vendorbill #SSSB80/00516,GJ/N-0010408,,E5702070 (N) Bimala Khadka,,Khimti JVC,KATHMANDU (N),,,,,50942.NPR Suvidha Sewa Pvt Ltd,,,,,Yes,Oct 2023 [Ashwin 2080],,Bill #SSSB80/00516
198779,9/27/2023,Himal Power Ltd (NPR),Nepalese Rupee,1,,,12100 FixedAssetUnderConstruction," 116,534.73 ", 0.00 ,22121(N) Turbine Rehabilitation / VAT Reclassification of vendorbill #NHE-TI/8081/017,GJ/N-0010409,,E5702070 (N) Bimala Khadka,,Khimti JVC,KIRNE (N),,,,,22121(N) Turbine Rehabilitation,,,,,Yes,Oct 2023 [Ashwin 2080],,Bill #NHE-TI/8081/017
198781,9/27/2023,Himal Power Ltd (NPR),Nepalese Rupee,1,,,70200 RepMaintMeansTransport, 416.00 , 0.00 ,V00016 (N) Vehicle (Ba 7 Cha 6264) Mitsubishi L200 / VAT Reclassification of vendorbill #053,GJ/N-0010410,,E5702070 (N) Bimala Khadka,,Khimti JVC,KIRNE (N),,,,,V00016 (N) Vehicle (Ba 7 Cha 6264) Mitsubishi L200,,,,,Yes,Oct 2023 [Ashwin 2080],,Bill #053
198790,9/28/2023,Himal Power Ltd (NPR),Nepalese Rupee,1,,,67900 OtherExternalService," 24,616.92 ", 0.00 ,50567.NPR G4S Security Services Nepal(P) Ltd / VAT Reclassification of vendorbill #SB80-00972-78,GJ/N-0010412,,E5702070 (N) Bimala Khadka,,Khimti JVC,KATHMANDU (N),,,,,50567.NPR G4S Security Services Nepal(P) Ltd,,,,,Yes,Oct 2023 [Ashwin 2080],,Bill #SB80-00972-78
198794,9/28/2023,Himal Power Ltd (NPR),Nepalese Rupee,1,,,65800 ComputerHardwareNotCap, 533.00 , 0.00 ,50847.NPR Prabhukiran Computers / VAT Reclassification of vendorbill #059,GJ/N-0010413,,E5702070 (N) Bimala Khadka,,Khimti JVC,KIRNE (N),,,,,50847.NPR Prabhukiran Computers,,,,,Yes,Oct 2023 [Ashwin 2080],,Bill #059
198796,9/28/2023,Himal Power Ltd (NPR),Nepalese Rupee,1,,,69100 MobileCharge," 2,976.78 ", 0.00 ,50030.NPR Constellation Pvt. Ltd. / VAT Reclassification of vendorbill #108,GJ/N-0010414,,E5702070 (N) Bimala Khadka,,Khimti JVC,PALATI (N),,,,,50030.NPR Constellation Pvt. Ltd.,,,,,Yes,Oct 2023 [Ashwin 2080],,Bill #108
198798,9/28/2023,Himal Power Ltd (NPR),Nepalese Rupee,1,,,70200 RepMaintMeansTransport," 2,307.50 ", 0.00 ,50010.NPR Amarsons International / VAT Reclassification of vendorbill #240,GJ/N-0010415,,E5702070 (N) Bimala Khadka,,Khimti JVC,KIRNE (N),,,,,50010.NPR Amarsons International,,,,,Yes,Oct 2023 [Ashwin 2080],,Bill #240
198818,9/29/2023,Himal Power Ltd (NPR),Nepalese Rupee,1,,,69200 InternetCharge," 18,876.00 ", 0.00 ,50143.NPR WorldLink Communications Pvt Ltd / VAT Reclassification of vendorbill #698781,GJ/N-0010419,,E5702070 (N) Bimala Khadka,,Khimti JVC,KIRNE (N),,,,,50143.NPR WorldLink Communications Pvt Ltd,,,,,Yes,Oct 2023 [Ashwin 2080],,Bill #698781
198825,10/2/2023,Himal Power Ltd (NPR),Nepalese Rupee,1,,,68900 OtherOfficeExpense, 99.52 , 0.00 ,52204.NPR Tirupati Trade General Suppliers / VAT Reclassification of vendorbill #256,GJ/N-0010420,,E5702070 (N) Bimala Khadka,,Khimti JVC,PALATI (N),,,,,52204.NPR Tirupati Trade General Suppliers,,,,,Yes,Oct 2023 [Ashwin 2080],,Bill #256
198860,9/29/2023,Himal Power Ltd (NPR),Nepalese Rupee,1,,,66180 RepMaintOfficeEquip," 1,495.58 ", 0.00 ,52488.NPR Orbit International / VAT Reclassification of vendorbill #0020,GJ/N-0010421,,E5702070 (N) Bimala Khadka,,Khimti JVC,KIRNE (N),,,,,52488.NPR Orbit International,,,,,Yes,Oct 2023 [Ashwin 2080],,Bill #0020
198890,10/9/2023,Himal Power Ltd (NPR),Nepalese Rupee,1,,,67900 OtherExternalService," 51,504.01 ", 0.00 ,50942.NPR Suvidha Sewa Pvt Ltd / VAT Reclassification of vendorbill #SSSB80/00707,GJ/N-0010422,,E5702070 (N) Bimala Khadka,,Khimti JVC,KATHMANDU (N),,,,,50942.NPR Suvidha Sewa Pvt Ltd,,,,,Yes,Oct 2023 [Ashwin 2080],,Bill #SSSB80/00707
198958,10/11/2023,Himal Power Ltd (NPR),Nepalese Rupee,1,,,68300 Stationery, 520.00 , 0.00 ,50048.NPR Graphic Plus Printer / VAT Reclassification of vendorbill #073,GJ/N-0010423,,E5702070 (N) Bimala Khadka,,Khimti JVC,KIRNE (N),,,,,50048.NPR Graphic Plus Printer,,,,,Yes,Oct 2023 [Ashwin 2080],,Bill #073
198970,10/11/2023,Himal Power Ltd (NPR),Nepalese Rupee,1,,,70200 RepMaintMeansTransport, 234.00 , 0.00 ,V00023 Vehicle (BA 18 cha 3023 ) Mitsubishi L-200 / VAT Reclassification of vendorbill #263,GJ/N-0010424,,E5702070 (N) Bimala Khadka,,Khimti JVC,KATHMANDU (N),,,,,V00023 Vehicle (BA 18 cha 3023 ) Mitsubishi L-200,,,,,Yes,Oct 2023 [Ashwin 2080],,Bill #263
198972,10/11/2023,Himal Power Ltd (NPR),Nepalese Rupee,1,,,68300 Stationery, 487.50 , 0.00 ,50568.NPR Prashant Trade & General Suppliers / VAT Reclassification of vendorbill #008,GJ/N-0010425,,E5702070 (N) Bimala Khadka,,Khimti JVC,KIRNE (N),,,,,50568.NPR Prashant Trade & General Suppliers,,,,,Yes,Oct 2023 [Ashwin 2080],,Bill #008
198974,10/11/2023,Himal Power Ltd (NPR),Nepalese Rupee,1,,,68300 Stationery, 409.50 , 0.00 ,50568.NPR Prashant Trade & General Suppliers / VAT Reclassification of vendorbill #009,GJ/N-0010426,,E5702070 (N) Bimala Khadka,,Khimti JVC,KATHMANDU (N),,,,,50568.NPR Prashant Trade & General Suppliers,,,,,Yes,Oct 2023 [Ashwin 2080],,Bill #009
198976,10/11/2023,Himal Power Ltd (NPR),Nepalese Rupee,1,,,70200 RepMaintMeansTransport, 195.00 , 0.00 ,V00013 (N) Vehicle (Ba 6 Cha 3524) Toyota Prado / VAT Reclassification of vendorbill #062,GJ/N-0010427,,E5702070 (N) Bimala Khadka,,Khimti JVC,KATHMANDU (N),,,,,V00013 (N) Vehicle (Ba 6 Cha 3524) Toyota Prado,,,,,Yes,Oct 2023 [Ashwin 2080],,Bill #062
198978,10/11/2023,Himal Power Ltd (NPR),Nepalese Rupee,1,,,68900 OtherOfficeExpense," 3,094.00 ", 0.00 ,50048.NPR Graphic Plus Printer / VAT Reclassification of vendorbill #051,GJ/N-0010428,,E5702070 (N) Bimala Khadka,,Khimti JVC,KIRNE (N),,,,,50048.NPR Graphic Plus Printer,,,,,Yes,Oct 2023 [Ashwin 2080],,Bill #051
198980,10/11/2023,Himal Power Ltd (NPR),Nepalese Rupee,1,,,65800 ComputerHardwareNotCap, 715.00 , 0.00 ,50847.NPR Prabhukiran Computers / VAT Reclassification of vendorbill #081,GJ/N-0010429,,E5702070 (N) Bimala Khadka,,Khimti JVC,KIRNE (N),,,,,50847.NPR Prabhukiran Computers,,,,,Yes,Oct 2023 [Ashwin 2080],,Bill #081
198982,10/11/2023,Himal Power Ltd (NPR),Nepalese Rupee,1,,,65800 ComputerHardwareNotCap, 292.50 , 0.00 ,52399.NPR Sunshine Technology and IT Solution Pvt. Ltd / VAT Reclassification of vendorbill #063,GJ/N-0010430,,E5702070 (N) Bimala Khadka,,Khimti JVC,KIRNE (N),,,,,52399.NPR Sunshine Technology and IT Solution Pvt. Ltd,,,,,Yes,Oct 2023 [Ashwin 2080],,Bill #063
198984,10/11/2023,Himal Power Ltd (NPR),Nepalese Rupee,1,,,65700 ToolNotCap, 240.50 , 0.00 ,52226.NPR Kul Solution Pvt. Ltd. / VAT Reclassification of vendorbill #024,GJ/N-0010431,,E5702070 (N) Bimala Khadka,,Khimti JVC,KIRNE (N),,,,,52226.NPR Kul Solution Pvt. Ltd.,,,,,Yes,Oct 2023 [Ashwin 2080],,Bill #024
198991,9/18/2023,Himal Power Ltd (NPR),Nepalese Rupee,1,,,30100 PowerSaleFixPriceContract," 83,789,740.00 ", 0.00 ,"accrual for Sep 2023 revenue, not shown in system due to e-billing",GJ/N-0010433,,E7010166 (N) Umesh Sharma,,Khimti JVC,KATHMANDU (N),,,,,,,,,,Yes,Oct 2023 [Ashwin 2080],,
199300,9/18/2023,Himal Power Ltd (NPR),Nepalese Rupee,1,,,81610 FXLossUnrealised, 0.00 ," 621,878,563.07 ",Unrealised gain on Shrawan  t/to correct account.,GJ/N-0010437,,E7010166 (N) Umesh Sharma,,FIN,KATHMANDU (N),,,,,,,,,,Yes,Oct 2023 [Ashwin 2080],,
199314,10/12/2023,Himal Power Ltd (NPR),Nepalese Rupee,1,,,67300 LegalService," 77,324.55 ", 0.00 ,52170.NPR Sinha Verma Law Concern Pvt. Ltd. / VAT Reclassification of vendorbill #080,GJ/N-0010447,,E5702070 (N) Bimala Khadka,,Khimti JVC,KATHMANDU (N),,,,,52170.NPR Sinha Verma Law Concern Pvt. Ltd.,,,,,Yes,Oct 2023 [Ashwin 2080],,Bill #080
199317,10/12/2023,Himal Power Ltd (NPR),Nepalese Rupee,1,,,67300 LegalService, 0.00 ," 504,096.59 ",Monthly retention charge Baisakh'80 to Ashadh'80-Sinha Verma,GJ/N-0010449,,E5702070 (N) Bimala Khadka,,Khimti JVC,KATHMANDU (N),,,,,,,,,,Yes,Oct 2023 [Ashwin 2080],,
199319,10/12/2023,Himal Power Ltd (NPR),Nepalese Rupee,1,,,68900 OtherOfficeExpense," 11,389.38 ", 0.00 ,51111.NPR Cas Trading House Pvt Ltd / VAT Reclassification of vendorbill #CTH-SI-080/81-0076,GJ/N-0010450,,E5702070 (N) Bimala Khadka,,Khimti JVC,KIRNE (N),,,,,51111.NPR Cas Trading House Pvt Ltd,,,,,Yes,Oct 2023 [Ashwin 2080],,Bill #CTH-SI-080/81-0076
199328,10/13/2023,Himal Power Ltd (NPR),Nepalese Rupee,1,,,68900 OtherOfficeExpense," 4,599.12 ", 0.00 ,50206.NRP Saleways Departmental Store Pvt. Ltd. / VAT Reclassification of vendorbill #7Inv,GJ/N-0010451,,E5702070 (N) Bimala Khadka,,Khimti JVC,KATHMANDU (N),,,,,50206.NRP Saleways Departmental Store Pvt. Ltd.,,,,,Yes,Oct 2023 [Ashwin 2080],,Bill #7Inv
199330,10/13/2023,Himal Power Ltd (NPR),Nepalese Rupee,1,,,68300 Stationery, 234.00 , 0.00 ,50373.NPR Technology Sales Pvt Ltd / VAT Reclassification of vendorbill #002,GJ/N-0010452,,E5702070 (N) Bimala Khadka,,Khimti JVC,KATHMANDU (N),,,,,50373.NPR Technology Sales Pvt Ltd,,,,,Yes,Oct 2023 [Ashwin 2080],,Bill #002
199347,10/16/2023,Himal Power Ltd (NPR),Nepalese Rupee,1,,,67900 OtherExternalService," 1,204.79 ", 0.00 ,50942.NPR Suvidha Sewa Pvt Ltd / VAT Reclassification of vendorbill #SSSB80/00860,GJ/N-0010453,,E5702070 (N) Bimala Khadka,,Khimti JVC,KATHMANDU (N),,,,,50942.NPR Suvidha Sewa Pvt Ltd,,,,,Yes,Oct 2023 [Ashwin 2080],,Bill #SSSB80/00860
199349,10/16/2023,Himal Power Ltd (NPR),Nepalese Rupee,1,,,67900 OtherExternalService," 34,741.06 ", 0.00 ,50942.NPR Suvidha Sewa Pvt Ltd / VAT Reclassification of vendorbill #SSSB80/00854,GJ/N-0010454,,E5702070 (N) Bimala Khadka,,Khimti JVC,KATHMANDU (N),,,,,50942.NPR Suvidha Sewa Pvt Ltd,,,,,Yes,Oct 2023 [Ashwin 2080],,Bill #SSSB80/00854
199386,10/17/2023,Himal Power Ltd (NPR),Nepalese Rupee,1,,,67900 OtherExternalService," 29,535.56 ", 0.00 ,50942.NPR Suvidha Sewa Pvt Ltd / VAT Reclassification of vendorbill #SSSB80/00919,GJ/N-0010455,,E5702070 (N) Bimala Khadka,,Khimti JVC,KATHMANDU (N),,,,,50942.NPR Suvidha Sewa Pvt Ltd,,,,,Yes,Oct 2023 [Ashwin 2080],,Bill #SSSB80/00919
199392,10/18/2023,Himal Power Ltd (NPR),Nepalese Rupee,1,,,67900 OtherExternalService," 2,265.22 ", 0.00 ,50937.NPR Smart Cleaning Solution Pvt Ltd / VAT Reclassification of vendorbill #SB-0054,GJ/N-0010456,,E5702070 (N) Bimala Khadka,,Khimti JVC,KATHMANDU (N),,,,,50937.NPR Smart Cleaning Solution Pvt Ltd,,,,,Yes,Nov 2023 [Kartik 2080],,Bill #SB-0054
199396,10/18/2023,Himal Power Ltd (NPR),Nepalese Rupee,1,,,70900 OtherExpensesMeansTransport, 523.84 , 0.00 ,22121(N) Turbine Rehabilitation / VAT Reclassification of vendorbill #DRB-23/24-965,GJ/N-0010457,,E5702070 (N) Bimala Khadka,,Khimti JVC,KIRNE (N),,,,,22121(N) Turbine Rehabilitation,,,,,Yes,Nov 2023 [Kartik 2080],,Bill #DRB-23/24-965
199398,10/18/2023,Himal Power Ltd (NPR),Nepalese Rupee,1,,,70200 RepMaintMeansTransport, 715.00 , 0.00 ,V00015 (N) Vehicle (Ba 6 Cha 8392) Toyota Hi-Lux / VAT Reclassification of vendorbill #061,GJ/N-0010458,,E5702070 (N) Bimala Khadka,,Khimti JVC,KIRNE (N),,,,,V00015 (N) Vehicle (Ba 6 Cha 8392) Toyota Hi-Lux,,,,,Yes,Nov 2023 [Kartik 2080],,Bill #061
199400,10/18/2023,Himal Power Ltd (NPR),Nepalese Rupee,1,,,65806 HSEEquipNotCap, 162.50 , 0.00 ,50024.NPR BM Enterprises / VAT Reclassification of vendorbill #TI258-BME-80/81,GJ/N-0010459,,E5702070 (N) Bimala Khadka,,Khimti JVC,KIRNE (N),,,,,50024.NPR BM Enterprises,,,,,Yes,Nov 2023 [Kartik 2080],,Bill #TI258-BME-80/81
199402,10/18/2023,Himal Power Ltd (NPR),Nepalese Rupee,1,,,65806 HSEEquipNotCap," 2,600.00 ", 0.00 ,50024.NPR BM Enterprises / VAT Reclassification of vendorbill #TI259-BME-80/81,GJ/N-0010460,,E5702070 (N) Bimala Khadka,,Khimti JVC,KIRNE (N),,,,,50024.NPR BM Enterprises,,,,,Yes,Nov 2023 [Kartik 2080],,Bill #TI259-BME-80/81
199404,10/18/2023,Himal Power Ltd (NPR),Nepalese Rupee,1,,,66030 RepMaintMachineTechPlantInstal," 4,707.69 ", 0.00 ,50598.NRS Jyoti Shree Nepal Pvt Ltd / VAT Reclassification of vendorbill #JSN-RUP-14-2080/081,GJ/N-0010461,,E5702070 (N) Bimala Khadka,,Khimti JVC,KIRNE (N),,,,,50598.NRS Jyoti Shree Nepal Pvt Ltd,,,,,Yes,Nov 2023 [Kartik 2080],,Bill #JSN-RUP-14-2080/081
199406,10/18/2023,Himal Power Ltd (NPR),Nepalese Rupee,1,,,66100 RepMaintMachinery, 578.45 , 0.00 ,52486.NPR MS Trading International / VAT Reclassification of vendorbill #SI-00456,GJ/N-0010462,,E5702070 (N) Bimala Khadka,,Khimti JVC,KIRNE (N),,,,,52486.NPR MS Trading International,,,,,Yes,Nov 2023 [Kartik 2080],,Bill #SI-00456
199409,10/18/2023,Himal Power Ltd (NPR),Nepalese Rupee,1,,,67900 OtherExternalService," 4,107.08 ", 0.00 ,52440.NPR Annex Logistic Pvt. Ltd / VAT Reclassification of vendorbill #016,GJ/N-0010463,,E5702070 (N) Bimala Khadka,,Khimti JVC,KIRNE (N),,,,,52440.NPR Annex Logistic Pvt. Ltd,,,,,Yes,Nov 2023 [Kartik 2080],,Bill #016
199411,10/18/2023,Himal Power Ltd (NPR),Nepalese Rupee,1,,,66900 OtherRepMaintCost," 1,430.00 ", 0.00 ,52470.NPR Panasonic Kitchen Equipment & Refrigerator Udyog Pvt. Ltd / VAT Reclassification of vendorbill #003,GJ/N-0010464,,E5702070 (N) Bimala Khadka,,Khimti JVC,KIRNE (N),,,,,52470.NPR Panasonic Kitchen Equipment & Refrigerator Udyog Pvt. Ltd,,,,,Yes,Nov 2023 [Kartik 2080],,Bill #003
199423,10/19/2023,Himal Power Ltd (NPR),Nepalese Rupee,1,,,66900 OtherRepMaintCost, 325.00 , 0.00 ,52152.NPR Anil Engineering Workshop / VAT Reclassification of vendorbill #13,GJ/N-0010465,,E5503049 (N) Surya B Karki,,Khimti JVC,KIRNE (N),,,,,52152.NPR Anil Engineering Workshop,,,,,Yes,Nov 2023 [Kartik 2080],,Bill #13
199428,10/19/2023,Himal Power Ltd (NPR),Nepalese Rupee,1,,,12100 FixedAssetUnderConstruction," 65,000.00 ", 0.00 ,52415.NPR Raindrop Inc. Pvt. Ltd. / VAT Reclassification of vendorbill #001,GJ/N-0010466,,E5702070 (N) Bimala Khadka,,Khimti JVC,KATHMANDU (N),,,,,52415.NPR Raindrop Inc. Pvt. Ltd.,,,,,Yes,Nov 2023 [Kartik 2080],,Bill #001
199467,9/29/2023,Himal Power Ltd (NPR),Nepalese Rupee,1,,,17000 PrepaidExpenses," 8,749,712.58 ", 0.00 ,52465.NPR Himalayan Everest Insurance Ltd / VAT Reclassification of vendorbill #KTM-23/24-2816,GJ/N-0010467,,E5702070 (N) Bimala Khadka,,Khimti JVC,KATHMANDU (N),,,,,52465.NPR Himalayan Everest Insurance Ltd,,,,,Yes,Oct 2023 [Ashwin 2080],,Bill #KTM-23/24-2816
199471,9/22/2023,Himal Power Ltd (NPR),Nepalese Rupee,1,,,52500 OtherEmployeeBenefit, 977.88 , 0.00 ,52472.NPR Hardik Fitness Club Pvt. Ltd. / VAT Reclassification of vendorbill #PI-JVC-394-3,GJ/N-0010468,,E5702070 (N) Bimala Khadka,,Khimti JVC,KATHMANDU (N),,,,,52472.NPR Hardik Fitness Club Pvt. Ltd.,,,,,Yes,Oct 2023 [Ashwin 2080],,Bill #PI-JVC-394-3
199522,10/11/2023,Himal Power Ltd (NPR),Nepalese Rupee,1,,,50000 SalaryLocalTaxable," 933,202.96 ", 0.00 ,Basic Salary,GJ/N-0010473,,E5702070 (N) Bimala Khadka,,Khimti JVC,KATHMANDU (N),,,,,,,,,,Yes,Oct 2023 [Ashwin 2080],,
199584,11/8/2023,Himal Power Ltd (NPR),Nepalese Rupee,1,,,59800 SocialEvent, 793.78 , 0.00 ,50206.NRP Saleways Departmental Store Pvt. Ltd. / VAT Reclassification of vendorbill #TI2894-MMX-000/01,GJ/N-0010474,,E5702070 (N) Bimala Khadka,,Khimti JVC,KIRNE (N),,,,,50206.NRP Saleways Departmental Store Pvt. Ltd.,,,,,Yes,Nov 2023 [Kartik 2080],,Bill #TI2894-MMX-000/01
199589,10/17/2023,Himal Power Ltd (NPR),Nepalese Rupee,1,,,75000 PlantAssetInsurance," 9,732,693.64 ", 0.00 ,Amortization Destination,GJ/N-0010475,Bill #KTM-23/24-669,E7010166 (N) Umesh Sharma,,Khimti JVC,KATHMANDU (N),,,,,52465.NPR Himalayan Everest Insurance Ltd,,,,,Yes,Oct 2023 [Ashwin 2080],,
200190,10/16/2023,Himal Power Ltd (NPR),Nepalese Rupee,1,,,81610 FXLossUnrealised," 621,869,625.96 ", 0.00 ,Unrealised gain on Shrawan  t/to correct account.,GJ/N-0010476,,E7010166 (N) Umesh Sharma,,FIN,KATHMANDU (N),,,,,,,10/19/2023,,,Yes,Oct 2023 [Ashwin 2080],GJ/N-0010477,
200191,10/19/2023,Himal Power Ltd (NPR),Nepalese Rupee,1,,,81610 FXLossUnrealised, 0.00 ," 621,869,625.96 ",Unrealised gain on Shrawan  t/to correct account.,GJ/N-0010477,,E7010166 (N) Umesh Sharma,,FIN,KATHMANDU (N),,,,,,,,,,Yes,Nov 2023 [Kartik 2080],,
200195,11/9/2023,Himal Power Ltd (NPR),Nepalese Rupee,1,,,67900 OtherExternalService," 2,644.88 ", 0.00 ,50942.NPR Suvidha Sewa Pvt Ltd / VAT Reclassification of vendorbill #SSSB80/01016,GJ/N-0010478,,E5702070 (N) Bimala Khadka,,Khimti JVC,KATHMANDU (N),,,,,50942.NPR Suvidha Sewa Pvt Ltd,,,,,Yes,Nov 2023 [Kartik 2080],,Bill #SSSB80/01016
200197,11/9/2023,Himal Power Ltd (NPR),Nepalese Rupee,1,,,70200 RepMaintMeansTransport, 195.00 , 0.00 ,V00020 (N) Vehicle (Ba 6 Cha 4691) Toyota Hi-Lux / VAT Reclassification of vendorbill #080,GJ/N-0010479,,E5702070 (N) Bimala Khadka,,Khimti JVC,KIRNE (N),,,,,V00020 (N) Vehicle (Ba 6 Cha 4691) Toyota Hi-Lux,,,,,Yes,Nov 2023 [Kartik 2080],,Bill #080
200199,11/9/2023,Himal Power Ltd (NPR),Nepalese Rupee,1,,,70200 RepMaintMeansTransport, 195.00 , 0.00 ,V00019 (N) Vehicle (Ba 6 Cha 8938) Toyota Hi-Lux / VAT Reclassification of vendorbill #081,GJ/N-0010480,,E5702070 (N) Bimala Khadka,,Khimti JVC,KATHMANDU (N),,,,,V00019 (N) Vehicle (Ba 6 Cha 8938) Toyota Hi-Lux,,,,,Yes,Nov 2023 [Kartik 2080],,Bill #081
200201,11/9/2023,Himal Power Ltd (NPR),Nepalese Rupee,1,,,70200 RepMaintMeansTransport, 260.00 , 0.00 ,V00011 (N) Vehicle (Ba 5 Cha 4498) Toyota Rav-4 / VAT Reclassification of vendorbill #082,GJ/N-0010481,,E5702070 (N) Bimala Khadka,,Khimti JVC,KATHMANDU (N),,,,,V00011 (N) Vehicle (Ba 5 Cha 4498) Toyota Rav-4,,,,,Yes,Nov 2023 [Kartik 2080],,Bill #082
200204,11/9/2023,Himal Power Ltd (NPR),Nepalese Rupee,1,,,68900 OtherOfficeExpense," 1,438.05 ", 0.00 ,52489.NPR Swifton Nepal Private Limited / VAT Reclassification of vendorbill #067,GJ/N-0010482,,E5702070 (N) Bimala Khadka,,Khimti JVC,KIRNE (N),,,,,52489.NPR Swifton Nepal Private Limited,,,,,Yes,Nov 2023 [Kartik 2080],,Bill #067
200206,11/9/2023,Himal Power Ltd (NPR),Nepalese Rupee,1,,,63600 CleaningPremises," 2,740.33 ", 0.00 ,50206.NRP Saleways Departmental Store Pvt. Ltd. / VAT Reclassification of vendorbill #2Inv,GJ/N-0010483,,E5702070 (N) Bimala Khadka,,Khimti JVC,KIRNE (N),,,,,50206.NRP Saleways Departmental Store Pvt. Ltd.,,,,,Yes,Nov 2023 [Kartik 2080],,Bill #2Inv
200208,11/9/2023,Himal Power Ltd (NPR),Nepalese Rupee,1,,,68900 OtherOfficeExpense," 3,227.64 ", 0.00 ,50206.NRP Saleways Departmental Store Pvt. Ltd. / VAT Reclassification of vendorbill #4Inv,GJ/N-0010484,,E5702070 (N) Bimala Khadka,,Khimti JVC,KATHMANDU (N),,,,,50206.NRP Saleways Departmental Store Pvt. Ltd.,,,,,Yes,Nov 2023 [Kartik 2080],,Bill #4Inv
200210,11/9/2023,Himal Power Ltd (NPR),Nepalese Rupee,1,,,63600 CleaningPremises, 912.60 , 0.00 ,50042.NPR Forheem Stationery / VAT Reclassification of vendorbill #57,GJ/N-0010485,,E5702070 (N) Bimala Khadka,,Khimti JVC,KIRNE (N),,,,,50042.NPR Forheem Stationery,,,,,Yes,Nov 2023 [Kartik 2080],,Bill #57
200213,11/9/2023,Himal Power Ltd (NPR),Nepalese Rupee,1,,,69100 MobileCharge," 1,985.41 ", 0.00 ,50030.NPR Constellation Pvt. Ltd. / VAT Reclassification of vendorbill #248,GJ/N-0010486,,E5702070 (N) Bimala Khadka,,Khimti JVC,KATHMANDU (N),,,,,50030.NPR Constellation Pvt. Ltd.,,,,,Yes,Nov 2023 [Kartik 2080],,Bill #248
200216,11/9/2023,Himal Power Ltd (NPR),Nepalese Rupee,1,,,63900 OtherPremisesExpense, 975.00 , 0.00 ,50787.NPR Nepal Environmental & Scientific Service (P) Ltd / VAT Reclassification of vendorbill #168,GJ/N-0010487,,E5702070 (N) Bimala Khadka,,Khimti JVC,KATHMANDU (N),,,,,50787.NPR Nepal Environmental & Scientific Service (P) Ltd,,,,,Yes,Nov 2023 [Kartik 2080],,Bill #168
200218,11/9/2023,Himal Power Ltd (NPR),Nepalese Rupee,1,,,68500 PantrySupplies," 2,238.75 ", 0.00 ,50206.NRP Saleways Departmental Store Pvt. Ltd. / VAT Reclassification of vendorbill #TI1760-MMX-080/81,GJ/N-0010488,,E5702070 (N) Bimala Khadka,,Khimti JVC,KIRNE (N),,,,,50206.NRP Saleways Departmental Store Pvt. Ltd.,,,,,Yes,Nov 2023 [Kartik 2080],,Bill #TI1760-MMX-080/81
200220,11/9/2023,Himal Power Ltd (NPR),Nepalese Rupee,1,,,66900 OtherRepMaintCost," 4,485.00 ", 0.00 ,50808.NPR Bini International Pvt Ltd. / VAT Reclassification of vendorbill #031,GJ/N-0010489,,E5702070 (N) Bimala Khadka,,Khimti JVC,PALATI (N),,,,,50808.NPR Bini International Pvt Ltd.,,,,,Yes,Nov 2023 [Kartik 2080],,Bill #031
200222,11/9/2023,Himal Power Ltd (NPR),Nepalese Rupee,1,,,66030 RepMaintMachineTechPlantInstal, 845.00 , 0.00 ,52228.NPR Bagmati Commercial Pvt Ltd / VAT Reclassification of vendorbill #067,GJ/N-0010490,,E5702070 (N) Bimala Khadka,,Khimti JVC,KIRNE (N),,,,,52228.NPR Bagmati Commercial Pvt Ltd,,,,,Yes,Nov 2023 [Kartik 2080],,Bill #067
200224,11/9/2023,Himal Power Ltd (NPR),Nepalese Rupee,1,,,65803 ElectricAppliancesNotCap," 1,872.00 ", 0.00 ,52288.NPR Machinery and Electric Pvt. Ltd / VAT Reclassification of vendorbill #SB-02699,GJ/N-0010491,,E5702070 (N) Bimala Khadka,,Khimti JVC,KIRNE (N),,,,,52288.NPR Machinery and Electric Pvt. Ltd,,,,,Yes,Nov 2023 [Kartik 2080],,Bill #SB-02699
200228,11/9/2023,Himal Power Ltd (NPR),Nepalese Rupee,1,,,66900 OtherRepMaintCost," 2,054.00 ", 0.00 ,50568.NPR Prashant Trade & General Suppliers / VAT Reclassification of vendorbill #022,GJ/N-0010492,,E5702070 (N) Bimala Khadka,,Khimti JVC,KIRNE (N),,,,,50568.NPR Prashant Trade & General Suppliers,,,,,Yes,Nov 2023 [Kartik 2080],,Bill #022
200230,11/9/2023,Himal Power Ltd (NPR),Nepalese Rupee,1,,,65803 ElectricAppliancesNotCap, 728.00 , 0.00 ,50568.NPR Prashant Trade & General Suppliers / VAT Reclassification of vendorbill #023,GJ/N-0010493,,E5702070 (N) Bimala Khadka,,Khimti JVC,KIRNE (N),,,,,50568.NPR Prashant Trade & General Suppliers,,,,,Yes,Nov 2023 [Kartik 2080],,Bill #023
200232,11/9/2023,Himal Power Ltd (NPR),Nepalese Rupee,1,,,67900 OtherExternalService," 130,000.00 ", 0.00 ,52458.NPR Tathya Consulting Group Pvt Ltd / VAT Reclassification of vendorbill #04,GJ/N-0010494,,E5702070 (N) Bimala Khadka,,Khimti JVC,KATHMANDU (N),,,,,52458.NPR Tathya Consulting Group Pvt Ltd,,,,,Yes,Nov 2023 [Kartik 2080],,Bill #04
200234,11/9/2023,Himal Power Ltd (NPR),Nepalese Rupee,1,,,67000 AuditService," 13,000.00 ", 0.00 ,52271.NPR SAR Associates / VAT Reclassification of vendorbill #SARA/0032/8081,GJ/N-0010495,,E5702070 (N) Bimala Khadka,,Khimti JVC,KATHMANDU (N),,,,,52271.NPR SAR Associates,,,,,Yes,Nov 2023 [Kartik 2080],,Bill #SARA/0032/8081
200236,11/9/2023,Himal Power Ltd (NPR),Nepalese Rupee,1,,,68500 PantrySupplies," 1,478.33 ", 0.00 ,50206.NRP Saleways Departmental Store Pvt. Ltd. / VAT Reclassification of vendorbill #TI1075-MMX-080/81,GJ/N-0010496,,E5702070 (N) Bimala Khadka,,Khimti JVC,KIRNE (N),,,,,50206.NRP Saleways Departmental Store Pvt. Ltd.,,,,,Yes,Nov 2023 [Kartik 2080],,Bill #TI1075-MMX-080/81
200239,11/9/2023,Himal Power Ltd (NPR),Nepalese Rupee,1,,,70200 RepMaintMeansTransport, 390.00 , 0.00 ,V00014 (N) Vehicle (Ba 6 Cha 8391) Toyota Hi-Lux / VAT Reclassification of vendorbill #016,GJ/N-0010497,,E5702070 (N) Bimala Khadka,,Khimti JVC,PALATI (N),,,,,V00014 (N) Vehicle (Ba 6 Cha 8391) Toyota Hi-Lux,,,,,Yes,Nov 2023 [Kartik 2080],,Bill #016
200262,11/10/2023,Himal Power Ltd (NPR),Nepalese Rupee,1,,,79010 Contribution," 5,522.12 ", 0.00 ,52493.NPR Labels Store Pvt Ltd / VAT Reclassification of vendorbill #TI4489-JAW-080/81,GJ/N-0010498,,E5702070 (N) Bimala Khadka,,Khimti JVC,KATHMANDU (N),,,,,52493.NPR Labels Store Pvt Ltd,,,,,Yes,Nov 2023 [Kartik 2080],,Bill #TI4489-JAW-080/81
200264,11/10/2023,Himal Power Ltd (NPR),Nepalese Rupee,1,,,67900 OtherExternalService," 34,741.06 ", 0.00 ,50942.NPR Suvidha Sewa Pvt Ltd / VAT Reclassification of vendorbill #SSSB80/01180,GJ/N-0010499,,E5702070 (N) Bimala Khadka,,Khimti JVC,KATHMANDU (N),,,,,50942.NPR Suvidha Sewa Pvt Ltd,,,,,Yes,Nov 2023 [Kartik 2080],,Bill #SSSB80/01180
200437,11/28/2023,Himal Power Ltd (NPR),Nepalese Rupee,1,,,70200 RepMaintMeansTransport, 130.00 , 0.00 ,V00011 (N) Vehicle (Ba 5 Cha 4498) Toyota Rav-4 / VAT Reclassification of vendorbill #099,GJ/N-0010500,,E5702070 (N) Bimala Khadka,,Khimti JVC,KATHMANDU (N),,,,,V00011 (N) Vehicle (Ba 5 Cha 4498) Toyota Rav-4,,,,,Yes,Dec 2023 [Mangsir 2080],,Bill #099
200439,11/28/2023,Himal Power Ltd (NPR),Nepalese Rupee,1,,,70200 RepMaintMeansTransport, 156.00 , 0.00 ,V00012 (N) Vehicle (Ba 5 Cha 8293) Toyota Prado / VAT Reclassification of vendorbill #097,GJ/N-0010501,,E5702070 (N) Bimala Khadka,,Khimti JVC,KATHMANDU (N),,,,,V00012 (N) Vehicle (Ba 5 Cha 8293) Toyota Prado,,,,,Yes,Dec 2023 [Mangsir 2080],,Bill #097
200441,11/28/2023,Himal Power Ltd (NPR),Nepalese Rupee,1,,,70200 RepMaintMeansTransport, 455.00 , 0.00 ,V00016 (N) Vehicle (Ba 7 Cha 6264) Mitsubishi L200 / VAT Reclassification of vendorbill #095,GJ/N-0010502,,E5702070 (N) Bimala Khadka,,Khimti JVC,KIRNE (N),,,,,V00016 (N) Vehicle (Ba 7 Cha 6264) Mitsubishi L200,,,,,Yes,Dec 2023 [Mangsir 2080],,Bill #095
200443,11/28/2023,Himal Power Ltd (NPR),Nepalese Rupee,1,,,68900 OtherOfficeExpense," 5,772.00 ", 0.00 ,50921.NPR Sparklink Enterprises Pvt Ltd / VAT Reclassification of vendorbill #80/81-170,GJ/N-0010503,,E5702070 (N) Bimala Khadka,,Khimti JVC,KATHMANDU (N),,,,,50921.NPR Sparklink Enterprises Pvt Ltd,,,,,Yes,Dec 2023 [Mangsir 2080],,Bill #80/81-170
200446,11/28/2023,Himal Power Ltd (NPR),Nepalese Rupee,1,,,68900 OtherOfficeExpense," 3,025.31 ", 0.00 ,50206.NRP Saleways Departmental Store Pvt. Ltd. / VAT Reclassification of vendorbill #5Inv,GJ/N-0010504,,E5702070 (N) Bimala Khadka,,Khimti JVC,KATHMANDU (N),,,,,50206.NRP Saleways Departmental Store Pvt. Ltd.,,,,,Yes,Dec 2023 [Mangsir 2080],,Bill #5Inv
200448,11/28/2023,Himal Power Ltd (NPR),Nepalese Rupee,1,,,69100 MobileCharge," 1,985.70 ", 0.00 ,50030.NPR Constellation Pvt. Ltd. / VAT Reclassification of vendorbill #365,GJ/N-0010505,,E5702070 (N) Bimala Khadka,,Khimti JVC,PALATI (N),,,,,50030.NPR Constellation Pvt. Ltd.,,,,,Yes,Dec 2023 [Mangsir 2080],,Bill #365
200450,11/28/2023,Himal Power Ltd (NPR),Nepalese Rupee,1,,,68900 OtherOfficeExpense, 637.00 , 0.00 ,50042.NPR Forheem Stationery / VAT Reclassification of vendorbill #63,GJ/N-0010506,,E5702070 (N) Bimala Khadka,,Khimti JVC,KIRNE (N),,,,,50042.NPR Forheem Stationery,,,,,Yes,Dec 2023 [Mangsir 2080],,Bill #63
200452,11/28/2023,Himal Power Ltd (NPR),Nepalese Rupee,1,,,17000 PrepaidExpenses, 94.47 , 0.00 ,52465.NPR Himalayan Everest Insurance Ltd / VAT Reclassification of vendorbill #DRB-23/24-1402,GJ/N-0010507,,E5702070 (N) Bimala Khadka,,Khimti JVC,KATHMANDU (N),,,,,52465.NPR Himalayan Everest Insurance Ltd,,,,,Yes,Dec 2023 [Mangsir 2080],,Bill #DRB-23/24-1402
200455,11/28/2023,Himal Power Ltd (NPR),Nepalese Rupee,1,,,67900 OtherExternalService," 1,930.50 ", 0.00 ,50216.NPR S. Four Trading Pvt Ltd. / VAT Reclassification of vendorbill #264,GJ/N-0010508,,E5702070 (N) Bimala Khadka,,Khimti JVC,KATHMANDU (N),,,,,50216.NPR S. Four Trading Pvt Ltd.,,,,,Yes,Dec 2023 [Mangsir 2080],,Bill #264
200457,11/28/2023,Himal Power Ltd (NPR),Nepalese Rupee,1,,,68900 OtherOfficeExpense," 1,170.00 ", 0.00 ,50847.NPR Prabhukiran Computers / VAT Reclassification of vendorbill #084,GJ/N-0010509,,E5702070 (N) Bimala Khadka,,Khimti JVC,KIRNE (N),,,,,50847.NPR Prabhukiran Computers,,,,,Yes,Dec 2023 [Mangsir 2080],,Bill #084
200460,11/28/2023,Himal Power Ltd (NPR),Nepalese Rupee,1,,,68900 OtherOfficeExpense," 5,772.00 ", 0.00 ,50921.NPR Sparklink Enterprises Pvt Ltd / VAT Reclassification of vendorbill #80/81-163,GJ/N-0010510,,E5702070 (N) Bimala Khadka,,Khimti JVC,KATHMANDU (N),,,,,50921.NPR Sparklink Enterprises Pvt Ltd,,,,,Yes,Dec 2023 [Mangsir 2080],,Bill #80/81-163
200462,11/28/2023,Himal Power Ltd (NPR),Nepalese Rupee,1,,,63600 CleaningPremises," 4,960.80 ", 0.00 ,50797.NPR Unique International Traders / VAT Reclassification of vendorbill #SI/0518/8081,GJ/N-0010511,,E5702070 (N) Bimala Khadka,,Khimti JVC,KIRNE (N),,,,,50797.NPR Unique International Traders,,,,,Yes,Dec 2023 [Mangsir 2080],,Bill #SI/0518/8081
200464,11/28/2023,Himal Power Ltd (NPR),Nepalese Rupee,1,,,68900 OtherOfficeExpense, 760.50 , 0.00 ,50042.NPR Forheem Stationery / VAT Reclassification of vendorbill #60,GJ/N-0010512,,E5702070 (N) Bimala Khadka,,Khimti JVC,KIRNE (N),,,,,50042.NPR Forheem Stationery,,,,,Yes,Dec 2023 [Mangsir 2080],,Bill #60
200466,11/28/2023,Himal Power Ltd (NPR),Nepalese Rupee,1,,,65806 HSEEquipNotCap, 78.00 , 0.00 ,50182.NPR Momento Concern / VAT Reclassification of vendorbill #177,GJ/N-0010513,,E5702070 (N) Bimala Khadka,,Khimti JVC,KIRNE (N),,,,,50182.NPR Momento Concern,,,,,Yes,Dec 2023 [Mangsir 2080],,Bill #177
200468,11/28/2023,Himal Power Ltd (NPR),Nepalese Rupee,1,,,73200 Advertising," 6,739.18 ", 0.00 ,50012.NPR Annex Advertising Service / VAT Reclassification of vendorbill #006,GJ/N-0010514,,E5702070 (N) Bimala Khadka,,Khimti JVC,KATHMANDU (N),,,,,50012.NPR Annex Advertising Service,,,,,Yes,Dec 2023 [Mangsir 2080],,Bill #006
200494,11/7/2023,Himal Power Ltd (NPR),Nepalese Rupee,1,,,50000 SalaryLocalTaxable," 933,202.96 ", 0.00 ,Basic Salary,GJ/N-0010515,,E5702070 (N) Bimala Khadka,,Khimti JVC,KATHMANDU (N),,,,,,,,,,Yes,Nov 2023 [Kartik 2080],,
200504,11/16/2023,Himal Power Ltd (NPR),Nepalese Rupee,1,,,79010 Contribution," 895,972.66 ", 0.00 ,KPS-Kartik'80,GJ/N-0010516,,E5702070 (N) Bimala Khadka,,Khimti JVC,KATHMANDU (N),,,,,16252 (N) KPS School Building,"00252 (N) Line - CSR Education (KPS subsidy, girl & teacher support, KPS upgr)",,,,Yes,Nov 2023 [Kartik 2080],,
200505,11/16/2023,Himal Power Ltd (NPR),Nepalese Rupee,1,,,67300 LegalService," 120,000.00 ", 0.00 ,Monthly retention charge Ashwin'80 & Kartik'80-Sameer Sharma,GJ/N-0010517,,E5702070 (N) Bimala Khadka,,Khimti JVC,KATHMANDU (N),,,,,,,,,,Yes,Nov 2023 [Kartik 2080],,
200506,11/16/2023,Himal Power Ltd (NPR),Nepalese Rupee,1,,,67300 LegalService," 113,000.00 ", 0.00 ,Legal fee S.S. legal for Ashwin'80 & Kartik'80,GJ/N-0010518,,E5702070 (N) Bimala Khadka,,Khimti JVC,KATHMANDU (N),,,,,,,,,,Yes,Nov 2023 [Kartik 2080],,
200507,11/16/2023,Himal Power Ltd (NPR),Nepalese Rupee,1,,,69200 InternetCharge," 54,692.00 ", 0.00 ,Internet charge upto  1-16 Nov'23,GJ/N-0010519,,E5702070 (N) Bimala Khadka,,Khimti JVC,KATHMANDU (N),,,,,,,,,,Yes,Nov 2023 [Kartik 2080],,
200508,12/4/2023,Himal Power Ltd (NPR),Nepalese Rupee,1,,,69200 InternetCharge, 0.00 ," 191,422.00 ",Rev-Internet charge upto 31st Oct'23,GJ/N-0010520,,E5702070 (N) Bimala Khadka,,Khimti JVC,KATHMANDU (N),,,,,,,,,,Yes,Dec 2023 [Mangsir 2080],,
200509,11/16/2023,Himal Power Ltd (NPR),Nepalese Rupee,1,,,79010 Contribution," 831,628.82 ", 0.00 ,Dhulikhel Hospital-Ashwin'80 & Kartik'80,GJ/N-0010521,,E5702070 (N) Bimala Khadka,,Khimti JVC,KIRNE (N),0%,,,,,,,,,Yes,Nov 2023 [Kartik 2080],,
200510,11/16/2023,Himal Power Ltd (NPR),Nepalese Rupee,1,,,79010 Contribution, 0.00 ," 2,494,886.46 ",Rev-Dhulikhel Hospital-,GJ/N-0010522,,E5702070 (N) Bimala Khadka,,Khimti JVC,KIRNE (N),0%,,,,,,,,,Yes,Nov 2023 [Kartik 2080],,
200511,11/16/2023,Himal Power Ltd (NPR),Nepalese Rupee,1,,,67900 OtherExternalService, 0.00 ," 50,634.72 ",Rev-Accural-OT-TADA-PO#PO/N-0009372,GJ/N-0010523,,E5702070 (N) Bimala Khadka,,Khimti JVC,KATHMANDU (N),0%,,,,,,,,,Yes,Nov 2023 [Kartik 2080],,
200512,11/16/2023,Himal Power Ltd (NPR),Nepalese Rupee,1,,,67900 OtherExternalService, 0.00 ," 1,640,676.35 ",Rev-G4S Security Services-PO/N-0009455-Shrawan'80,GJ/N-0010524,,E5702070 (N) Bimala Khadka,,Khimti JVC,KIRNE (N),,,,,,,,,,Yes,Nov 2023 [Kartik 2080],,
200513,11/16/2023,Himal Power Ltd (NPR),Nepalese Rupee,1,,,67900 OtherExternalService," 1,583,169.99 ", 0.00 ,G4S Security Services-Ashwin'80,GJ/N-0010525,,E5702070 (N) Bimala Khadka,,Khimti JVC,KIRNE (N),,,,,,,,,,Yes,Nov 2023 [Kartik 2080],,
200514,11/16/2023,Himal Power Ltd (NPR),British Pound,172.05,,,50500 SalaryExpatTaxable, 0.00 ," 8,768.06 ",Rev-Salary GM-1-16 July 2023,GJ/N-0010526,,E5702070 (N) Bimala Khadka,,Khimti JVC,KATHMANDU (N),0%,,,,,,,,,Yes,Nov 2023 [Kartik 2080],,
200515,9/29/2023,Himal Power Ltd (NPR),Nepalese Rupee,1,,,53900 OtherEmployeeRemuneration," 1,967,220.78 ", 0.00 ,TDS-GM's salary,GJ/N-0010527,,E5702070 (N) Bimala Khadka,,Khimti JVC,KATHMANDU (N),0%,,,,,,,,,Yes,Oct 2023 [Ashwin 2080],,
200516,10/30/2023,Himal Power Ltd (NPR),Nepalese Rupee,1,,,53900 OtherEmployeeRemuneration," 1,968,840.01 ", 0.00 ,TDS-GM's salary,GJ/N-0010528,,E5702070 (N) Bimala Khadka,,Khimti JVC,KATHMANDU (N),0%,,,,,,,,,Yes,Nov 2023 [Kartik 2080],,
200529,11/16/2023,Himal Power Ltd (NPR),Nepalese Rupee,1,,,30100 PowerSaleFixPriceContract, 0.00 ," 86,246,500.00 ","accrual for Nov 2023 revenue, not shown in system due to e-billing",GJ/N-0010529,,E7010166 (N) Umesh Sharma,,Khimti JVC,KATHMANDU (N),,,,,,,11/17/2023,,,Yes,Nov 2023 [Kartik 2080],GJ/N-0010530,
200530,11/17/2023,Himal Power Ltd (NPR),Nepalese Rupee,1,,,30100 PowerSaleFixPriceContract," 86,246,500.00 ", 0.00 ,"accrual for Nov 2023 revenue, not shown in system due to e-billing",GJ/N-0010530,,E7010166 (N) Umesh Sharma,,Khimti JVC,KATHMANDU (N),,,,,,,,,,Yes,Dec 2023 [Mangsir 2080],,
201133,11/16/2023,Himal Power Ltd (NPR),Nepalese Rupee,1,,,81610 FXLossUnrealised," 621,869,625.96 ", 0.00 ,Unrealised gain on Shrawan  t/to correct account.,GJ/N-0010531,,E7010166 (N) Umesh Sharma,,FIN,KATHMANDU (N),,,,,,,11/17/2023,,,Yes,Nov 2023 [Kartik 2080],GJ/N-0010532,
201134,11/17/2023,Himal Power Ltd (NPR),Nepalese Rupee,1,,,81610 FXLossUnrealised, 0.00 ," 621,869,625.96 ",Unrealised gain on Shrawan  t/to correct account.,GJ/N-0010532,,E7010166 (N) Umesh Sharma,,FIN,KATHMANDU (N),,,,,,,,,,Yes,Dec 2023 [Mangsir 2080],,
201135,11/16/2023,Himal Power Ltd (NPR),Nepalese Rupee,1,,Unmatching gain/loss,Unrealized Matching Gain/Loss, 0.00 ," 465,755.82 ",unrealised matching (check in December),GJ/N-0010533,,E7010166 (N) Umesh Sharma,,Khimti JVC,KATHMANDU (N),,,,,,,11/17/2023,,,Yes,Nov 2023 [Kartik 2080],GJ/N-0010534,
201136,11/17/2023,Himal Power Ltd (NPR),Nepalese Rupee,1,,Unmatching gain/loss,Unrealized Matching Gain/Loss," 465,755.82 ", 0.00 ,unrealised matching (check in December),GJ/N-0010534,,E7010166 (N) Umesh Sharma,,Khimti JVC,KATHMANDU (N),,,,,,,,,,Yes,Dec 2023 [Mangsir 2080],,
201137,10/17/2023,Himal Power Ltd (NPR),Nepalese Rupee,1,,,75000 PlantAssetInsurance," 12,367,350.84 ", 0.00 ,Amortization Destination,GJ/N-0010535,Bill #KTM-23/24-2816,E7010166 (N) Umesh Sharma,,Khimti JVC,KATHMANDU (N),,,,,52465.NPR Himalayan Everest Insurance Ltd,,,,,Yes,Oct 2023 [Ashwin 2080],,
201138,11/16/2023,Himal Power Ltd (NPR),Nepalese Rupee,1,,,75000 PlantAssetInsurance," 21,824,736.78 ", 0.00 ,Amortization Destination,GJ/N-0010536,Bill #KTM-23/24-2816,E7010166 (N) Umesh Sharma,,Khimti JVC,KATHMANDU (N),,,,,52465.NPR Himalayan Everest Insurance Ltd,,,,,Yes,Nov 2023 [Kartik 2080],,
201261,12/7/2023,Himal Power Ltd (NPR),Nepalese Rupee,1,,,66900 OtherRepMaintCost," 1,291.68 ", 0.00 ,52446.NPR Shree Deepjyoti Hardware and Supplier (Shree Deepjyoti Harware & Suppliers) / VAT Reclassification of vendorbill #SB-00364,GJ/N-0010537,,E5503049 (N) Surya B Karki,,Khimti JVC,KIRNE (N),,,,,52446.NPR Shree Deepjyoti Hardware and Supplier (Shree Deepjyoti Harware & Suppliers),,,,,Yes,Dec 2023 [Mangsir 2080],,Bill #SB-00364
201297,12/13/2023,Himal Power Ltd (NPR),Nepalese Rupee,1,,,64900 OtherRentalExpense," 4,550.00 ", 0.00 ,52495.NPR Mahalaxmi Vehicle Service Pvt Ltd / VAT Reclassification of vendorbill #SI/00433/8081,GJ/N-0010538,,E5702070 (N) Bimala Khadka,,Khimti JVC,KATHMANDU (N),,,,,52495.NPR Mahalaxmi Vehicle Service Pvt Ltd,,,,,Yes,Dec 2023 [Mangsir 2080],,Bill #SI/00433/8081
201299,12/13/2023,Himal Power Ltd (NPR),Nepalese Rupee,1,,,67300 LegalService," 26,000.00 ", 0.00 ,50963.NPR S S Legal Pvt Ltd / VAT Reclassification of vendorbill #000082,GJ/N-0010539,,E5702070 (N) Bimala Khadka,,Khimti JVC,KATHMANDU (N),,,,,50963.NPR S S Legal Pvt Ltd,,,,,Yes,Dec 2023 [Mangsir 2080],,Bill #000082
201301,12/13/2023,Himal Power Ltd (NPR),Nepalese Rupee,1,,,67900 OtherExternalService," 1,917.56 ", 0.00 ,50942.NPR Suvidha Sewa Pvt Ltd / VAT Reclassification of vendorbill #SSSB80/01347,GJ/N-0010540,,E5702070 (N) Bimala Khadka,,Khimti JVC,KATHMANDU (N),,,,,50942.NPR Suvidha Sewa Pvt Ltd,,,,,Yes,Dec 2023 [Mangsir 2080],,Bill #SSSB80/01347
201303,12/13/2023,Himal Power Ltd (NPR),Nepalese Rupee,1,,,68900 OtherOfficeExpense," 3,900.00 ", 0.00 ,50921.NPR Sparklink Enterprises Pvt Ltd / VAT Reclassification of vendorbill #80/81-207,GJ/N-0010541,,E5702070 (N) Bimala Khadka,,Khimti JVC,KATHMANDU (N),,,,,50921.NPR Sparklink Enterprises Pvt Ltd,,,,,Yes,Dec 2023 [Mangsir 2080],,Bill #80/81-207
201305,12/13/2023,Himal Power Ltd (NPR),Nepalese Rupee,1,,,70200 RepMaintMeansTransport, 156.00 , 0.00 ,V00019 (N) Vehicle (Ba 6 Cha 8938) Toyota Hi-Lux / VAT Reclassification of vendorbill #107,GJ/N-0010542,,E5702070 (N) Bimala Khadka,,Khimti JVC,KATHMANDU (N),,,,,V00019 (N) Vehicle (Ba 6 Cha 8938) Toyota Hi-Lux,,,,,Yes,Dec 2023 [Mangsir 2080],,Bill #107
201309,12/13/2023,Himal Power Ltd (NPR),Nepalese Rupee,1,,,70200 RepMaintMeansTransport," 6,216.60 ", 0.00 ,V00014 (N) Vehicle (Ba 6 Cha 8391) Toyota Hi-Lux / VAT Reclassification of vendorbill #ATC-00926,GJ/N-0010543,,E5702070 (N) Bimala Khadka,,Khimti JVC,PALATI (N),,,,,V00014 (N) Vehicle (Ba 6 Cha 8391) Toyota Hi-Lux,,,,,Yes,Dec 2023 [Mangsir 2080],,Bill #ATC-00926
201311,12/13/2023,Himal Power Ltd (NPR),Nepalese Rupee,1,,,66100 RepMaintMachinery," 1,297.40 ", 0.00 ,51115.NPR Neupane Engineering Pvt. Ltd. / VAT Reclassification of vendorbill #NEPLSI-I331,GJ/N-0010544,,E5702070 (N) Bimala Khadka,,Khimti JVC,KIRNE (N),,,,,51115.NPR Neupane Engineering Pvt. Ltd.,,,,,Yes,Dec 2023 [Mangsir 2080],,Bill #NEPLSI-I331
201313,12/13/2023,Himal Power Ltd (NPR),Nepalese Rupee,1,,,68500 PantrySupplies," 1,072.45 ", 0.00 ,50206.NRP Saleways Departmental Store Pvt. Ltd. / VAT Reclassification of vendorbill #TI3628-MMX-080/81,GJ/N-0010545,,E5702070 (N) Bimala Khadka,,Khimti JVC,KIRNE (N),,,,,50206.NRP Saleways Departmental Store Pvt. Ltd.,,,,,Yes,Dec 2023 [Mangsir 2080],,Bill #TI3628-MMX-080/81
201316,12/13/2023,Himal Power Ltd (NPR),Nepalese Rupee,1,,,65803 ElectricAppliancesNotCap, 754.00 , 0.00 ,50042.NPR Forheem Stationery / VAT Reclassification of vendorbill #73,GJ/N-0010546,,E5702070 (N) Bimala Khadka,,Khimti JVC,KIRNE (N),,,,,50042.NPR Forheem Stationery,,,,,Yes,Dec 2023 [Mangsir 2080],,Bill #73
201318,12/13/2023,Himal Power Ltd (NPR),Nepalese Rupee,1,,,66900 OtherRepMaintCost, 805.35 , 0.00 ,"51055.NPR New B. R, Enterprises / VAT Reclassification of vendorbill #357",GJ/N-0010547,,E5702070 (N) Bimala Khadka,,Khimti JVC,PALATI (N),,,,,"51055.NPR New B. R, Enterprises",,,,,Yes,Dec 2023 [Mangsir 2080],,Bill #357
201320,12/13/2023,Himal Power Ltd (NPR),Nepalese Rupee,1,,,14100 SparePart," 11,293.75 ", 0.00 ,50808.NPR Bini International Pvt Ltd. / VAT Reclassification of vendorbill #041,GJ/N-0010548,,E5702070 (N) Bimala Khadka,,Khimti JVC,KIRNE (N),,,,,50808.NPR Bini International Pvt Ltd.,,,,,Yes,Dec 2023 [Mangsir 2080],,Bill #041
201324,12/14/2023,Himal Power Ltd (NPR),Nepalese Rupee,1,,,68900 OtherOfficeExpense, 500.50 , 0.00 ,50042.NPR Forheem Stationery / VAT Reclassification of vendorbill #61,GJ/N-0010549,,E5702070 (N) Bimala Khadka,,Khimti JVC,PALATI (N),,,,,50042.NPR Forheem Stationery,,,,,Yes,Dec 2023 [Mangsir 2080],,Bill #61
201326,12/14/2023,Himal Power Ltd (NPR),Nepalese Rupee,1,,,14100 SparePart," 3,120.00 ", 0.00 ,50808.NPR Bini International Pvt Ltd. / VAT Reclassification of vendorbill #040,GJ/N-0010550,,E5702070 (N) Bimala Khadka,,Khimti JVC,KIRNE (N),,,,,50808.NPR Bini International Pvt Ltd.,,,,,Yes,Dec 2023 [Mangsir 2080],,Bill #040
201333,12/15/2023,Himal Power Ltd (NPR),Nepalese Rupee,1,,,67900 OtherExternalService," 13,824.26 ", 0.00 ,50942.NPR Suvidha Sewa Pvt Ltd / VAT Reclassification of vendorbill #SSSB80/01407,GJ/N-0010551,,E5702070 (N) Bimala Khadka,,Khimti JVC,KATHMANDU (N),,,,,50942.NPR Suvidha Sewa Pvt Ltd,,,,,Yes,Dec 2023 [Mangsir 2080],,Bill #SSSB80/01407
201335,12/15/2023,Himal Power Ltd (NPR),Nepalese Rupee,1,,,67900 OtherExternalService," 38,197.12 ", 0.00 ,50942.NPR Suvidha Sewa Pvt Ltd / VAT Reclassification of vendorbill #SSSB80/01406,GJ/N-0010552,,E5702070 (N) Bimala Khadka,,Khimti JVC,KATHMANDU (N),,,,,50942.NPR Suvidha Sewa Pvt Ltd,,,,,Yes,Dec 2023 [Mangsir 2080],,Bill #SSSB80/01406
201393,12/22/2023,Himal Power Ltd (NPR),Nepalese Rupee,1,,,66150 RepMaintFurniture," 1,638.00 ", 0.00 ,52165.NPR Shrestha Construction and Suppliers PVT. LTD / VAT Reclassification of vendorbill #002,GJ/N-0010561,,E5503049 (N) Surya B Karki,,Khimti JVC,KIRNE (N),,,,,52165.NPR Shrestha Construction and Suppliers PVT. LTD,,,,,Yes,Jan 2024 [Paush 2080],,Bill #002
201445,12/5/2023,Himal Power Ltd (NPR),Nepalese Rupee,1,,,17000 PrepaidExpenses," 7,387.97 ", 0.00 ,50575.NPR NLG Insurance Company Limited / VAT Reclassification of vendorbill #LPR/001144,GJ/N-0010562,,E5702070 (N) Bimala Khadka,,Khimti JVC,KATHMANDU (N),,,,,50575.NPR NLG Insurance Company Limited,,,,,Yes,Dec 2023 [Mangsir 2080],,Bill #LPR/001144
201467,12/27/2023,Himal Power Ltd (NPR),Nepalese Rupee,1,,,68900 OtherOfficeExpense," 3,109.36 ", 0.00 ,50206.NRP Saleways Departmental Store Pvt. Ltd. / VAT Reclassification of vendorbill #7Inv,GJ/N-0010563,,E5702070 (N) Bimala Khadka,,Khimti JVC,KATHMANDU (N),,,,,50206.NRP Saleways Departmental Store Pvt. Ltd.,,,,,Yes,Jan 2024 [Paush 2080],,Bill #7Inv
201470,12/27/2023,Himal Power Ltd (NPR),Nepalese Rupee,1,,,68900 OtherOfficeExpense," 5,137.28 ", 0.00 ,52497.NPR Bhat-Bhateni Super Market / VAT Reclassification of vendorbill #2Inv,GJ/N-0010564,,E5702070 (N) Bimala Khadka,,Khimti JVC,KATHMANDU (N),,,,,52497.NPR Bhat-Bhateni Super Market,,,,,Yes,Jan 2024 [Paush 2080],,Bill #2Inv
201472,12/27/2023,Himal Power Ltd (NPR),Nepalese Rupee,1,,,68500 PantrySupplies," 3,044.93 ", 0.00 ,52497.NPR Bhat-Bhateni Super Market / VAT Reclassification of vendorbill #TI10431,GJ/N-0010565,,E5702070 (N) Bimala Khadka,,Khimti JVC,KIRNE (N),,,,,52497.NPR Bhat-Bhateni Super Market,,,,,Yes,Jan 2024 [Paush 2080],,Bill #TI10431
201474,12/27/2023,Himal Power Ltd (NPR),Nepalese Rupee,1,,,68900 OtherOfficeExpense," 3,900.00 ", 0.00 ,50921.NPR Sparklink Enterprises Pvt Ltd / VAT Reclassification of vendorbill #286,GJ/N-0010566,,E5702070 (N) Bimala Khadka,,Khimti JVC,KATHMANDU (N),,,,,50921.NPR Sparklink Enterprises Pvt Ltd,,,,,Yes,Jan 2024 [Paush 2080],,Bill #286
201476,12/27/2023,Himal Power Ltd (NPR),Nepalese Rupee,1,,,66900 OtherRepMaintCost," 1,127.10 ", 0.00 ,51007.NPR Kathmandu Electricals and Suppliers / VAT Reclassification of vendorbill #287,GJ/N-0010567,,E5702070 (N) Bimala Khadka,,Khimti JVC,KIRNE (N),,,,,51007.NPR Kathmandu Electricals and Suppliers,,,,,Yes,Jan 2024 [Paush 2080],,Bill #287
201479,12/27/2023,Himal Power Ltd (NPR),Nepalese Rupee,1,,,66900 OtherRepMaintCost, 429.00 , 0.00 ,50847.NPR Prabhukiran Computers / VAT Reclassification of vendorbill #138,GJ/N-0010568,,E5702070 (N) Bimala Khadka,,Khimti JVC,KIRNE (N),,,,,50847.NPR Prabhukiran Computers,,,,,Yes,Jan 2024 [Paush 2080],,Bill #138
201481,12/27/2023,Himal Power Ltd (NPR),Nepalese Rupee,1,,,66100 RepMaintMachinery, 455.00 , 0.00 ,50053.NPR Himal Refrigeration & Electrical Industries Pvt. Ltd / VAT Reclassification of vendorbill #SB-0229,GJ/N-0010569,,E5702070 (N) Bimala Khadka,,Khimti JVC,KATHMANDU (N),,,,,50053.NPR Himal Refrigeration & Electrical Industries Pvt. Ltd,,,,,Yes,Jan 2024 [Paush 2080],,Bill #SB-0229
201483,12/27/2023,Himal Power Ltd (NPR),Nepalese Rupee,1,,,66900 OtherRepMaintCost," 5,070.00 ", 0.00 ,52288.NPR Machinery and Electric Pvt. Ltd / VAT Reclassification of vendorbill #SB-03582,GJ/N-0010570,,E5702070 (N) Bimala Khadka,,Khimti JVC,KIRNE (N),,,,,52288.NPR Machinery and Electric Pvt. Ltd,,,,,Yes,Jan 2024 [Paush 2080],,Bill #SB-03582
201485,12/27/2023,Himal Power Ltd (NPR),Nepalese Rupee,1,,,70200 RepMaintMeansTransport," 12,433.20 ", 0.00 ,V00015 (N) Vehicle (Ba 6 Cha 8392) Toyota Hi-Lux / VAT Reclassification of vendorbill #ATC-00781,GJ/N-0010571,,E5702070 (N) Bimala Khadka,,Khimti JVC,KIRNE (N),,,,,V00015 (N) Vehicle (Ba 6 Cha 8392) Toyota Hi-Lux,,,,,Yes,Jan 2024 [Paush 2080],,Bill #ATC-00781
201623,11/28/2023,Himal Power Ltd (NPR),Nepalese Rupee,1,,,53900 OtherEmployeeRemuneration," 2,052,696.52 ", 0.00 ,TDS-GM's salary,GJ/N-0010572,,E5702070 (N) Bimala Khadka,,Khimti JVC,KATHMANDU (N),0%,,,,,,,,,Yes,Dec 2023 [Mangsir 2080],,
201624,12/7/2023,Himal Power Ltd (NPR),Nepalese Rupee,1,,,50000 SalaryLocalTaxable," 933,202.96 ", 0.00 ,Basic Salary,GJ/N-0010573,,E5702070 (N) Bimala Khadka,,Khimti JVC,KATHMANDU (N),,,,,,,,,,Yes,Dec 2023 [Mangsir 2080],,
201629,1/5/2024,Himal Power Ltd (NPR),Nepalese Rupee,1,,,67900 OtherExternalService," 3,245.80 ", 0.00 ,"50942.NPR Suvidha Sewa Pvt Ltd / VAT Reclassification of vendorbill #SSSB80/01647,49",GJ/N-0010574,,E5702070 (N) Bimala Khadka,,Khimti JVC,KATHMANDU (N),,,,,50942.NPR Suvidha Sewa Pvt Ltd,,,,,Yes,Jan 2024 [Paush 2080],,"Bill #SSSB80/01647,49"
201643,1/7/2024,Himal Power Ltd (NPR),Nepalese Rupee,1,,,66900 OtherRepMaintCost, 138.05 , 0.00 ,52446.NPR Shree Deepjyoti Hardware and Supplier (Shree Deepjyoti Harware & Suppliers) / VAT Reclassification of vendorbill #SB-00445,GJ/N-0010575,,E5503049 (N) Surya B Karki,,Khimti JVC,KIRNE (N),,,,,52446.NPR Shree Deepjyoti Hardware and Supplier (Shree Deepjyoti Harware & Suppliers),,,,,Yes,Jan 2024 [Paush 2080],,Bill #SB-00445
201645,1/7/2024,Himal Power Ltd (NPR),Nepalese Rupee,1,,,66900 OtherRepMaintCost, 312.92 , 0.00 ,52446.NPR Shree Deepjyoti Hardware and Supplier (Shree Deepjyoti Harware & Suppliers) / VAT Reclassification of vendorbill #SB-00443,GJ/N-0010576,,E5503049 (N) Surya B Karki,,Khimti JVC,KIRNE (N),,,,,52446.NPR Shree Deepjyoti Hardware and Supplier (Shree Deepjyoti Harware & Suppliers),,,,,Yes,Jan 2024 [Paush 2080],,Bill #SB-00443
201647,1/7/2024,Himal Power Ltd (NPR),Nepalese Rupee,1,,,66900 OtherRepMaintCost, 897.34 , 0.00 ,52446.NPR Shree Deepjyoti Hardware and Supplier (Shree Deepjyoti Harware & Suppliers) / VAT Reclassification of vendorbill #SB-00365,GJ/N-0010577,,E5503049 (N) Surya B Karki,,Khimti JVC,KIRNE (N),,,,,52446.NPR Shree Deepjyoti Hardware and Supplier (Shree Deepjyoti Harware & Suppliers),,,,,Yes,Jan 2024 [Paush 2080],,Bill #SB-00365
201649,1/7/2024,Himal Power Ltd (NPR),Nepalese Rupee,1,,,66900 OtherRepMaintCost, 138.05 , 0.00 ,52446.NPR Shree Deepjyoti Hardware and Supplier (Shree Deepjyoti Harware & Suppliers) / VAT Reclassification of vendorbill #SB-00444,GJ/N-0010578,,E5503049 (N) Surya B Karki,,Khimti JVC,KIRNE (N),,,,,52446.NPR Shree Deepjyoti Hardware and Supplier (Shree Deepjyoti Harware & Suppliers),,,,,Yes,Jan 2024 [Paush 2080],,Bill #SB-00444
201674,1/10/2024,Himal Power Ltd (NPR),Nepalese Rupee,1,,,59400 Education/Training/Development," 16,073.85 ", 0.00 ,52451.NPR Shangrila Blu Hotel / VAT Reclassification of vendorbill #BNQT-80-81/101,GJ/N-0010579,,E5702070 (N) Bimala Khadka,,Khimti JVC,KATHMANDU (N),,,,,52451.NPR Shangrila Blu Hotel,,,,,Yes,Jan 2024 [Paush 2080],,Bill #BNQT-80-81/101
201677,1/10/2024,Himal Power Ltd (NPR),Nepalese Rupee,1,,,66180 RepMaintOfficeEquip, 520.00 , 0.00 ,52308.NPR MAC Traders / VAT Reclassification of vendorbill #024,GJ/N-0010580,,E5702070 (N) Bimala Khadka,,Khimti JVC,KIRNE (N),,,,,52308.NPR MAC Traders,,,,,Yes,Jan 2024 [Paush 2080],,Bill #024
201692,1/12/2024,Himal Power Ltd (NPR),Nepalese Rupee,1,,,66180 RepMaintOfficeEquip, 241.80 , 0.00 ,52165.NPR Shrestha Construction and Suppliers PVT. LTD / VAT Reclassification of vendorbill #001,GJ/N-0010581,,E5503049 (N) Surya B Karki,,Khimti JVC,KIRNE (N),,,,,52165.NPR Shrestha Construction and Suppliers PVT. LTD,,,,,Yes,Jan 2024 [Paush 2080],,Bill #001
201693,12/16/2023,Himal Power Ltd (NPR),Nepalese Rupee,1,,,67300 LegalService," 60,000.00 ", 0.00 ,Monthly retention charge Marg'80-Sameer Sharma,GJ/N-0010582,,E5702070 (N) Bimala Khadka,,Khimti JVC,KATHMANDU (N),,,,,,,,,,Yes,Dec 2023 [Mangsir 2080],,
201694,12/16/2023,Himal Power Ltd (NPR),Nepalese Rupee,1,,,67300 LegalService, 0.00 ," 300,000.00 ",Rect-Monthly retention charge from Ashadh to Kartik'80-Sameer Sharma,GJ/N-0010583,,E5702070 (N) Bimala Khadka,,Khimti JVC,KATHMANDU (N),,,,,,,,,,Yes,Dec 2023 [Mangsir 2080],,
201695,12/16/2023,Himal Power Ltd (NPR),Nepalese Rupee,1,,,67300 LegalService, 0.00 ," 226,000.00 ",Rev-Legal fee S.S. legal for Shrawan'80 and Kartik'80,GJ/N-0010584,,E5702070 (N) Bimala Khadka,,Khimti JVC,KATHMANDU (N),,,,,,,,,,Yes,Dec 2023 [Mangsir 2080],,
201696,12/16/2023,Himal Power Ltd (NPR),Nepalese Rupee,1,,,67300 LegalService," 56,500.00 ", 0.00 ,Legal fee S.S. legal for Marg'80,GJ/N-0010585,,E5702070 (N) Bimala Khadka,,Khimti JVC,KATHMANDU (N),,,,,,,,,,Yes,Dec 2023 [Mangsir 2080],,
201697,12/16/2023,Himal Power Ltd (NPR),Nepalese Rupee,1,,,69200 InternetCharge," 109,384.00 ", 0.00 ,Internet charge upto  17 Nov'23-16th Dec'23,GJ/N-0010586,,E5702070 (N) Bimala Khadka,,Khimti JVC,KATHMANDU (N),,,,,,,,,,Yes,Dec 2023 [Mangsir 2080],,
201698,12/16/2023,Himal Power Ltd (NPR),Nepalese Rupee,1,,,79010 Contribution," 415,814.41 ", 0.00 ,Dhulikhel Hospital-Marg'80,GJ/N-0010587,,E5702070 (N) Bimala Khadka,,Khimti JVC,KIRNE (N),0%,,,,,,,,,Yes,Dec 2023 [Mangsir 2080],,
201699,12/16/2023,Himal Power Ltd (NPR),Nepalese Rupee,1,,,67900 OtherExternalService," 1,583,169.99 ", 0.00 ,G4S Security Services-Marg'80,GJ/N-0010588,,E5702070 (N) Bimala Khadka,,Khimti JVC,KIRNE (N),,,,,,,,,,Yes,Dec 2023 [Mangsir 2080],,
201728,1/12/2024,Himal Power Ltd (NPR),Nepalese Rupee,1,,,67900 OtherExternalService," 10,920.00 ", 0.00 ,51109.NPR Rigo Technologies Pvt. Ltd / VAT Reclassification of vendorbill #Inv-0442,GJ/N-0010589,,E5702070 (N) Bimala Khadka,,Khimti JVC,KATHMANDU (N),,,,,51109.NPR Rigo Technologies Pvt. Ltd,,,,,Yes,Jan 2024 [Paush 2080],,Bill #Inv-0442
201730,1/12/2024,Himal Power Ltd (NPR),Nepalese Rupee,1,,,67900 OtherExternalService," 4,530.44 ", 0.00 ,50937.NPR Smart Cleaning Solution Pvt Ltd / VAT Reclassification of vendorbill #80/81-SB-00269,GJ/N-0010590,,E5702070 (N) Bimala Khadka,,Khimti JVC,KATHMANDU (N),,,,,50937.NPR Smart Cleaning Solution Pvt Ltd,,,,,Yes,Jan 2024 [Paush 2080],,Bill #80/81-SB-00269
201735,1/14/2024,Himal Power Ltd (NPR),Nepalese Rupee,1,,,77900 OtherOperExpense," 156,000.00 ", 0.00 ,52415.NPR Raindrop Inc. Pvt. Ltd. / VAT Reclassification of vendorbill #010,GJ/N-0010591,,E5702070 (N) Bimala Khadka,,Khimti JVC,KATHMANDU (N),,,,,52415.NPR Raindrop Inc. Pvt. Ltd.,,,,,Yes,Jan 2024 [Paush 2080],,Bill #010
201737,1/14/2024,Himal Power Ltd (NPR),Nepalese Rupee,1,,,67900 OtherExternalService," 38,197.12 ", 0.00 ,50942.NPR Suvidha Sewa Pvt Ltd / VAT Reclassification of vendorbill #SSSB80/01697,GJ/N-0010592,,E5702070 (N) Bimala Khadka,,Khimti JVC,KATHMANDU (N),,,,,50942.NPR Suvidha Sewa Pvt Ltd,,,,,Yes,Jan 2024 [Paush 2080],,Bill #SSSB80/01697
201739,1/14/2024,Himal Power Ltd (NPR),Nepalese Rupee,1,,,70200 RepMaintMeansTransport, 208.00 , 0.00 ,V00016 (N) Vehicle (Ba 7 Cha 6264) Mitsubishi L200 / VAT Reclassification of vendorbill #543,GJ/N-0010593,,E5702070 (N) Bimala Khadka,,Khimti JVC,KIRNE (N),,,,,V00016 (N) Vehicle (Ba 7 Cha 6264) Mitsubishi L200,,,,,Yes,Jan 2024 [Paush 2080],,Bill #543
201741,1/14/2024,Himal Power Ltd (NPR),Nepalese Rupee,1,,,67900 OtherExternalService," 1,930.50 ", 0.00 ,50216.NPR S. Four Trading Pvt Ltd. / VAT Reclassification of vendorbill #341,GJ/N-0010594,,E5702070 (N) Bimala Khadka,,Khimti JVC,KIRNE (N),,,,,50216.NPR S. Four Trading Pvt Ltd.,,,,,Yes,Jan 2024 [Paush 2080],,Bill #341
201744,1/14/2024,Himal Power Ltd (NPR),Nepalese Rupee,1,,,70200 RepMaintMeansTransport, 0.00 , 920.08 ,V00011 (N) Vehicle (Ba 5 Cha 4498) Toyota Rav-4 / VAT Reclassification of vendorbill #122,GJ/N-0010595,,E5702070 (N) Bimala Khadka,,Khimti JVC,KATHMANDU (N),,,,,V00011 (N) Vehicle (Ba 5 Cha 4498) Toyota Rav-4,,,,,Yes,Jan 2024 [Paush 2080],,Bill #122
201746,1/14/2024,Himal Power Ltd (NPR),Nepalese Rupee,1,,,70200 RepMaintMeansTransport, 325.00 , 0.00 ,52429.NPR Swastik Auto Servicing Station / VAT Reclassification of vendorbill #123,GJ/N-0010596,,E5702070 (N) Bimala Khadka,,Khimti JVC,KATHMANDU (N),,,,,52429.NPR Swastik Auto Servicing Station,,,,,Yes,Jan 2024 [Paush 2080],,Bill #123
201748,1/14/2024,Himal Power Ltd (NPR),Nepalese Rupee,1,,,17000 PrepaidExpenses, 125.19 , 0.00 ,52465.NPR Himalayan Everest Insurance Ltd / VAT Reclassification of vendorbill #DRB-23/24-1749,GJ/N-0010597,,E5702070 (N) Bimala Khadka,,Khimti JVC,KATHMANDU (N),,,,,52465.NPR Himalayan Everest Insurance Ltd,,,,,Yes,Jan 2024 [Paush 2080],,Bill #DRB-23/24-1749
201750,1/14/2024,Himal Power Ltd (NPR),Nepalese Rupee,1,,,66100 RepMaintMachinery," 2,890.21 ", 0.00 ,52486.NPR MS Trading International / VAT Reclassification of vendorbill #SI-00942,GJ/N-0010598,,E5702070 (N) Bimala Khadka,,Khimti JVC,KIRNE (N),,,,,52486.NPR MS Trading International,,,,,Yes,Jan 2024 [Paush 2080],,Bill #SI-00942
201752,1/14/2024,Himal Power Ltd (NPR),Nepalese Rupee,1,,,66170 RepMaintTool, 422.50 , 0.00 ,50024.NPR BM Enterprises / VAT Reclassification of vendorbill #TI458-BME-80/81,GJ/N-0010599,,E5702070 (N) Bimala Khadka,,Khimti JVC,PALATI (N),,,,,50024.NPR BM Enterprises,,,,,Yes,Jan 2024 [Paush 2080],,Bill #TI458-BME-80/81
201754,1/14/2024,Himal Power Ltd (NPR),Nepalese Rupee,1,,,63900 OtherPremisesExpense, 650.00 , 0.00 ,50787.NPR Nepal Environmental & Scientific Service (P) Ltd / VAT Reclassification of vendorbill #232,GJ/N-0010600,,E5702070 (N) Bimala Khadka,,Khimti JVC,KATHMANDU (N),,,,,50787.NPR Nepal Environmental & Scientific Service (P) Ltd,,,,,Yes,Jan 2024 [Paush 2080],,Bill #232
201757,1/14/2024,Himal Power Ltd (NPR),Nepalese Rupee,1,,,65806 HSEEquipNotCap, 702.00 , 0.00 ,50182.NPR Momento Concern / VAT Reclassification of vendorbill #241,GJ/N-0010601,,E5702070 (N) Bimala Khadka,,Khimti JVC,KIRNE (N),,,,,50182.NPR Momento Concern,,,,,Yes,Jan 2024 [Paush 2080],,Bill #241
201759,1/14/2024,Himal Power Ltd (NPR),Nepalese Rupee,1,,,65803 ElectricAppliancesNotCap, 546.00 , 0.00 ,51007.NPR Kathmandu Electricals and Suppliers / VAT Reclassification of vendorbill #257,GJ/N-0010602,,E5702070 (N) Bimala Khadka,,Khimti JVC,PALATI (N),,,,,51007.NPR Kathmandu Electricals and Suppliers,,,,,Yes,Jan 2024 [Paush 2080],,Bill #257
201761,1/14/2024,Himal Power Ltd (NPR),Nepalese Rupee,1,,,69100 MobileCharge," 1,004.61 ", 0.00 ,50030.NPR Constellation Pvt. Ltd. / VAT Reclassification of vendorbill #430,GJ/N-0010603,,E5702070 (N) Bimala Khadka,,Khimti JVC,KATHMANDU (N),,,,,50030.NPR Constellation Pvt. Ltd.,,,,,Yes,Jan 2024 [Paush 2080],,Bill #430
201763,1/14/2024,Himal Power Ltd (NPR),Nepalese Rupee,1,,,65806 HSEEquipNotCap, 520.00 , 0.00 ,50974.NPR Agni-Rakshek Supply's / VAT Reclassification of vendorbill #038,GJ/N-0010604,,E5702070 (N) Bimala Khadka,,Khimti JVC,KIRNE (N),,,,,50974.NPR Agni-Rakshek Supply's,,,,,Yes,Jan 2024 [Paush 2080],,Bill #038
201766,1/14/2024,Himal Power Ltd (NPR),Nepalese Rupee,1,,,66900 OtherRepMaintCost, 300.27 , 0.00 ,50035.NPR Dugar Iron & Steel Trading Co. (P.) LTD / VAT Reclassification of vendorbill #T-1145,GJ/N-0010605,,E5702070 (N) Bimala Khadka,,Khimti JVC,KATHMANDU (N),,,,,50035.NPR Dugar Iron & Steel Trading Co. (P.) LTD,,,,,Yes,Jan 2024 [Paush 2080],,Bill #T-1145
201768,1/14/2024,Himal Power Ltd (NPR),Nepalese Rupee,1,,,65803 ElectricAppliancesNotCap," 1,404.00 ", 0.00 ,51221.NPR Beltron Trading Pvt Ltd / VAT Reclassification of vendorbill #SI/00228/8081,GJ/N-0010606,,E5702070 (N) Bimala Khadka,,Khimti JVC,KIRNE (N),,,,,51221.NPR Beltron Trading Pvt Ltd,,,,,Yes,Jan 2024 [Paush 2080],,Bill #SI/00228/8081
201769,12/16/2023,Himal Power Ltd (NPR),Nepalese Rupee,1,,,30100 PowerSaleFixPriceContract, 0.00 ," 73,582,480.00 ","accrual for 1st half Dec 2023 revenue, not shown in system due to e-billing",GJ/N-0010607,,E7010166 (N) Umesh Sharma,,Khimti JVC,KATHMANDU (N),,,,,,,12/17/2023,,,Yes,Dec 2023 [Mangsir 2080],GJ/N-0010608,
201770,12/17/2023,Himal Power Ltd (NPR),Nepalese Rupee,1,,,30100 PowerSaleFixPriceContract," 73,582,480.00 ", 0.00 ,"accrual for 1st half Dec 2023 revenue, not shown in system due to e-billing",GJ/N-0010608,,E7010166 (N) Umesh Sharma,,Khimti JVC,KATHMANDU (N),,,,,,,,,,Yes,Jan 2024 [Paush 2080],,
201772,12/16/2023,Himal Power Ltd (NPR),Nepalese Rupee,1,,,75000 PlantAssetInsurance," 21,824,736.78 ", 0.00 ,Amortization Destination,GJ/N-0010609,Bill #KTM-23/24-2816,E7010166 (N) Umesh Sharma,,Khimti JVC,KATHMANDU (N),,,,,52465.NPR Himalayan Everest Insurance Ltd,,,,,Yes,Dec 2023 [Mangsir 2080],,
202176,12/16/2023,Himal Power Ltd (NPR),Nepalese Rupee,1,,,81610 FXLossUnrealised," 621,869,625.96 ", 0.00 ,Unrealised gain on Shrawan  t/to correct account.,GJ/N-0010610,,E7010166 (N) Umesh Sharma,,FIN,KATHMANDU (N),,,,,,,12/17/2023,,,Yes,Dec 2023 [Mangsir 2080],GJ/N-0010611,
202177,12/17/2023,Himal Power Ltd (NPR),Nepalese Rupee,1,,,81610 FXLossUnrealised, 0.00 ," 621,869,625.96 ",Unrealised gain on Shrawan  t/to correct account.,GJ/N-0010611,,E7010166 (N) Umesh Sharma,,FIN,KATHMANDU (N),,,,,,,,,,Yes,Jan 2024 [Paush 2080],,
202178,12/16/2023,Himal Power Ltd (NPR),Nepalese Rupee,1,,Unmatching gain/loss,Unrealized Matching Gain/Loss, 0.00 ," 465,755.82 ",unrealised matching (check in December),GJ/N-0010612,,E7010166 (N) Umesh Sharma,,Khimti JVC,KATHMANDU (N),,,,,,,12/17/2023,,,Yes,Dec 2023 [Mangsir 2080],GJ/N-0010613,
202179,12/17/2023,Himal Power Ltd (NPR),Nepalese Rupee,1,,Unmatching gain/loss,Unrealized Matching Gain/Loss," 465,755.82 ", 0.00 ,unrealised matching (check in December),GJ/N-0010613,,E7010166 (N) Umesh Sharma,,Khimti JVC,KATHMANDU (N),,,,,,,,,,Yes,Jan 2024 [Paush 2080],,
202180,12/16/2023,Himal Power Ltd (NPR),Nepalese Rupee,1,,,66030 RepMaintMachineTechPlantInstal," 7,000,000.00 ", 0.00 ,accruals for RM POs,GJ/N-0010614,,E7010166 (N) Umesh Sharma,,Khimti JVC,KIRNE (N),,,,,,,12/17/2023,,,Yes,Dec 2023 [Mangsir 2080],GJ/N-0010615,
202181,12/17/2023,Himal Power Ltd (NPR),Nepalese Rupee,1,,,66030 RepMaintMachineTechPlantInstal, 0.00 ," 7,000,000.00 ",accruals for RM POs,GJ/N-0010615,,E7010166 (N) Umesh Sharma,,Khimti JVC,KIRNE (N),,,,,,,,,,Yes,Jan 2024 [Paush 2080],,
202184,1/3/2024,Himal Power Ltd (NPR),Nepalese Rupee,1,,,17000 PrepaidExpenses," 229,567.13 ", 0.00 ,52282.NPR Premier Insurance Co. (Nepal) Ltd. / VAT Reclassification of vendorbill #80/81-31,GJ/N-0010616,,E5702070 (N) Bimala Khadka,,Khimti JVC,KATHMANDU (N),,,,,52282.NPR Premier Insurance Co. (Nepal) Ltd.,,,,,No,Jan 2024 [Paush 2080],,Bill #80/81-31
202202,12/27/2023,Himal Power Ltd (NPR),Nepalese Rupee,1,,,17000 PrepaidExpenses," 8,655,904.44 ", 0.00 ,52465.NPR Himalayan Everest Insurance Ltd / VAT Reclassification of vendorbill #KTM-23/24-6794,GJ/N-0010617,,E5702070 (N) Bimala Khadka,,Khimti JVC,KATHMANDU (N),,,,,52465.NPR Himalayan Everest Insurance Ltd,,,,,No,Jan 2024 [Paush 2080],,Bill #KTM-23/24-6794