58584,7/30/2013,Aug 2013 [Shrawan 2070],N-1,50001.NPR Nepal Electricity Authority,Himal Power Ltd (NPR),19201N SCB/NPR 01-0417289-01 CUR  (N),NEA NPR portion for Ashadh'70,NEA NPR portion for Ashadh'70,FIN,KATHMANDU (N),,,,Nepalese Rupee,1,INV/0000249," 9,714,393.12 ",INV/0000249,1,,15000 AccountReceivable,"($9,714,393.12)"," 9,714,393.12 ",E5702070 (N) Bimala Khadka
58585,7/30/2013,Aug 2013 [Shrawan 2070],N-2,50119.NPR Nepal Electricity Authority,Himal Power Ltd (NPR),19200N SCB/USD 01-0417319-51 CUR (N),NEA USD portion for Ashadh'70,NEA USD portion for Ashadh'70,FIN,KATHMANDU (N),,,,US Dollar,95.65,INV/0000247," 2,570,903.28 ",INV/0000247,1,,15000 AccountReceivable,"($2,570,903.28)"," 2,570,903.28 ",E5702070 (N) Bimala Khadka
59795,9/3/2013,Sep 2013 [Bhadra 2070],N-3,50001.NPR Nepal Electricity Authority,Himal Power Ltd (NPR),19201N SCB/NPR 01-0417289-01 CUR  (N),NEa payment Shrawan'70,NEa payment Shrawan'70,FIN,KATHMANDU (N),,,,Nepalese Rupee,1,INV/N-0000002," 9,714,393.12 ",INV/N-0000002,1,,15000 AccountReceivable,"($9,714,393.12)"," 9,714,393.12 ",E5702070 (N) Bimala Khadka
59796,9/3/2013,Sep 2013 [Bhadra 2070],N-4,50119.NPR Nepal Electricity Authority,Himal Power Ltd (NPR),19200N SCB/USD 01-0417319-51 CUR (N),NEA USD payment for Shrawan'70,NEA USD payment for Shrawan'70,FIN,KATHMANDU (N),,,,US Dollar,106.95,INV/N-0000003," 2,616,007.99 ",INV/N-0000003,1,,15000 AccountReceivable,"($2,616,007.99)"," 2,616,007.99 ",E5702070 (N) Bimala Khadka
60856,10/2/2013,Oct 2013 [Ashwin 2070],N-5,50001.NPR Nepal Electricity Authority,Himal Power Ltd (NPR),19201N SCB/NPR 01-0417289-01 CUR  (N),Payment of NEA NPR portion for Bhadra'70,Payment of NEA NPR portion for Bhadra'70,FIN,KATHMANDU (N),,,,Nepalese Rupee,1,INV/N-0000006," 9,714,393.12 ",INV/N-0000006,1,,15000 AccountReceivable,"($9,714,393.12)"," 9,714,393.12 ",E5702070 (N) Bimala Khadka
60857,10/2/2013,Oct 2013 [Ashwin 2070],N-6,50119.NPR Nepal Electricity Authority,Himal Power Ltd (NPR),19200N SCB/USD 01-0417319-51 CUR (N),Payment of NEA USD portion for Bhadra'70,Payment of NEA USD portion for Bhadra'70,FIN,KATHMANDU (N),,,,US Dollar,100.25,INV/N-0000005," 2,616,007.99 ",INV/N-0000005,1,,15000 AccountReceivable,"($2,616,007.99)"," 2,616,007.99 ",E5702070 (N) Bimala Khadka
62394,11/1/2013,Nov 2013 [Kartik 2070],N-7,50119.NPR Nepal Electricity Authority,Himal Power Ltd (NPR),19200N SCB/USD 01-0417319-51 CUR (N),NEA USD payment of Ashwin'70,NEA USD payment of Ashwin'70,FIN,KATHMANDU (N),,,,US Dollar,98.7,INV/N-0000009," 2,616,007.99 ",INV/N-0000009,1,,15000 AccountReceivable,"($2,616,007.99)"," 2,616,007.99 ",E5702070 (N) Bimala Khadka
62396,11/1/2013,Nov 2013 [Kartik 2070],N-8,50001.NPR Nepal Electricity Authority,Himal Power Ltd (NPR),19201N SCB/NPR 01-0417289-01 CUR  (N),NEA NPR portion for Ashwin'70,NEA NPR portion for Ashwin'70,FIN,KATHMANDU (N),,,,Nepalese Rupee,1,INV/N-0000008," 9,714,393.12 ",INV/N-0000008,1,,15000 AccountReceivable,"($9,714,393.12)"," 9,714,393.12 ",E5702070 (N) Bimala Khadka
63395,12/6/2013,Dec 2013 [Mangsir 2070],N-9,50001.NPR Nepal Electricity Authority,Himal Power Ltd (NPR),19201N SCB/NPR 01-0417289-01 CUR  (N),NEA NPR portion received for Kartik'70,NEA NPR portion received for Kartik'70,FIN,KATHMANDU (N),,,,Nepalese Rupee,1,INV/N-0000013," 2,258,263.98 ",INV/N-0000011,1,,15000 AccountReceivable,"($12,725,411.76)"," 12,725,411.76 ",E5702070 (N) Bimala Khadka
63396,12/6/2013,Dec 2013 [Mangsir 2070],N-10,50119.NPR Nepal Electricity Authority,Himal Power Ltd (NPR),19200N SCB/USD 01-0417319-51 CUR (N),NEA USD Portion for Kartik'70,NEA USD Portion for Kartik'70,FIN,KATHMANDU (N),,,,US Dollar,100.25,INV/N-0000012," 2,616,007.99 ",INV/N-0000012,1,,15000 AccountReceivable,"($2,616,007.99)"," 2,616,007.99 ",E5702070 (N) Bimala Khadka
63398,12/6/2013,Dec 2013 [Mangsir 2070],N-11,50022.NPR Nepal Electricity Authority (Royalty),Himal Power Ltd (NPR),19201N SCB/NPR 01-0417289-01 CUR  (N),Royalty received till Jestha'70,Royalty received till Jestha'70,FIN,KATHMANDU (N),,,,Nepalese Rupee,1,INV/0000251," 62,808,232.62 ",INV/0000251,1,,15000 AccountReceivable,"($62,808,232.62)"," 62,808,232.62 ",E5702070 (N) Bimala Khadka
63592,12/15/2013,Dec 2013 [Mangsir 2070],N-12,50116.NPR SN Power Nepal,Himal Power Ltd (NPR),19207N SCB/NPR 18-1107518-01 SAV  (N),Payment from SN Power from Aug to Nov'13,Payment from SN Power from Aug to Nov'13,FIN,KATHMANDU (N),,,,Nepalese Rupee,1,SC/N-0000014," 1,200.00 ",SC/N-0000001,1,,15400 IntercoShortTermReceivGroupCo,"($523,219.05)"," 523,219.05 ",E5702070 (N) Bimala Khadka
65207,12/31/2013,Jan 2014 [Paush 2070],N-13,50001.NPR Nepal Electricity Authority,Himal Power Ltd (NPR),19201N SCB/NPR 01-0417289-01 CUR  (N),NEA payment NPR portion for Marg'70,NEA payment NPR portion for Marg'70,FIN,KATHMANDU (N),,,,Nepalese Rupee,1,INV/N-0000016," 10,467,147.78 ",INV/N-0000016,1,,15000 AccountReceivable,"($10,467,147.78)"," 10,467,147.78 ",E5702070 (N) Bimala Khadka
65251,12/31/2013,Jan 2014 [Paush 2070],N-14,50119.NPR Nepal Electricity Authority,Himal Power Ltd (NPR),19200N SCB/USD 01-0417319-51 CUR (N),NEA Payment for Marg'70,NEA Payment for Marg'70,FIN,KATHMANDU (N),,,,US Dollar,99.25,INV/N-0000017," 4,367,876.28 ",INV/N-0000017,1,,15000 AccountReceivable,"($4,367,876.28)"," 4,367,876.28 ",E5702070 (N) Bimala Khadka
66523,1/29/2014,Feb 2014 [Magh 2070],N-15,50001.NPR Nepal Electricity Authority,Himal Power Ltd (NPR),19201N SCB/NPR 01-0417289-01 CUR  (N),NPR payment for Magh'70,NPR payment for Magh'70,FIN,KATHMANDU (N),,,,Nepalese Rupee,1,INV/N-0000022," 10,467,147.78 ",INV/N-0000022,1,,15000 AccountReceivable,"($10,467,147.78)"," 10,467,147.78 ",E5702070 (N) Bimala Khadka
66524,1/29/2014,Feb 2014 [Magh 2070],N-16,50119.NPR Nepal Electricity Authority,Himal Power Ltd (NPR),19200N SCB/USD 01-0417319-51 CUR (N),NEA USD payment for Poush'70,NEA USD payment for Poush'70,FIN,KATHMANDU (N),,,,US Dollar,99.7,INV/N-0000021," 4,231,338.17 ",INV/N-0000021,1,,15000 AccountReceivable,"($4,231,338.17)"," 4,231,338.17 ",E5702070 (N) Bimala Khadka
67966,2/28/2014,Mar 2014 [Phalgun 2070],N-17,50001.NPR Nepal Electricity Authority,Himal Power Ltd (NPR),19201N SCB/NPR 01-0417289-01 CUR  (N),NEA payment for Magh'70,NEA payment for Magh'70,FIN,KATHMANDU (N),,,,Nepalese Rupee,1,INV/N-0000024," 10,467,147.78 ",INV/N-0000024,1,,15000 AccountReceivable,"($10,467,147.78)"," 10,467,147.78 ",E5702070 (N) Bimala Khadka
67967,2/28/2014,Mar 2014 [Phalgun 2070],N-18,50119.NPR Nepal Electricity Authority,Himal Power Ltd (NPR),19200N SCB/USD 01-0417319-51 CUR (N),NEA USD payment received for Magh'70,NEA USD payment received for Magh'70,FIN,KATHMANDU (N),,,,US Dollar,99.35,INV/N-0000025," 3,525,594.86 ",INV/N-0000025,1,,15000 AccountReceivable,"($3,525,594.86)"," 3,525,594.86 ",E5702070 (N) Bimala Khadka
69472,4/13/2014,Apr 2014 [Chaitra 2070],N-19,50001.NPR Nepal Electricity Authority,Himal Power Ltd (NPR),19201N SCB/NPR 01-0417289-01 CUR  (N),NEA NPR portion for Phalgun'70,NEA NPR portion for Phalgun'70,FIN,KATHMANDU (N),,,,Nepalese Rupee,1,INV/N-0000029," 10,467,147.78 ",INV/N-0000029,1,,15000 AccountReceivable,"($10,467,147.78)"," 10,467,147.78 ",E5702070 (N) Bimala Khadka
69473,4/13/2014,Apr 2014 [Chaitra 2070],N-20,50119.NPR Nepal Electricity Authority,Himal Power Ltd (NPR),19200N SCB/USD 01-0417319-51 CUR (N),NEA USD Portion for Phalgun'70,NEA USD Portion for Phalgun'70,FIN,KATHMANDU (N),,,,US Dollar,96.55,INV/N-0000028," 3,350,432.84 ",INV/N-0000028,1,,15000 AccountReceivable,"($3,350,432.84)"," 3,350,432.84 ",E5702070 (N) Bimala Khadka
70662,4/30/2014,May 2014 [Baisakh 2071],N-21,50119.NPR Nepal Electricity Authority,Himal Power Ltd (NPR),19200N SCB/USD 01-0417319-51 CUR (N),NEA payment for Chaitra'70,NEA payment for Chaitra'70,FIN,KATHMANDU (N),,,,US Dollar,96.8,INV/N-0000033," 3,033,718.83 ",INV/N-0000033,1,,15000 AccountReceivable,"($3,033,718.83)"," 3,033,718.83 ",E5702070 (N) Bimala Khadka
70665,4/30/2014,May 2014 [Baisakh 2071],N-22,50001.NPR Nepal Electricity Authority,Himal Power Ltd (NPR),19201N SCB/NPR 01-0417289-01 CUR  (N),NEA payment for Chaitra'70,NEA payment for Chaitra'70,FIN,KATHMANDU (N),,,,Nepalese Rupee,1,INV/N-0000032," 10,467,147.78 ",INV/N-0000032,1,,15000 AccountReceivable,"($10,467,147.78)"," 10,467,147.78 ",E5702070 (N) Bimala Khadka
72092,6/13/2014,Jun 2014 [Jestha 2071],N-23,50119.NPR Nepal Electricity Authority,Himal Power Ltd (NPR),19200N SCB/USD 01-0417319-51 CUR (N),NEA payment for Baisakh'71,NEA payment for Baisakh'71,FIN,KATHMANDU (N),,,,US Dollar,95.35,INV/N-0000035," 2,015,850.49 ",INV/N-0000035,1,,15000 AccountReceivable,"($2,015,850.49)"," 2,015,850.49 ",E5702070 (N) Bimala Khadka
72114,5/30/2014,Jun 2014 [Jestha 2071],N-24,50001.NPR Nepal Electricity Authority,Himal Power Ltd (NPR),19201N SCB/NPR 01-0417289-01 CUR  (N),NEA NPR portion for Baisakh'71,NEA NPR portion for Baisakh'71,FIN,KATHMANDU (N),,,,Nepalese Rupee,1,INV/N-0000036," 9,360,037.56 ",INV/N-0000036,1,,15000 AccountReceivable,"($9,360,037.56)"," 9,360,037.56 ",E5702070 (N) Bimala Khadka
72115,5/15/2014,Jun 2014 [Jestha 2071],N-25,50116.NPR SN Power Nepal,Himal Power Ltd (NPR),19201N SCB/NPR 01-0417289-01 CUR  (N),Payment from SN Power till 14th May'14,Payment from SN Power till 14th May'14,FIN,KATHMANDU (N),,,,Nepalese Rupee,1,SC/N-0000045," 4,737.58 ",SC/N-0000036,1,,15400 IntercoShortTermReceivGroupCo,"($986,492.91)"," 986,492.91 ",E5702070 (N) Bimala Khadka
72116,5/15/2014,Jun 2014 [Jestha 2071],N-26,50116.NPR SN Power Nepal,Himal Power Ltd (NPR),19201N SCB/NPR 01-0417289-01 CUR  (N),Payment from SN Power till 14th May'14,Payment from SN Power till 14th May'14,FIN,KATHMANDU (N),,,,Nepalese Rupee,1,INV/N-0000030," 151,483.59 ",INV/N-0000026,1,,15000 AccountReceivable,"($261,618.00)"," 261,618.00 ",E5702070 (N) Bimala Khadka
72139,5/15/2014,Jun 2014 [Jestha 2071],N-27,50128.NPR SN Power Nepal,Himal Power Ltd (NPR),19200N SCB/USD 01-0417319-51 CUR (N),Payment received from SN Power,Payment received from SN Power,FIN,KATHMANDU (N),,,,US Dollar,95.45,INV/N-0000019," 2,540.00 ",INV/N-0000019,1,,15400 IntercoShortTermReceivGroupCo,"($2,540.00)"," 2,540.00 ",E5702070 (N) Bimala Khadka
72227,5/15/2014,Jun 2014 [Jestha 2071],N-28,50132.NPR SN Power Norway AS,Himal Power Ltd (NPR),19201N SCB/NPR 01-0417289-01 CUR  (N),IFRS audit fee reimbursed from SN Power,IFRS audit fee reimbursed from SN Power,FIN,KATHMANDU (N),,,,US Dollar,94.85,INV/N-0000027," 4,272.75 ",INV/N-0000027,1,,15000 AccountReceivable,"($4,272.75)"," 4,272.75 ",E5702070 (N) Bimala Khadka
73626,6/30/2014,Jul 2014 [Ashad 2071],N-29,50001.NPR Nepal Electricity Authority,Himal Power Ltd (NPR),19201N SCB/NPR 01-0417289-01 CUR  (N),NEA NPR portion payment for Jestha'71,NEA NPR portion payment for Jestha'71,FIN,KATHMANDU (N),,,,Nepalese Rupee,1,INV/N-0000038," 6,126,161.06 ",INV/N-0000038,1,,15000 AccountReceivable,"($6,126,161.06)"," 6,126,161.06 ",E5702070 (N) Bimala Khadka
73627,6/30/2014,Jul 2014 [Ashad 2071],N-30,50119.NPR Nepal Electricity Authority,Himal Power Ltd (NPR),19200N SCB/USD 01-0417319-51 CUR (N),USD portion payment for Jestha'71,USD portion payment for Jestha'71,FIN,KATHMANDU (N),,,,US Dollar,96.35,INV/N-0000039," 1,531,083.38 ",INV/N-0000039,1,,15000 AccountReceivable,"($1,531,083.38)"," 1,531,083.38 ",E5702070 (N) Bimala Khadka
75000,8/3/2014,Aug 2014 [Shrawan 2071],N-31,50001.NPR Nepal Electricity Authority,Himal Power Ltd (NPR),19201N SCB/NPR 01-0417289-01 CUR  (N),NPR portion Ashadh'71,NPR portion Ashadh'71,FIN,KATHMANDU (N),,,,Nepalese Rupee,1,INV/N-0000042," 10,467,147.78 ",INV/N-0000042,1,,15000 AccountReceivable,"($10,467,147.78)"," 10,467,147.78 ",E5702070 (N) Bimala Khadka
75001,8/1/2014,Aug 2014 [Shrawan 2071],N-32,50119.NPR Nepal Electricity Authority,Himal Power Ltd (NPR),19200N SCB/USD 01-0417319-51 CUR (N),NEA USD portion for Ashadh'71,NEA USD portion for Ashadh'71,FIN,KATHMANDU (N),,,,US Dollar,97.5,INV/N-0000041," 2,616,006.31 ",INV/N-0000041,1,,15000 AccountReceivable,"($2,616,006.31)"," 2,616,006.31 ",E5702070 (N) Bimala Khadka
75004,7/22/2014,Aug 2014 [Shrawan 2071],N-33,50116.NPR SN Power Nepal,Himal Power Ltd (NPR),19201N SCB/NPR 01-0417289-01 CUR  (N),SN Power's payment for Baisakh & Jestha,SN Power's payment for Baisakh & Jestha,FIN,KATHMANDU (N),,,,Nepalese Rupee,1,SC/N-0000091," 7,330.68 ",SC/N-0000089,1,,15400 IntercoShortTermReceivGroupCo,"($245,184.63)"," 245,184.63 ",E5702070 (N) Bimala Khadka
76046,9/1/2014,Sep 2014 [Bhadra 2071],N-34,50001.NPR Nepal Electricity Authority,Himal Power Ltd (NPR),19201N SCB/NPR 01-0417289-01 CUR  (N),NEA NPR portion for Shrawan'71,NEA NPR portion for Shrawan'71,FIN,KATHMANDU (N),,,,Nepalese Rupee,1,INV/N-0000046," 10,467,147.78 ",INV/N-0000046,1,,15000 AccountReceivable,"($10,467,147.78)"," 10,467,147.78 ",E5702070 (N) Bimala Khadka
76047,9/1/2014,Sep 2014 [Bhadra 2071],N-35,50119.NPR Nepal Electricity Authority,Himal Power Ltd (NPR),19200N SCB/USD 01-0417319-51 CUR (N),NEA USD porton for Shrawan'71,NEA USD porton for Shrawan'71,FIN,KATHMANDU (N),,,,US Dollar,97.1,INV/N-0000045," 2,670,220.54 ",INV/N-0000045,1,,15000 AccountReceivable,"($2,670,220.54)"," 2,670,220.54 ",E5702070 (N) Bimala Khadka
77220,9/30/2014,Oct 2014 [Ashwin 2071],N-36,50001.NPR Nepal Electricity Authority,Himal Power Ltd (NPR),19201N SCB/NPR 01-0417289-01 CUR  (N),,,FIN,KATHMANDU (N),,,,Nepalese Rupee,1,INV/N-0000048," 10,467,147.78 ",INV/N-0000048,1,,15000 AccountReceivable,"($10,467,147.78)"," 10,467,147.78 ",E5702070 (N) Bimala Khadka
77223,9/30/2014,Oct 2014 [Ashwin 2071],N-37,50119.NPR Nepal Electricity Authority,Himal Power Ltd (NPR),19200N SCB/USD 01-0417319-51 CUR (N),,,FIN,KATHMANDU (N),,,,US Dollar,98.9,INV/N-0000049," 2,670,220.54 ",INV/N-0000049,1,,15000 AccountReceivable,"($2,670,220.54)"," 2,670,220.54 ",E5702070 (N) Bimala Khadka
77283,9/24/2014,Oct 2014 [Ashwin 2071],N-38,50022.NPR Nepal Electricity Authority (Royalty),Himal Power Ltd (NPR),19213N NMB/NPR 0200010920300038 CUR  (N),,,FIN,KATHMANDU (N),,,,Nepalese Rupee,1,INV/N-0000044," 55,907,289.09 ",INV/N-0000044,1,,15000 AccountReceivable,"($55,907,289.09)"," 55,907,289.09 ",E5702070 (N) Bimala Khadka
78738,11/4/2014,Nov 2014 [Kartik 2071],N-39,50001.NPR Nepal Electricity Authority,Himal Power Ltd (NPR),19201N SCB/NPR 01-0417289-01 CUR  (N),NEA payment Ashwin'71,NEA payment Ashwin'71,FIN,KATHMANDU (N),,,,Nepalese Rupee,1,INV/N-0000051," 10,467,147.78 ",INV/N-0000051,1,,15000 AccountReceivable,"($10,467,147.78)"," 10,467,147.78 ",E5702070 (N) Bimala Khadka
78739,11/4/2014,Nov 2014 [Kartik 2071],N-40,50119.NPR Nepal Electricity Authority,Himal Power Ltd (NPR),19200N SCB/USD 01-0417319-51 CUR (N),NEA USD portion for Ashwin'71,NEA USD portion for Ashwin'71,FIN,KATHMANDU (N),,,,US Dollar,98.5,INV/N-0000052," 2,670,220.54 ",INV/N-0000052,1,,15000 AccountReceivable,"($2,670,220.54)"," 2,670,220.54 ",E5702070 (N) Bimala Khadka
79985,12/3/2014,Dec 2014 [Mangsir 2071],N-41,50001.NPR Nepal Electricity Authority,Himal Power Ltd (NPR),19201N SCB/NPR 01-0417289-01 CUR  (N),NEA NPR portion for Kartik'71,NEA NPR portion for Kartik'71,FIN,KATHMANDU (N),,,,Nepalese Rupee,1,INV/N-0000057," 10,467,147.78 ",INV/N-0000057,1,,15000 AccountReceivable,"($10,467,147.78)"," 10,467,147.78 ",E5702070 (N) Bimala Khadka
79986,12/3/2014,Dec 2014 [Mangsir 2071],N-42,50119.NPR Nepal Electricity Authority,Himal Power Ltd (NPR),19200N SCB/USD 01-0417319-51 CUR (N),NEA USD portion for Kartik'71,NEA USD portion for Kartik'71,FIN,KATHMANDU (N),,,,US Dollar,99.35,INV/N-0000056," 2,670,220.52 ",INV/N-0000056,1,,15000 AccountReceivable,"($2,670,220.52)"," 2,670,220.52 ",E5702070 (N) Bimala Khadka
81534,1/1/2015,Jan 2015 [Paush 2071],N-43,50119.NPR Nepal Electricity Authority,Himal Power Ltd (NPR),19200N SCB/USD 01-0417319-51 CUR (N),,,FIN,KATHMANDU (N),,,,US Dollar,100.2,INV/N-0000059," 4,036,262.74 ",INV/N-0000059,1,,15000 AccountReceivable,"($4,036,262.74)"," 4,036,262.74 ",E5702070 (N) Bimala Khadka
81549,12/31/2014,Jan 2015 [Paush 2071],N-44,50001.NPR Nepal Electricity Authority,Himal Power Ltd (NPR),19201N SCB/NPR 01-0417289-01 CUR  (N),,,FIN,KATHMANDU (N),,,,Nepalese Rupee,1,INV/N-0000060," 14,697,963.42 ",INV/N-0000060,1,,15000 AccountReceivable,"($14,697,963.42)"," 14,697,963.42 ",E5702070 (N) Bimala Khadka
81551,1/13/2015,Jan 2015 [Paush 2071],N-45,00024.NPR Statkraft AS,Himal Power Ltd (NPR),19201N SCB/NPR 01-0417289-01 CUR  (N),,,FIN,KATHMANDU (N),,,,US Dollar,99,INV/N-0000055," 2,725.87 ",INV/N-0000055,1,,15000 AccountReceivable,"($2,725.87)"," 2,725.87 ",E5702070 (N) Bimala Khadka
82085,2/2/2015,Feb 2015 [Magh 2071],N-46,50001.NPR Nepal Electricity Authority,Himal Power Ltd (NPR),19201N SCB/NPR 01-0417289-01 CUR  (N),NEA payment NPR portion for Poush'71,NEA payment NPR portion for Poush'71,FIN,KATHMANDU (N),,,,Nepalese Rupee,1,INV/N-0000063," 11,313,310.91 ",INV/N-0000063,1,,15000 AccountReceivable,"($11,313,310.91)"," 11,313,310.91 ",E5702070 (N) Bimala Khadka
82086,2/3/2015,Feb 2015 [Magh 2071],N-47,50119.NPR Nepal Electricity Authority,Himal Power Ltd (NPR),19200N SCB/USD 01-0417319-51 CUR (N),Payment-NEA USD portion for Poush'71,Payment-NEA USD portion for Poush'71,FIN,KATHMANDU (N),,,,US Dollar,98.9,INV/N-0000064," 4,150,041.52 ",INV/N-0000064,1,,15000 AccountReceivable,"($4,150,041.52)"," 4,150,041.52 ",E5702070 (N) Bimala Khadka
82094,1/19/2015,Feb 2015 [Magh 2071],N-48,50116.NPR SN Power Nepal,Himal Power Ltd (NPR),19201N SCB/NPR 01-0417289-01 CUR  (N),SN Power's payment till Dec'14,SN Power's payment till Dec'14,FIN,KATHMANDU (N),,,,Nepalese Rupee,1,SC/N-0000138, 376.84 ,SC/N-0000117,1,,15400 IntercoShortTermReceivGroupCo,"($667,535.58)"," 667,535.58 ",E5702070 (N) Bimala Khadka
82095,1/19/2015,Feb 2015 [Magh 2071],N-49,50116.NPR SN Power Nepal,Himal Power Ltd (NPR),19201N SCB/NPR 01-0417289-01 CUR  (N),Payment received from SNP,Payment received from SNP,FIN,KATHMANDU (N),,,,Nepalese Rupee,1,INV/N-0000054," 102,063.92 ",INV/N-0000054,1,,15000 AccountReceivable,"($102,063.92)"," 102,063.92 ",E5702070 (N) Bimala Khadka
84067,3/1/2015,Mar 2015 [Phalgun 2071],N-50,50001.NPR Nepal Electricity Authority,Himal Power Ltd (NPR),19201N SCB/NPR 01-0417289-01 CUR  (N),,,FIN,KATHMANDU (N),,,,Nepalese Rupee,1,INV/N-0000066," 11,313,312.32 ",INV/N-0000066,1,,15000 AccountReceivable,"($11,313,312.32)"," 11,313,312.32 ",E5702070 (N) Bimala Khadka
84068,3/1/2015,Mar 2015 [Phalgun 2071],N-51,50119.NPR Nepal Electricity Authority,Himal Power Ltd (NPR),19200N SCB/USD 01-0417319-51 CUR (N),,,FIN,KATHMANDU (N),,,,US Dollar,99.2,INV/N-0000065," 3,548,789.86 ",INV/N-0000065,1,,15000 AccountReceivable,"($3,548,789.86)"," 3,548,789.86 ",E5702070 (N) Bimala Khadka
85634,3/30/2015,Adjustment 2071,N-52,50116.NPR SN Power Nepal,Himal Power Ltd (NPR),19201N SCB/NPR 01-0417289-01 CUR  (N),,,FIN,KATHMANDU (N),,,,Nepalese Rupee,1,INV/N-0000067," 77,906.07 ",SC/N-0000163,1,,15400 IntercoShortTermReceivGroupCo,"($306,208.80)"," 306,208.80 ",E5702070 (N) Bimala Khadka
85635,4/1/2015,Apr 2015 [Chaitra 2071],N-53,50001.NPR Nepal Electricity Authority,Himal Power Ltd (NPR),19201N SCB/NPR 01-0417289-01 CUR  (N),NEA payment of Phalgun'71,NEA payment of Phalgun'71,FIN,KATHMANDU (N),,,,Nepalese Rupee,1,INV/N-0000068," 11,313,312.32 ",INV/N-0000068,1,,15000 AccountReceivable,"($11,313,312.32)"," 11,313,312.32 ",E5702070 (N) Bimala Khadka
85641,4/1/2015,Apr 2015 [Chaitra 2071],N-54,50119.NPR Nepal Electricity Authority,Himal Power Ltd (NPR),19200N SCB/USD 01-0417319-51 CUR (N),NEA USD payment for Phalgun'71,NEA USD payment for Phalgun'71,FIN,KATHMANDU (N),,,,US Dollar,100.4,INV/N-0000069," 3,590,275.79 ",INV/N-0000069,1,,15000 AccountReceivable,"($3,590,275.79)"," 3,590,275.79 ",E5702070 (N) Bimala Khadka
85655,4/15/2015,May 2015 [Baisakh 2072],N-55,50133.NPR Statkraft AS,Himal Power Ltd (NPR),19201N SCB/NPR 01-0417289-01 CUR  (N),Statkraft SF's payment,Statkraft SF's payment,FIN,KATHMANDU (N),,,,US Dollar,99.449999,SC/N-0000178, 955.47 ,SC/N-0000177,1,,15400 IntercoShortTermReceivGroupCo,"($5,955.47)"," 5,955.47 ",E5702070 (N) Bimala Khadka
85803,3/31/2015,Adjustment 2071,N-56,50022.NPR Nepal Electricity Authority (Royalty),Himal Power Ltd (NPR),19213N NMB/NPR 0200010920300038 CUR  (N),Royalty received from NEA,VOID,FIN,KATHMANDU (N),,,,Nepalese Rupee,1, , 0.00 ,,1,,15000 AccountReceivable,$0.00 , 0.00 ,E5702070 (N) Bimala Khadka
86009,5/6/2015,May 2015 [Baisakh 2072],N-57,50119.NPR Nepal Electricity Authority,Himal Power Ltd (NPR),19200N SCB/USD 01-0417319-51 CUR (N),NEA payment for Chaitra'71,NEA payment for Chaitra'71,FIN,KATHMANDU (N),,,,US Dollar,101.65,INV/N-0000070," 1,685,211.41 ",INV/N-0000070,1,,15000 AccountReceivable,"($3,367,012.86)"," 3,367,012.86 ",E5702070 (N) Bimala Khadka
86011,5/6/2015,May 2015 [Baisakh 2072],N-58,50001.NPR Nepal Electricity Authority,Himal Power Ltd (NPR),19201N SCB/NPR 01-0417289-01 CUR  (N),NPR-NEA payment for Chaitra'71,NPR-NEA payment for Chaitra'71,FIN,KATHMANDU (N),,,,Nepalese Rupee,1,INV/N-0000071," 6,033,766.57 ",INV/N-0000071,1,,15000 AccountReceivable,"($11,234,117.73)"," 11,234,117.73 ",E5702070 (N) Bimala Khadka
86036,5/14/2015,May 2015 [Baisakh 2072],N-59,00024.NPR Statkraft AS,Himal Power Ltd (NPR),71900 OtherTravelExpenses,Rect-PM's reimbursement expense-,Rect-PM's reimbursement expense-,FIN,KATHMANDU (N),,,,US Dollar,99,SC/N-0000151, 155.45 ,SC/N-0000151,1,,15400 IntercoShortTermReceivGroupCo,($155.45), 155.45 ,E5702070 (N) Bimala Khadka
86037,5/14/2015,May 2015 [Baisakh 2072],N-60,00024.NPR Statkraft AS,Himal Power Ltd (NPR),70900 OtherExpensesMeansTransport,Rect-PM's reimbursement expenses,Rect-PM's reimbursement expenses,FIN,KATHMANDU (N),,,,US Dollar,99,SC/N-0000152, 80.31 ,SC/N-0000152,1,,15400 IntercoShortTermReceivGroupCo,($80.31), 80.31 ,E5702070 (N) Bimala Khadka
88746,6/2/2015,Jun 2015 [Jestha 2072],N-61,50001.NPR Nepal Electricity Authority,Himal Power Ltd (NPR),19201N SCB/NPR 01-0417289-01 CUR  (N),NEA NPR portion payment for Baisakh'72,NEA NPR portion payment for Baisakh'72,FIN,KATHMANDU (N),,,,Nepalese Rupee,1,INV/N-0000075," 11,143,611.25 ",INV/N-0000075,1,,15000 AccountReceivable,"($11,143,611.25)"," 11,143,611.25 ",E5702070 (N) Bimala Khadka
88747,6/15/2015,Jun 2015 [Jestha 2072],N-62,50119.NPR Nepal Electricity Authority,Himal Power Ltd (NPR),19200N SCB/USD 01-0417319-51 CUR (N),NEA USD portion payment for Baisakh'72,NEA USD portion payment for Baisakh'72,FIN,KATHMANDU (N),,,,US Dollar,102.8,INV/N-0000076," 3,777,889.72 ",INV/N-0000076,1,,15000 AccountReceivable,"($3,777,889.72)"," 3,777,889.72 ",E5702070 (N) Bimala Khadka
90414,7/1/2015,Jul 2015 [Ashad 2072],N-63,50001.NPR Nepal Electricity Authority,Himal Power Ltd (NPR),19201N SCB/NPR 01-0417289-01 CUR  (N),,,FIN,KATHMANDU (N),,,,Nepalese Rupee,1,INV/N-0000072," 79,190.37 ",INV/N-0000072,1,,15000 AccountReceivable,"($11,435,670.15)"," 11,435,670.15 ",E5702070 (N) Bimala Khadka
90415,7/1/2015,Jul 2015 [Ashad 2072],N-64,50119.NPR Nepal Electricity Authority,Himal Power Ltd (NPR),19200N SCB/USD 01-0417319-51 CUR (N),,,FIN,KATHMANDU (N),,,,US Dollar,102.1,INV/N-0000073," 25,613.66 ",INV/N-0000073,1,,15000 AccountReceivable,"($2,723,500.47)"," 2,723,500.47 ",E5702070 (N) Bimala Khadka
91901,8/2/2015,Aug 2015 [Shrawan 2072],N-65,50119.NPR Nepal Electricity Authority,Himal Power Ltd (NPR),19200N SCB/USD 01-0417319-51 CUR (N),NEA payment for Ashadh'72,NEA payment for Ashadh'72,FIN,KATHMANDU (N),,,,US Dollar,102.9,INV/N-0000081," 2,670,220.54 ",INV/N-0000081,1,,15000 AccountReceivable,"($2,670,220.54)"," 2,670,220.54 ",E5702070 (N) Bimala Khadka
91902,8/2/2015,Aug 2015 [Shrawan 2072],N-66,50001.NPR Nepal Electricity Authority,Himal Power Ltd (NPR),19201N SCB/NPR 01-0417289-01 CUR  (N),NEA payment NPR Ashadh'72,NEA payment NPR Ashadh'72,FIN,KATHMANDU (N),,,,Nepalese Rupee,1,INV/N-0000080," 11,313,310.91 ",INV/N-0000080,1,,15000 AccountReceivable,"($11,313,310.91)"," 11,313,310.91 ",E5702070 (N) Bimala Khadka
91930,7/17/2015,Aug 2015 [Shrawan 2072],N-67,00024.NPR Statkraft AS,Himal Power Ltd (NPR),19200N SCB/USD 01-0417319-51 CUR (N),Audit fee received from Statkraft AS,Audit fee received from Statkraft AS,FIN,KATHMANDU (N),,,,US Dollar,101.85,SC/N-0000204," 5,228.38 ",SC/N-0000204,1,,15400 IntercoShortTermReceivGroupCo,"($5,228.38)"," 5,228.38 ",E5702070 (N) Bimala Khadka
93037,3/31/2015,Adjustment 2071,N-68,50022.NPR Nepal Electricity Authority (Royalty),Himal Power Ltd (NPR),19213N NMB/NPR 0200010920300038 CUR  (N),Royalty received from NEA,Royalty received from NEA,FIN,KATHMANDU (N),,,,Nepalese Rupee,1,INV/N-0000044," 5,294,334.66 ",INV/N-0000044,1,,15000 AccountReceivable,"($21,645,439.67)"," 21,645,439.67 ",E5702070 (N) Bimala Khadka
93038,7/16/2015,Jul 2015 [Ashad 2072],N-69,50022.NPR Nepal Electricity Authority (Royalty),Himal Power Ltd (NPR),76100 Royalty,Reversed-Royalty double booked for Kartik and Marg'71,Reversed-Royalty double booked for Kartik and Marg'71,FIN,KATHMANDU (N),,,,Nepalese Rupee,1,INV/N-0000061," 13,979,780.32 ",INV/N-0000061,1,,15000 AccountReceivable,"($13,979,780.32)"," 13,979,780.32 ",E5702070 (N) Bimala Khadka
93227,9/13/2015,Sep 2015 [Bhadra 2072],N-70,50022.NPR Nepal Electricity Authority (Royalty),Himal Power Ltd (NPR),19213N NMB/NPR 0200010920300038 CUR  (N),Royalty received from NEA from Ashadh to Ashwin'70,Royalty received from NEA from Ashadh to Ashwin'70,FIN,KATHMANDU (N),,,,Nepalese Rupee,1,INV/N-0000018," 21,581,788.99 ",INV/N-0000018,1,,15000 AccountReceivable,"($21,581,788.99)"," 21,581,788.99 ",E5702070 (N) Bimala Khadka
93234,9/2/2015,Sep 2015 [Bhadra 2072],N-71,50001.NPR Nepal Electricity Authority,Himal Power Ltd (NPR),19201N SCB/NPR 01-0417289-01 CUR  (N),,,FIN,KATHMANDU (N),,,,Nepalese Rupee,1,INV/N-0000083," 11,313,310.91 ",INV/N-0000083,1,,15000 AccountReceivable,"($11,313,310.91)"," 11,313,310.91 ",E5702070 (N) Bimala Khadka
93235,9/3/2015,Sep 2015 [Bhadra 2072],N-72,50119.NPR Nepal Electricity Authority,Himal Power Ltd (NPR),19200N SCB/USD 01-0417319-51 CUR (N),,,FIN,KATHMANDU (N),,,,US Dollar,106.2,INV/N-0000084," 2,673,525.50 ",INV/N-0000084,1,,15000 AccountReceivable,"($2,673,525.50)"," 2,673,525.50 ",E5702070 (N) Bimala Khadka
94617,10/4/2015,Oct 2015 [Ashwin 2072],N-73,50001.NPR Nepal Electricity Authority,Himal Power Ltd (NPR),19201N SCB/NPR 01-0417289-01 CUR  (N),NEA's payment for Bhadra'72,NEA's payment for Bhadra'72,FIN,KATHMANDU (N),,,,Nepalese Rupee,1,INV/N-0000088," 11,313,310.91 ",INV/N-0000088,1,,15000 AccountReceivable,"($11,313,310.91)"," 11,313,310.91 ",E5702070 (N) Bimala Khadka
94618,10/4/2015,Oct 2015 [Ashwin 2072],N-74,50119.NPR Nepal Electricity Authority,Himal Power Ltd (NPR),19200N SCB/USD 01-0417319-51 CUR (N),NEA's payment for Bhadra'72,NEA's payment for Bhadra'72,FIN,KATHMANDU (N),,,,US Dollar,105.1,INV/N-0000089," 2,673,525.50 ",INV/N-0000089,1,,15000 AccountReceivable,"($2,673,525.50)"," 2,673,525.50 ",E5702070 (N) Bimala Khadka
95871,11/2/2015,Nov 2015 [Kartik 2072],N-75,50022.NPR Nepal Electricity Authority (Royalty),Himal Power Ltd (NPR),19201N SCB/NPR 01-0417289-01 CUR  (N),Royalty received from NEA,Royalty received from NEA,FIN,KATHMANDU (N),,,,Nepalese Rupee,1,INV/N-0000086," 29,700,173.58 ",INV/N-0000086,1,,15000 AccountReceivable,"($29,700,173.58)"," 29,700,173.58 ",E5702070 (N) Bimala Khadka
95892,11/10/2015,Nov 2015 [Kartik 2072],N-76,50001.NPR Nepal Electricity Authority,Himal Power Ltd (NPR),19201N SCB/NPR 01-0417289-01 CUR  (N),NEA payment NPR portion for Ashwin'72,NEA payment NPR portion for Ashwin'72,FIN,KATHMANDU (N),,,,Nepalese Rupee,1,INV/N-0000092," 11,313,310.91 ",INV/N-0000092,1,,15000 AccountReceivable,"($11,313,310.91)"," 11,313,310.91 ",E5702070 (N) Bimala Khadka
95897,11/10/2015,Nov 2015 [Kartik 2072],N-77,50119.NPR Nepal Electricity Authority,Himal Power Ltd (NPR),19200N SCB/USD 01-0417319-51 CUR (N),NEA USD Portion-Ashwin'72,NEA USD Portion-Ashwin'72,FIN,KATHMANDU (N),,,,US Dollar,106.45,INV/N-0000091," 2,673,525.50 ",INV/N-0000091,1,,15000 AccountReceivable,"($2,673,525.50)"," 2,673,525.50 ",E5702070 (N) Bimala Khadka
96762,12/2/2015,Dec 2015 [Mangsir 2072],N-78,50001.NPR Nepal Electricity Authority,Himal Power Ltd (NPR),19201N SCB/NPR 01-0417289-01 CUR  (N),NEA NPR portion payment for Kartik'72,NEA NPR portion payment for Kartik'72,FIN,KATHMANDU (N),,,,Nepalese Rupee,1,INV/N-0000095," 11,313,310.91 ",INV/N-0000095,1,,15000 AccountReceivable,"($11,313,310.91)"," 11,313,310.91 ",E5702070 (N) Bimala Khadka
96767,12/3/2015,Dec 2015 [Mangsir 2072],N-79,50119.NPR Nepal Electricity Authority,Himal Power Ltd (NPR),19200N SCB/USD 01-0417319-51 CUR (N),NEA USD portion payment for Kartik'72,NEA USD portion payment for Kartik'72,FIN,KATHMANDU (N),,,,US Dollar,107.05,INV/N-0000096," 2,673,525.50 ",INV/N-0000096,1,,15000 AccountReceivable,"($2,673,525.50)"," 2,673,525.50 ",E5702070 (N) Bimala Khadka
96817,12/6/2015,Dec 2015 [Mangsir 2072],N-80,50022.NPR Nepal Electricity Authority (Royalty),Himal Power Ltd (NPR),19213N NMB/NPR 0200010920300038 CUR  (N),Royalty from NEA fromPhalgun'71 to Jestha'72,Royalty from NEA fromPhalgun'71 to Jestha'72,FIN,KATHMANDU (N),,,,Nepalese Rupee,1,INV/N-0000086," 97,307,588.72 ",INV/N-0000086,1,,15000 AccountReceivable,"($97,307,588.72)"," 97,307,588.72 ",E5702070 (N) Bimala Khadka
98210,1/1/2016,Jan 2016 [Paush 2072],N-81,50001.NPR Nepal Electricity Authority,Himal Power Ltd (NPR),19201N SCB/NPR 01-0417289-01 CUR  (N),NEA payment for Marg'72,NEA payment for Marg'72,FIN,KATHMANDU (N),,,,Nepalese Rupee,1,INV/N-0000097," 15,599,074.17 ",INV/N-0000088,1,,15000 AccountReceivable,"($15,599,077.57)"," 15,599,077.57 ",E5702070 (N) Bimala Khadka
98226,1/1/2016,Jan 2016 [Paush 2072],N-82,50119.NPR Nepal Electricity Authority,Himal Power Ltd (NPR),19200N SCB/USD 01-0417319-51 CUR (N),,,FIN,KATHMANDU (N),,,,US Dollar,106.15,INV/N-0000098," 3,505,788.68 ",INV/N-0000098,1,,15000 AccountReceivable,"($3,505,788.68)"," 3,505,788.68 ",E5702070 (N) Bimala Khadka
99292,2/2/2016,Feb 2016 [Magh 2072],N-83,50001.NPR Nepal Electricity Authority,Himal Power Ltd (NPR),19201N SCB/NPR 01-0417289-01 CUR  (N),NEA payment for Poush'72,NEA payment for Poush'72,FIN,KATHMANDU (N),,,,Nepalese Rupee,1,INV/N-0000102," 12,170,464.23 ",INV/N-0000102,1,,15000 AccountReceivable,"($12,170,464.23)"," 12,170,464.23 ",E5702070 (N) Bimala Khadka
99344,2/2/2016,Feb 2016 [Magh 2072],N-84,50119.NPR Nepal Electricity Authority,Himal Power Ltd (NPR),19200N SCB/USD 01-0417319-51 CUR (N),NEA USD portion payment Poush'72,NEA USD portion payment Poush'72,FIN,KATHMANDU (N),,,,US Dollar,108.85,INV/N-0000101," 3,811,262.14 ",INV/N-0000101,1,,15000 AccountReceivable,"($3,811,262.14)"," 3,811,262.14 ",E5702070 (N) Bimala Khadka
100403,3/1/2016,Mar 2016 [Phalgun 2072],N-85,50001.NPR Nepal Electricity Authority,Himal Power Ltd (NPR),19201N SCB/NPR 01-0417289-01 CUR  (N),NEA NPR payment for Phalgun'72,NEA NPR payment for Phalgun'72,FIN,KATHMANDU (N),,,,Nepalese Rupee,1,INV/N-0000105," 12,170,464.23 ",INV/N-0000105,1,,15000 AccountReceivable,"($12,170,464.23)"," 12,170,464.23 ",E5702070 (N) Bimala Khadka
100404,3/1/2016,Mar 2016 [Phalgun 2072],N-86,50119.NPR Nepal Electricity Authority,Himal Power Ltd (NPR),19200N SCB/USD 01-0417319-51 CUR (N),,,FIN,KATHMANDU (N),,,,US Dollar,109.5,INV/N-0000104," 3,449,469.80 ",INV/N-0000104,1,,15000 AccountReceivable,"($3,449,469.80)"," 3,449,469.80 ",E5702070 (N) Bimala Khadka
101980,3/29/2016,Apr 2016 [Chaitra 2072],N-87,50001.NPR Nepal Electricity Authority,Himal Power Ltd (NPR),19201N SCB/NPR 01-0417289-01 CUR  (N),NEA payment for Phalgun'72-NPR Portion,NEA payment for Phalgun'72-NPR Portion,FIN,KATHMANDU (N),,,,Nepalese Rupee,1,INV/N-0000107," 12,170,464.69 ",INV/N-0000107,1,,15000 AccountReceivable,"($12,170,464.69)"," 12,170,464.69 ",E5702070 (N) Bimala Khadka
101982,3/30/2016,Apr 2016 [Chaitra 2072],N-88,50119.NPR Nepal Electricity Authority,Himal Power Ltd (NPR),19200N SCB/USD 01-0417319-51 CUR (N),NEA payment for Phalgun'72-USD Portion,NEA payment for Phalgun'72-USD Portion,FIN,KATHMANDU (N),,,,US Dollar,106.5,INV/N-0000108," 3,275,296.41 ",INV/N-0000108,1,,15000 AccountReceivable,"($3,275,296.41)"," 3,275,296.41 ",E5702070 (N) Bimala Khadka
101997,3/16/2016,Apr 2016 [Chaitra 2072],N-89,50022.NPR Nepal Electricity Authority (Royalty),Himal Power Ltd (NPR),19213N NMB/NPR 0200010920300038 CUR  (N),Capacity royalty-2070-71 (Chaitra 61-17) & Ashadh to Ashwin'72,Capacity royalty-2070-71 (Chaitra 61-17) & Ashadh to Ashwin'72,FIN,KATHMANDU (N),,,,Nepalese Rupee,1,INV/N-0000090," 6,000,000.00 ",INV/N-0000086,1,,15000 AccountReceivable,"($122,711,030.03)"," 122,711,030.03 ",E5702070 (N) Bimala Khadka
103079,4/29/2016,May 2016 [Baisakh 2073],N-90,50001.NPR Nepal Electricity Authority,Himal Power Ltd (NPR),19201N SCB/NPR 01-0417289-01 CUR  (N),NEA payment NPR portion for Chaitra'72,NEA payment NPR portion for Chaitra'72,FIN,KATHMANDU (N),,,,Nepalese Rupee,1,INV/N-0000110," 12,170,464.23 ",INV/N-0000110,1,,15000 AccountReceivable,"($12,170,464.23)"," 12,170,464.23 ",E5702070 (N) Bimala Khadka
103080,4/29/2016,May 2016 [Baisakh 2073],N-91,50119.NPR Nepal Electricity Authority,Himal Power Ltd (NPR),19200N SCB/USD 01-0417319-51 CUR (N),NEA USD portion payment-Chaitra'72,NEA USD portion payment-Chaitra'72,FIN,KATHMANDU (N),,,,US Dollar,106.7,INV/N-0000109," 2,883,206.45 ",INV/N-0000109,1,,15000 AccountReceivable,"($2,883,206.45)"," 2,883,206.45 ",E5702070 (N) Bimala Khadka
104294,6/2/2016,Jun 2016 [Jestha 2073],N-92,00024.NPR Statkraft AS,Himal Power Ltd (NPR),19201N SCB/NPR 01-0417289-01 CUR  (N),Ronald's hotel bill reimbursement,Ronald's hotel bill reimbursement,FIN,KATHMANDU (N),,,,US Dollar,108.51,INV/N-0000114," 1,362.02 ",INV/N-0000114,1,,15400 IntercoShortTermReceivGroupCo,"($1,362.02)"," 1,362.02 ",E5702070 (N) Bimala Khadka
104295,5/31/2016,Jun 2016 [Jestha 2073],N-93,50001.NPR Nepal Electricity Authority,Himal Power Ltd (NPR),19201N SCB/NPR 01-0417289-01 CUR  (N),NEA NPR portion for Baisakh'73,NEA NPR portion for Baisakh'73,FIN,KATHMANDU (N),,,,Nepalese Rupee,1,INV/N-0000113," 10,309,018.77 ",INV/N-0000113,1,,15000 AccountReceivable,"($10,309,018.77)"," 10,309,018.77 ",E5702070 (N) Bimala Khadka
104300,6/2/2016,Jun 2016 [Jestha 2073],N-94,50119.NPR Nepal Electricity Authority,Himal Power Ltd (NPR),19200N SCB/USD 01-0417319-51 CUR (N),NEA payment USD portion for Baisakh'73,NEA payment USD portion for Baisakh'73,FIN,KATHMANDU (N),,,,US Dollar,107.95,INV/N-0000112," 2,264,614.23 ",INV/N-0000112,1,,15000 AccountReceivable,"($2,264,614.23)"," 2,264,614.23 ",E5702070 (N) Bimala Khadka
105567,6/30/2016,Jul 2016 [Ashad 2073],N-95,50001.NPR Nepal Electricity Authority,Himal Power Ltd (NPR),19201N SCB/NPR 01-0417289-01 CUR  (N),,,FIN,KATHMANDU (N),,,,Nepalese Rupee,1,INV/N-0000116," 7,510,979.45 ",INV/N-0000116,1,,15000 AccountReceivable,"($7,510,979.45)"," 7,510,979.45 ",E5702070 (N) Bimala Khadka
105569,7/1/2016,Jul 2016 [Ashad 2073],N-96,50119.NPR Nepal Electricity Authority,Himal Power Ltd (NPR),19200N SCB/USD 01-0417319-51 CUR (N),NEA USD portion for Jestha'73,NEA USD portion for Jestha'73,FIN,KATHMANDU (N),,,,US Dollar,108.2,INV/N-0000115," 1,649,948.51 ",INV/N-0000115,1,,15000 AccountReceivable,"($1,649,948.51)"," 1,649,948.51 ",E5702070 (N) Bimala Khadka
105638,7/12/2016,Jul 2016 [Ashad 2073],N-97,50022.NPR Nepal Electricity Authority (Royalty),Himal Power Ltd (NPR),19213N NMB/NPR 0200010920300038 CUR  (N),Royalty amount received from NEA from Kartik to Magh'72 and capacity royalty till 18th Chaitra'72,Royalty amount received from NEA from Kartik to Magh'72 and capacity royalty till 18th Chaitra'72,FIN,KATHMANDU (N),,,,Nepalese Rupee,1,INV/N-0000100," 69,706,886.43 ",INV/N-0000090,1,,15000 AccountReceivable,"($204,228,479.61)"," 204,228,479.61 ",E5702070 (N) Bimala Khadka
106683,8/3/2016,Aug 2016 [Shrawan 2073],N-98,50119.NPR Nepal Electricity Authority,Himal Power Ltd (NPR),19200N SCB/USD 01-0417319-51 CUR (N),NEA USD payment received for Ashadh'73,NEA USD payment received for Ashadh'73,FIN,KATHMANDU (N),,,,US Dollar,107.05,INV/N-0000117," 2,673,525.50 ",INV/N-0000117,1,,15000 AccountReceivable,"($2,673,525.50)"," 2,673,525.50 ",E5702070 (N) Bimala Khadka
106707,8/2/2016,Aug 2016 [Shrawan 2073],N-99,50001.NPR Nepal Electricity Authority,Himal Power Ltd (NPR),19201N SCB/NPR 01-0417289-01 CUR  (N),NEA NPR portion for Ashadh'73,NEA NPR portion for Ashadh'73,FIN,KATHMANDU (N),,,,Nepalese Rupee,1,INV/N-0000118," 12,170,464.69 ",INV/N-0000118,1,,15000 AccountReceivable,"($12,170,464.69)"," 12,170,464.69 ",E5702070 (N) Bimala Khadka
108149,9/1/2016,Sep 2016 [Bhadra 2073],N-100,50001.NPR Nepal Electricity Authority,Himal Power Ltd (NPR),19201N SCB/NPR 01-0417289-01 CUR  (N),NEA NPR payment of Shrawan 2073,NEA NPR payment of Shrawan 2073,FIN,KATHMANDU (N),,,,Nepalese Rupee,1,INV/N-0000120," 12,170,464.69 ",INV/N-0000120,1,,15000 AccountReceivable,"($12,170,464.69)"," 12,170,464.69 ",E5702070 (N) Bimala Khadka
108150,9/2/2016,Sep 2016 [Bhadra 2073],N-101,50119.NPR Nepal Electricity Authority,Himal Power Ltd (NPR),19200N SCB/USD 01-0417319-51 CUR (N),NEA USD payment for Shrawan'73,NEA USD payment for Shrawan'73,FIN,KATHMANDU (N),,,,US Dollar,107.25,INV/N-0000119," 2,700,413.14 ",INV/N-0000119,1,,15000 AccountReceivable,"($2,700,413.35)"," 2,700,413.35 ",E5702070 (N) Bimala Khadka
109633,10/6/2016,Oct 2016 [Ashwin 2073],N-102,50119.NPR Nepal Electricity Authority,Himal Power Ltd (NPR),19200N SCB/USD 01-0417319-51 CUR (N),NEA USD portion for Bhadra'73,NEA USD portion for Bhadra'73,FIN,KATHMANDU (N),,,,US Dollar,106.8,INV/N-0000122," 2,700,413.35 ",INV/N-0000122,1,,15000 AccountReceivable,"($2,700,413.35)"," 2,700,413.35 ",E5702070 (N) Bimala Khadka
109634,10/6/2016,Oct 2016 [Ashwin 2073],N-103,50001.NPR Nepal Electricity Authority,Himal Power Ltd (NPR),19201N SCB/NPR 01-0417289-01 CUR  (N),NEA NPR portion for Bhadra'73,NEA NPR portion for Bhadra'73,FIN,KATHMANDU (N),,,,Nepalese Rupee,1,INV/N-0000121," 12,170,464.23 ",INV/N-0000121,1,,15000 AccountReceivable,"($12,170,464.23)"," 12,170,464.23 ",E5702070 (N) Bimala Khadka
110719,10/28/2016,Nov 2016 [Kartik 2073],N-104,50001.NPR Nepal Electricity Authority,Himal Power Ltd (NPR),19201N SCB/NPR 01-0417289-01 CUR  (N),NEA NPR portion received for Ashwin'73,NEA NPR portion received for Ashwin'73,FIN,KATHMANDU (N),,,,Nepalese Rupee,1,INV/N-0000124," 12,170,464.23 ",INV/N-0000124,1,,15000 AccountReceivable,"($12,170,464.23)"," 12,170,464.23 ",E5702070 (N) Bimala Khadka
110720,11/3/2016,Nov 2016 [Kartik 2073],N-105,50119.NPR Nepal Electricity Authority,Himal Power Ltd (NPR),19200N SCB/USD 01-0417319-51 CUR (N),USD portion for Ashwin'73,USD portion for Ashwin'73,FIN,KATHMANDU (N),,,,US Dollar,107,INV/N-0000125," 2,700,413.14 ",INV/N-0000125,1,,15000 AccountReceivable,"($2,700,413.14)"," 2,700,413.14 ",E5702070 (N) Bimala Khadka
112070,12/1/2016,Dec 2016 [Mangsir 2073],N-106,50001.NPR Nepal Electricity Authority,Himal Power Ltd (NPR),19201N SCB/NPR 01-0417289-01 CUR  (N),,,FIN,KATHMANDU (N),,,,Nepalese Rupee,1,INV/N-0000126," 12,170,464.69 ",INV/N-0000126,1,,15000 AccountReceivable,"($12,170,464.69)"," 12,170,464.69 ",E5702070 (N) Bimala Khadka
112081,12/1/2016,Dec 2016 [Mangsir 2073],N-107,50119.NPR Nepal Electricity Authority,Himal Power Ltd (NPR),19200N SCB/USD 01-0417319-51 CUR (N),NEA USD portion for Kartik'73,NEA USD portion for Kartik'73,FIN,KATHMANDU (N),,,,US Dollar,109.75,INV/N-0000127," 2,700,413.35 ",INV/N-0000127,1,,15000 AccountReceivable,"($2,700,413.35)"," 2,700,413.35 ",E5702070 (N) Bimala Khadka
113512,1/1/2017,Jan 2017 [Paush 2073],N-108,50001.NPR Nepal Electricity Authority,Himal Power Ltd (NPR),19201N SCB/NPR 01-0417289-01 CUR  (N),Marg's payment for NPR portion,Marg's payment for NPR portion,FIN,KATHMANDU (N),,,,Nepalese Rupee,1,INV/N-0000130," 5,096,487.56 ",INV/N-0000128,1,,15000 AccountReceivable,"($18,541,068.23)"," 18,541,068.23 ",E5702070 (N) Bimala Khadka
113513,1/13/2017,Jan 2017 [Paush 2073],N-109,50119.NPR Nepal Electricity Authority,Himal Power Ltd (NPR),19200N SCB/USD 01-0417319-51 CUR (N),Marg's payment for USD portion,Marg's payment for USD portion,FIN,KATHMANDU (N),,,,US Dollar,109.35,INV/N-0000129," 4,525,522.69 ",INV/N-0000129,1,,15000 AccountReceivable,"($4,525,522.69)"," 4,525,522.69 ",E5702070 (N) Bimala Khadka
114511,1/31/2017,Feb 2017 [Magh 2073],N-110,50001.NPR Nepal Electricity Authority,Himal Power Ltd (NPR),19201N SCB/NPR 01-0417289-01 CUR  (N),NEA NPR payment for Poush'73,NEA NPR payment for Poush'73,FIN,KATHMANDU (N),,,,Nepalese Rupee,1,INV/N-0000132," 13,444,586.58 ",INV/N-0000132,1,,15000 AccountReceivable,"($13,444,586.58)"," 13,444,586.58 ",E5702070 (N) Bimala Khadka
114512,2/1/2017,Feb 2017 [Magh 2073],N-111,50119.NPR Nepal Electricity Authority,Himal Power Ltd (NPR),19200N SCB/USD 01-0417319-51 CUR (N),NEA USD portion payment for Poush'73,NEA USD portion payment for Poush'73,FIN,KATHMANDU (N),,,,US Dollar,108.55,INV/N-0000131," 4,444,860.39 ",INV/N-0000131,1,,15000 AccountReceivable,"($4,444,860.39)"," 4,444,860.39 ",E5702070 (N) Bimala Khadka
115763,2/28/2017,Mar 2017 [Phalgun 2073],N-112,50022.NPR Nepal Electricity Authority (Royalty),Himal Power Ltd (NPR),19201N SCB/NPR 01-0417289-01 CUR  (N),Royalty from Phalgun'72-Jestha'73,Royalty from Phalgun'72-Jestha'73,FIN,KATHMANDU (N),,,,Nepalese Rupee,1,INV/N-0000123," 112,047,843.70 ",INV/N-0000123,1,,15000 AccountReceivable,"($112,047,843.70)"," 112,047,843.70 ",E5702070 (N) Bimala Khadka
115765,2/28/2017,Mar 2017 [Phalgun 2073],N-113,50001.NPR Nepal Electricity Authority,Himal Power Ltd (NPR),19201N SCB/NPR 01-0417289-01 CUR  (N),NEA bill payment for Magh'73,NEA bill payment for Magh'73,FIN,KATHMANDU (N),,,,Nepalese Rupee,1,INV/N-0000133," 13,444,585.03 ",INV/N-0000133,1,,15000 AccountReceivable,"($13,444,585.03)"," 13,444,585.03 ",E5702070 (N) Bimala Khadka
115790,2/28/2017,Mar 2017 [Phalgun 2073],N-114,50119.NPR Nepal Electricity Authority,Himal Power Ltd (NPR),19200N SCB/USD 01-0417319-51 CUR (N),NEA USD portion payment-,NEA USD portion payment-,FIN,KATHMANDU (N),,,,US Dollar,107.1,INV/N-0000134," 3,866,417.67 ",INV/N-0000134,1,,15000 AccountReceivable,"($3,866,417.67)"," 3,866,417.67 ",E5702070 (N) Bimala Khadka
117104,3/30/2017,Apr 2017 [Chaitra 2073],N-115,50119.NPR Nepal Electricity Authority,Himal Power Ltd (NPR),19200N SCB/USD 01-0417319-51 CUR (N),NEA USD portion for Phalgun'73,NEA USD portion for Phalgun'73,FIN,KATHMANDU (N),,,,US Dollar,104.15,INV/N-0000136," 3,521,462.73 ",INV/N-0000136,1,,15000 AccountReceivable,"($3,521,462.73)"," 3,521,462.73 ",E5702070 (N) Bimala Khadka
117105,3/30/2017,Apr 2017 [Chaitra 2073],N-116,50001.NPR Nepal Electricity Authority,Himal Power Ltd (NPR),19201N SCB/NPR 01-0417289-01 CUR  (N),NEA NPR portion for Phalgun'73,NEA NPR portion for Phalgun'73,FIN,KATHMANDU (N),,,,Nepalese Rupee,1,INV/N-0000135," 13,444,585.00 ",INV/N-0000135,1,,15000 AccountReceivable,"($13,444,585.00)"," 13,444,585.00 ",E5702070 (N) Bimala Khadka
117919,4/27/2017,May 2017 [Baisakh 2074],N-117,50001.NPR Nepal Electricity Authority,Himal Power Ltd (NPR),19201N SCB/NPR 01-0417289-01 CUR  (N),NEA USD Portion for Chaitra'73,NEA USD Portion for Chaitra'73,FIN,KATHMANDU (N),,,,Nepalese Rupee,1,INV/N-0000137," 13,444,585.03 ",INV/N-0000137,1,,15000 AccountReceivable,"($13,444,585.03)"," 13,444,585.03 ",E5702070 (N) Bimala Khadka
117920,4/27/2017,May 2017 [Baisakh 2074],N-118,50119.NPR Nepal Electricity Authority,Himal Power Ltd (NPR),19200N SCB/USD 01-0417319-51 CUR (N),NEA USD portion for chaitra'73,NEA USD portion for chaitra'73,FIN,KATHMANDU (N),,,,US Dollar,102.8,INV/N-0000138," 3,654,321.42 ",INV/N-0000138,1,,15000 AccountReceivable,"($3,654,321.42)"," 3,654,321.42 ",E5702070 (N) Bimala Khadka
119202,5/31/2017,Jun 2017 [Jestha 2074],N-119,50001.NPR Nepal Electricity Authority,Himal Power Ltd (NPR),19201N SCB/NPR 01-0417289-01 CUR  (N),NEA Baisakh's payment,NEA Baisakh's payment,FIN,KATHMANDU (N),,,,Nepalese Rupee,1,INV/N-0000139," 13,444,585.03 ",INV/N-0000139,1,,15000 AccountReceivable,"($13,444,585.03)"," 13,444,585.03 ",E5702070 (N) Bimala Khadka
119204,5/31/2017,Jun 2017 [Jestha 2074],N-120,50119.NPR Nepal Electricity Authority,Himal Power Ltd (NPR),19200N SCB/USD 01-0417319-51 CUR (N),NEA USD portion for Baisakh'74,NEA USD portion for Baisakh'74,FIN,KATHMANDU (N),,,,US Dollar,103.5,INV/N-0000140," 3,114,804.97 ",INV/N-0000140,1,,15000 AccountReceivable,"($3,114,804.97)"," 3,114,804.97 ",E5702070 (N) Bimala Khadka
120561,7/5/2017,Jul 2017 [Ashad 2074],N-121,50022.NPR Nepal Electricity Authority (Royalty),Himal Power Ltd (NPR),19213N NMB/NPR 0200010920300038 CUR  (N),Royalty,Royalty,FIN,KATHMANDU (N),,,,Nepalese Rupee,1,INV/N-0000141," 132,805,680.41 ",INV/N-0000123,1,,15000 AccountReceivable,"($180,086,663.28)"," 180,086,663.28 ",E5702070 (N) Bimala Khadka
120568,6/30/2017,Jul 2017 [Ashad 2074],N-122,50001.NPR Nepal Electricity Authority,Himal Power Ltd (NPR),19201N SCB/NPR 01-0417289-01 CUR  (N),NEa payment for Jestha'74,NEa payment for Jestha'74,FIN,KATHMANDU (N),,,,Nepalese Rupee,1,INV/N-0000142," 9,679,197.74 ",INV/N-0000142,1,,15000 AccountReceivable,"($9,679,197.74)"," 9,679,197.74 ",E5702070 (N) Bimala Khadka
120569,7/2/2017,Jul 2017 [Ashad 2074],N-123,50119.NPR Nepal Electricity Authority,Himal Power Ltd (NPR),19200N SCB/USD 01-0417319-51 CUR (N),NEA USD portion for Jestha'74,NEA USD portion for Jestha'74,FIN,KATHMANDU (N),,,,US Dollar,103.35,INV/N-0000143," 1,944,115.99 ",INV/N-0000143,1,,15000 AccountReceivable,"($1,944,115.99)"," 1,944,115.99 ",E5702070 (N) Bimala Khadka
122000,7/31/2017,Aug 2017 [Shrawan 2074],N-124,50001.NPR Nepal Electricity Authority,Himal Power Ltd (NPR),19201N SCB/NPR 01-0417289-01 CUR  (N),NEA payment for Ashadh'74,NEA payment for Ashadh'74,FIN,KATHMANDU (N),,,,Nepalese Rupee,1,INV/N-0000145," 13,444,585.03 ",INV/N-0000145,1,,15000 AccountReceivable,"($13,444,585.03)"," 13,444,585.03 ",E5702070 (N) Bimala Khadka
122009,8/1/2017,Aug 2017 [Shrawan 2074],N-125,50119.NPR Nepal Electricity Authority,Himal Power Ltd (NPR),19200N SCB/USD 01-0417319-51 CUR (N),NEA USD portion-Ashadh'74,NEA USD portion-Ashadh'74,FIN,KATHMANDU (N),,,,US Dollar,102.85,INV/N-0000144," 2,700,413.14 ",INV/N-0000144,1,,15000 AccountReceivable,"($2,700,413.14)"," 2,700,413.14 ",E5702070 (N) Bimala Khadka
122950,9/1/2017,Sep 2017 [Bhadra 2074],N-126,50001.NPR Nepal Electricity Authority,Himal Power Ltd (NPR),19201N SCB/NPR 01-0417289-01 CUR  (N),NEA NPR portion payment,NEA NPR portion payment,FIN,KATHMANDU (N),,,,Nepalese Rupee,1,INV/N-0000146," 13,444,585.03 ",INV/N-0000146,1,,15000 AccountReceivable,"($13,444,585.03)"," 13,444,585.03 ",E5702070 (N) Bimala Khadka
122951,9/1/2017,Sep 2017 [Bhadra 2074],N-127,50119.NPR Nepal Electricity Authority,Himal Power Ltd (NPR),19200N SCB/USD 01-0417319-51 CUR (N),NEA USD portion for Bhadra'74,NEA USD portion for Bhadra'74,FIN,KATHMANDU (N),,,,US Dollar,102.5,INV/N-0000147," 2,744,296.55 ",INV/N-0000147,1,,15000 AccountReceivable,"($2,744,296.55)"," 2,744,296.55 ",E5702070 (N) Bimala Khadka
123670,10/8/2017,Oct 2017 [Ashwin 2074],N-128,50119.NPR Nepal Electricity Authority,Himal Power Ltd (NPR),19200N SCB/USD 01-0417319-51 CUR (N),NEA USD portion for Bhadra'74,NEA USD portion for Bhadra'74,ADM,KATHMANDU (N),,,,US Dollar,104.9,INV/N-0000149," 2,744,296.20 ",INV/N-0000149,1,,15000 AccountReceivable,"($2,744,296.20)"," 2,744,296.20 ",E5702070 (N) Bimala Khadka
124867,10/6/2017,Nov 2017 [Kartik 2074],N-129,50001.NPR Nepal Electricity Authority,Himal Power Ltd (NPR),19201N SCB/NPR 01-0417289-01 CUR  (N),NEA NPR payment for Bhadra'74,NEA NPR payment for Bhadra'74,FIN,KATHMANDU (N),,,,Nepalese Rupee,1,INV/N-0000148," 13,444,585.03 ",INV/N-0000148,1,,15000 AccountReceivable,"($13,444,585.03)"," 13,444,585.03 ",E5702070 (N) Bimala Khadka
124868,11/1/2017,Nov 2017 [Kartik 2074],N-130,50001.NPR Nepal Electricity Authority,Himal Power Ltd (NPR),19201N SCB/NPR 01-0417289-01 CUR  (N),NEA payment for Ashwin'74,NEA payment for Ashwin'74,FIN,KATHMANDU (N),,,,Nepalese Rupee,1,INV/N-0000150," 13,444,585.03 ",INV/N-0000150,1,,15000 AccountReceivable,"($13,444,585.03)"," 13,444,585.03 ",E5702070 (N) Bimala Khadka
124870,11/2/2017,Nov 2017 [Kartik 2074],N-131,50119.NPR Nepal Electricity Authority,Himal Power Ltd (NPR),19200N SCB/USD 01-0417319-51 CUR (N),NEA payment for Ashwin'74,NEA payment for Ashwin'74,FIN,KATHMANDU (N),,,,US Dollar,103.5,INV/N-0000151," 2,744,296.20 ",INV/N-0000151,1,,15000 AccountReceivable,"($2,744,296.20)"," 2,744,296.20 ",E5702070 (N) Bimala Khadka
126006,12/6/2017,Dec 2017 [Mangsir 2074],N-132,50119.NPR Nepal Electricity Authority,Himal Power Ltd (NPR),19200N SCB/USD 01-0417319-51 CUR (N),NEA payment for Kartik'74,NEA payment for Kartik'74,FIN,KATHMANDU (N),,,,US Dollar,103.3,INV/N-0000153," 2,744,296.20 ",INV/N-0000153,1,,15000 AccountReceivable,"($2,744,296.20)"," 2,744,296.20 ",E5702070 (N) Bimala Khadka
126022,12/5/2017,Dec 2017 [Mangsir 2074],N-133,50001.NPR Nepal Electricity Authority,Himal Power Ltd (NPR),19201N SCB/NPR 01-0417289-01 CUR  (N),NEA payment for Kartik'74,NEA payment for Kartik'74,FIN,KATHMANDU (N),,,,Nepalese Rupee,1,INV/N-0000152," 13,444,585.03 ",INV/N-0000152,1,,15000 AccountReceivable,"($13,444,585.03)"," 13,444,585.03 ",E5702070 (N) Bimala Khadka
127167,1/2/2018,Jan 2018 [Paush 2074],N-134,50001.NPR Nepal Electricity Authority,Himal Power Ltd (NPR),19201N SCB/NPR 01-0417289-01 CUR  (N),NEA payment for Marg'74,NEA payment for Marg'74,FIN,KATHMANDU (N),,,,Nepalese Rupee,1,INV/N-0000157," 1,429,008.32 ",INV/N-0000155,1,,15000 AccountReceivable,"($15,230,846.98)"," 15,230,846.98 ",E5702070 (N) Bimala Khadka
127168,1/2/2018,Jan 2018 [Paush 2074],N-135,50119.NPR Nepal Electricity Authority,Himal Power Ltd (NPR),19200N SCB/USD 01-0417319-51 CUR (N),NEA USD Kartik'74,NEA USD Kartik'74,FIN,KATHMANDU (N),,,,US Dollar,102.25,INV/N-0000156," 4,145,684.00 ",INV/N-0000156,1,,15000 AccountReceivable,"($4,145,684.00)"," 4,145,684.00 ",E5702070 (N) Bimala Khadka
127596,1/29/2018,Feb 2018 [Magh 2074],N-136,50001.NPR Nepal Electricity Authority,Himal Power Ltd (NPR),19201N SCB/NPR 01-0417289-01 CUR  (N),,,FIN,KATHMANDU (N),,,,Nepalese Rupee,1,INV/N-0000158," 13,444,583.04 ",INV/N-0000158,1,,15000 AccountReceivable,"($13,444,583.04)"," 13,444,583.04 ",E5702070 (N) Bimala Khadka
127598,12/29/2017,Jan 2018 [Paush 2074],N-137,50001.NPR Nepal Electricity Authority,Himal Power Ltd (NPR),29900 OtherShortTermLiab,NEA payment for Magh'74-,NEA payment for Magh'74-,FIN,KATHMANDU (N),,,,Nepalese Rupee,1,INV/N-0000158," 357,253.62 ",INV/N-0000158,1,,15000 AccountReceivable,"($357,253.62)"," 357,253.62 ",E5702070 (N) Bimala Khadka
127608,1/31/2018,Feb 2018 [Magh 2074],N-138,50119.NPR Nepal Electricity Authority,Himal Power Ltd (NPR),19200N SCB/USD 01-0417319-51 CUR (N),NEA USD Payment received,NEA USD Payment received,FIN,KATHMANDU (N),,,,US Dollar,102.1,INV/N-0000159," 4,180,401.23 ",INV/N-0000159,1,,15000 AccountReceivable,"($4,180,401.23)"," 4,180,401.23 ",E5702070 (N) Bimala Khadka
129521,2/27/2018,Mar 2018 [Phalgun 2074],N-139,50119.NPR Nepal Electricity Authority,Himal Power Ltd (NPR),19200N SCB/USD 01-0417319-51 CUR (N),NEA USD Portion for Magh'74,NEA USD Portion for Magh'74,FIN,KATHMANDU (N),,,,US Dollar,103.95,INV/N-0000161," 3,610,717.49 ",INV/N-0000161,1,,15000 AccountReceivable,"($3,610,717.49)"," 3,610,717.49 ",E5702070 (N) Bimala Khadka
129542,2/27/2018,Mar 2018 [Phalgun 2074],N-140,50001.NPR Nepal Electricity Authority,Himal Power Ltd (NPR),19201N SCB/NPR 01-0417289-01 CUR  (N),,,FIN,KATHMANDU (N),,,,Nepalese Rupee,1,INV/N-0000160," 13,801,836.66 ",INV/N-0000160,1,,15000 AccountReceivable,"($13,801,836.66)"," 13,801,836.66 ",E5702070 (N) Bimala Khadka
130537,3/29/2018,Apr 2018 [Chaitra 2074],N-141,50001.NPR Nepal Electricity Authority,Himal Power Ltd (NPR),19201N SCB/NPR 01-0417289-01 CUR  (N),NEA NPR portion for Phalgun'74,NEA NPR portion for Phalgun'74,FIN,KATHMANDU (N),,,,Nepalese Rupee,1,INV/N-0000162," 13,801,838.66 ",INV/N-0000162,1,,15000 AccountReceivable,"($13,801,838.66)"," 13,801,838.66 ",E5702070 (N) Bimala Khadka
130913,3/30/2018,Apr 2018 [Chaitra 2074],N-142,50119.NPR Nepal Electricity Authority,Himal Power Ltd (NPR),19200N SCB/USD 01-0417319-51 CUR (N),NEA USD payment for Phalgun'74,NEA USD payment for Phalgun'74,FIN,KATHMANDU (N),,,,US Dollar,104.55,INV/N-0000163," 3,422,076.53 ",INV/N-0000163,1,,15000 AccountReceivable,"($3,422,076.53)"," 3,422,076.53 ",E5702070 (N) Bimala Khadka
130921,4/27/2018,May 2018 [Baisakh 2075],N-143,50119.NPR Nepal Electricity Authority,Himal Power Ltd (NPR),19200N SCB/USD 01-0417319-51 CUR (N),,,FIN,KATHMANDU (N),,,,US Dollar,104.7,INV/N-0000165," 3,203,403.46 ",INV/N-0000165,1,,15000 AccountReceivable,"($3,203,403.46)"," 3,203,403.46 ",E5702070 (N) Bimala Khadka
130923,4/26/2018,May 2018 [Baisakh 2075],N-144,50001.NPR Nepal Electricity Authority,Himal Power Ltd (NPR),19201N SCB/NPR 01-0417289-01 CUR  (N),NEA NPR for Chaitra'74,NEA NPR for Chaitra'74,FIN,KATHMANDU (N),,,,Nepalese Rupee,1,INV/N-0000164," 13,801,838.66 ",INV/N-0000164,1,,15000 AccountReceivable,"($13,801,838.66)"," 13,801,838.66 ",E5702070 (N) Bimala Khadka
132898,5/28/2018,Jun 2018 [Jestha 2075],N-145,50001.NPR Nepal Electricity Authority,Himal Power Ltd (NPR),19201N SCB/NPR 01-0417289-01 CUR  (N),NEA NPR payment for Baisakh'75,NEA NPR payment for Baisakh'75,FIN,KATHMANDU (N),,,,Nepalese Rupee,1,INV/N-0000167," 13,801,838.66 ",INV/N-0000167,1,,15000 AccountReceivable,"($13,801,838.66)"," 13,801,838.66 ",E5702070 (N) Bimala Khadka
132923,5/30/2018,Jun 2018 [Jestha 2075],N-146,50119.NPR Nepal Electricity Authority,Himal Power Ltd (NPR),19200N SCB/USD 01-0417319-51 CUR (N),NEA USE payment for Baisakh'75,NEA USE payment for Baisakh'75,FIN,KATHMANDU (N),,,,US Dollar,108.75,INV/N-0000166," 2,903,199.52 ",INV/N-0000166,1,,15000 AccountReceivable,"($2,903,199.52)"," 2,903,199.52 ",E5702070 (N) Bimala Khadka
132949,5/21/2018,Jun 2018 [Jestha 2075],N-147,50022.NPR Nepal Electricity Authority (Royalty),Himal Power Ltd (NPR),19213N NMB/NPR 0200010920300038 CUR  (N),Royalty received from Kartik to Magh'73,Royalty received from Kartik to Magh'73,FIN,KATHMANDU (N),,,,Nepalese Rupee,1,INV/N-0000154," 174,209,875.96 ",INV/N-0000154,1,,15000 AccountReceivable,"($174,209,875.96)"," 174,209,875.96 ",E5702070 (N) Bimala Khadka
134119,6/28/2018,Jul 2018 [Ashad 2075],N-148,50119.NPR Nepal Electricity Authority,Himal Power Ltd (NPR),19200N SCB/USD 01-0417319-51 CUR (N),NEA USD for Jestha'75,NEA USD for Jestha'75,FIN,KATHMANDU (N),,,,US Dollar,110.65,INV/N-0000168," 2,031,897.01 ",INV/N-0000168,1,,15000 AccountReceivable,"($2,031,897.01)"," 2,031,897.01 ",E5702070 (N) Bimala Khadka
134121,6/28/2018,Jul 2018 [Ashad 2075],N-149,50001.NPR Nepal Electricity Authority,Himal Power Ltd (NPR),19201N SCB/NPR 01-0417289-01 CUR  (N),NEA NPR for Jestha'75,NEA NPR for Jestha'75,FIN,KATHMANDU (N),,,,Nepalese Rupee,1,INV/N-0000169," 10,218,892.46 ",INV/N-0000169,1,,15000 AccountReceivable,"($10,218,892.46)"," 10,218,892.46 ",E5702070 (N) Bimala Khadka
135702,7/30/2018,Aug 2018 [Shrawan 2075],N-150,50001.NPR Nepal Electricity Authority,Himal Power Ltd (NPR),19201N SCB/NPR 01-0417289-01 CUR  (N),NEA NPR Ashadh'75,NEA NPR Ashadh'75,FIN,KATHMANDU (N),,,,Nepalese Rupee,1,INV/N-0000171," 13,801,838.66 ",INV/N-0000171,1,,15000 AccountReceivable,"($13,801,838.66)"," 13,801,838.66 ",E5702070 (N) Bimala Khadka
135707,7/31/2018,Aug 2018 [Shrawan 2075],N-151,50119.NPR Nepal Electricity Authority,Himal Power Ltd (NPR),19200N SCB/USD 01-0417319-51 CUR (N),NEA USD payment,NEA USD payment,FIN,KATHMANDU (N),,,,US Dollar,110.1,INV/N-0000170," 2,744,296.20 ",INV/N-0000170,1,,15000 AccountReceivable,"($2,744,296.20)"," 2,744,296.20 ",E5702070 (N) Bimala Khadka
136724,9/4/2018,Sep 2018 [Bhadra 2075],N-152,50001.NPR Nepal Electricity Authority,Himal Power Ltd (NPR),19201N SCB/NPR 01-0417289-01 CUR  (N),NEA NPR portion for Shrawan'75,NEA NPR portion for Shrawan'75,FIN,KATHMANDU (N),,,,Nepalese Rupee,1,INV/N-0000173," 13,801,838.66 ",INV/N-0000173,1,,15000 AccountReceivable,"($13,801,838.66)"," 13,801,838.66 ",E5702070 (N) Bimala Khadka
136732,9/4/2018,Sep 2018 [Bhadra 2075],N-153,50119.NPR Nepal Electricity Authority,Himal Power Ltd (NPR),19200N SCB/USD 01-0417319-51 CUR (N),NEA USD portion- Shrawan'75,NEA USD portion- Shrawan'75,FIN,KATHMANDU (N),,,,US Dollar,114.1,INV/N-0000172," 2,823,099.98 ",INV/N-0000172,1,,15000 AccountReceivable,"($2,823,099.98)"," 2,823,099.98 ",E5702070 (N) Bimala Khadka
137849,10/4/2018,Oct 2018 [Ashwin 2075],N-154,50001.NPR Nepal Electricity Authority,Himal Power Ltd (NPR),19201N SCB/NPR 01-0417289-01 CUR  (N),NEA NPR portion for Bhadra'75,NEA NPR portion for Bhadra'75,FIN,KATHMANDU (N),,,,Nepalese Rupee,1,INV/N-0000175," 13,801,838.65 ",INV/N-0000175,1,,15000 AccountReceivable,"($13,801,838.65)"," 13,801,838.65 ",E5702070 (N) Bimala Khadka
137873,10/4/2018,Oct 2018 [Ashwin 2075],N-155,50119.NPR Nepal Electricity Authority,Himal Power Ltd (NPR),19200N SCB/USD 01-0417319-51 CUR (N),NEA USD portion for Bhadra'75,NEA USD portion for Bhadra'75,FIN,KATHMANDU (N),,,,US Dollar,118.05,INV/N-0000174," 2,823,100.34 ",INV/N-0000174,1,,15000 AccountReceivable,"($2,823,100.34)"," 2,823,100.34 ",E5702070 (N) Bimala Khadka
138330,11/5/2018,Nov 2018 [Kartik 2075],N-156,50001.NPR Nepal Electricity Authority,Himal Power Ltd (NPR),19201N SCB/NPR 01-0417289-01 CUR  (N),NEA Ashwin'75-NPR portion,NEA Ashwin'75-NPR portion,FIN,KATHMANDU (N),,,,Nepalese Rupee,1,INV/N-0000178," 13,801,838.66 ",INV/N-0000178,1,,15000 AccountReceivable,"($13,801,838.66)"," 13,801,838.66 ",E5702070 (N) Bimala Khadka
138331,11/2/2018,Nov 2018 [Kartik 2075],N-157,50119.NPR Nepal Electricity Authority,Himal Power Ltd (NPR),19200N SCB/USD 01-0417319-51 CUR (N),NEA Ashwin'75-USD Portion,NEA Ashwin'75-USD Portion,FIN,KATHMANDU (N),,,,US Dollar,117.3,INV/N-0000177," 2,823,100.34 ",INV/N-0000177,1,,15000 AccountReceivable,"($2,823,100.34)"," 2,823,100.34 ",E5702070 (N) Bimala Khadka
138373,10/31/2018,Nov 2018 [Kartik 2075],N-158,50022.NPR Nepal Electricity Authority (Royalty),Himal Power Ltd (NPR),19213N NMB/NPR 0200010920300038 CUR  (N),Royalty received from NEA,Royalty received from NEA,FIN,KATHMANDU (N),,,,Nepalese Rupee,1,INV/N-0000181," 333,852,341.93 ",INV/N-0000176,1,,15000 AccountReceivable,"($465,302,282.52)"," 465,302,282.52 ",E5702070 (N) Bimala Khadka
140211,12/4/2018,Dec 2018 [Mangsir 2075],N-159,50001.NPR Nepal Electricity Authority,Himal Power Ltd (NPR),19201N SCB/NPR 01-0417289-01 CUR  (N),NEA payment Kartik'75,NEA payment Kartik'75,FIN,KATHMANDU (N),,,,Nepalese Rupee,1,INV/N-0000179," 13,801,838.66 ",INV/N-0000179,1,,15000 AccountReceivable,"($13,801,838.66)"," 13,801,838.66 ",E5702070 (N) Bimala Khadka
140315,12/5/2018,Dec 2018 [Mangsir 2075],N-160,50119.NPR Nepal Electricity Authority,Himal Power Ltd (NPR),19200N SCB/USD 01-0417319-51 CUR (N),,,FIN,KATHMANDU (N),,,,US Dollar,113.3,INV/N-0000180," 2,823,100.34 ",INV/N-0000180,1,,15000 AccountReceivable,"($2,823,100.34)"," 2,823,100.34 ",E5702070 (N) Bimala Khadka
142431,1/9/2019,Jan 2019 [Paush 2075],N-161,50001.NPR Nepal Electricity Authority,Himal Power Ltd (NPR),19201N SCB/NPR 01-0417289-01 CUR  (N),NEA Marg'75 NPR payment,NEA Marg'75 NPR payment,FIN,KATHMANDU (N),,,,Nepalese Rupee,1,INV/N-0000183," 13,801,838.66 ",INV/N-0000183,1,,15000 AccountReceivable,"($13,801,838.66)"," 13,801,838.66 ",E5702070 (N) Bimala Khadka
142433,1/9/2019,Jan 2019 [Paush 2075],N-162,50119.NPR Nepal Electricity Authority,Himal Power Ltd (NPR),19200N SCB/USD 01-0417319-51 CUR (N),NEA USD portion-Marg'75,NEA USD portion-Marg'75,FIN,KATHMANDU (N),,,,US Dollar,112.8,INV/N-0000184," 3,592,717.64 ",INV/N-0000184,1,,15000 AccountReceivable,"($3,592,717.64)"," 3,592,717.64 ",E5702070 (N) Bimala Khadka
142644,12/28/2018,Jan 2019 [Paush 2075],N-163,50022.NPR Nepal Electricity Authority (Royalty),Himal Power Ltd (NPR),19213N NMB/NPR 0200010920300038 CUR  (N),Royalty,Royalty,FIN,KATHMANDU (N),,,,Nepalese Rupee,1,INV/N-0000182," 129,510,652.00 ",INV/N-0000182,1,,15000 AccountReceivable,"($129,510,652.00)"," 129,510,652.00 ",E5702070 (N) Bimala Khadka
143318,2/4/2019,Feb 2019 [Magh 2075],N-164,50001.NPR Nepal Electricity Authority,Himal Power Ltd (NPR),19201N SCB/NPR 01-0417289-01 CUR  (N),NEA Payment NPR-Poush and diff.,NEA Payment NPR-Poush and diff.,FIN,KATHMANDU (N),,,,Nepalese Rupee,1,INV/N-0000188," 3,215,268.70 ",INV/N-0000185,1,,15000 AccountReceivable,"($17,660,161.10)"," 17,660,161.10 ",E5702070 (N) Bimala Khadka
143325,2/5/2019,Feb 2019 [Magh 2075],N-165,50119.NPR Nepal Electricity Authority,Himal Power Ltd (NPR),19200N SCB/USD 01-0417319-51 CUR (N),NEA USD portion for Magh'75,NEA USD portion for Magh'75,FIN,KATHMANDU (N),,,,US Dollar,115,INV/N-0000186," 3,865,306.88 ",INV/N-0000186,1,,15000 AccountReceivable,"($3,865,306.88)"," 3,865,306.88 ",E5702070 (N) Bimala Khadka
144606,2/27/2019,Mar 2019 [Phalgun 2075],N-166,50001.NPR Nepal Electricity Authority,Himal Power Ltd (NPR),19201N SCB/NPR 01-0417289-01 CUR  (N),NEA-NPR payment Magh'75,NEA-NPR payment Magh'75,FIN,KATHMANDU (N),,,,Nepalese Rupee,1,INV/N-0000190," 14,444,892.40 ",INV/N-0000190,1,,15000 AccountReceivable,"($14,444,892.40)"," 14,444,892.40 ",E5702070 (N) Bimala Khadka
144612,2/27/2019,Mar 2019 [Phalgun 2075],N-167,50119.NPR Nepal Electricity Authority,Himal Power Ltd (NPR),19200N SCB/USD 01-0417319-51 CUR (N),NEA USD for Magh'75,NEA USD for Magh'75,FIN,KATHMANDU (N),,,,US Dollar,113.75,INV/N-0000189," 3,547,909.28 ",INV/N-0000189,1,,15000 AccountReceivable,"($3,547,909.28)"," 3,547,909.28 ",E5702070 (N) Bimala Khadka
145601,3/28/2019,Apr 2019 [Chaitra 2075],N-168,50001.NPR Nepal Electricity Authority,Himal Power Ltd (NPR),19201N SCB/NPR 01-0417289-01 CUR  (N),NEA NPR-payment Phalgun'75,NEA NPR-payment Phalgun'75,FIN,KATHMANDU (N),,,,Nepalese Rupee,1,INV/N-0000191," 14,444,842.40 ",INV/N-0000191,1,,15000 AccountReceivable,"($14,444,842.40)"," 14,444,842.40 ",E5702070 (N) Bimala Khadka
145611,3/28/2019,Apr 2019 [Chaitra 2075],N-169,50119.NPR Nepal Electricity Authority,Himal Power Ltd (NPR),19200N SCB/USD 01-0417319-51 CUR (N),NEA USD portion payment Phalgun'75,NEA USD portion payment Phalgun'75,FIN,KATHMANDU (N),,,,US Dollar,110.65,INV/N-0000192," 3,442,276.18 ",INV/N-0000192,1,,15000 AccountReceivable,"($3,442,276.18)"," 3,442,276.18 ",E5702070 (N) Bimala Khadka
146528,4/29/2019,May 2019 [Baisakh 2076],N-170,50001.NPR Nepal Electricity Authority,Himal Power Ltd (NPR),19201N SCB/NPR 01-0417289-01 CUR  (N),,,FIN,KATHMANDU (N),,,,Nepalese Rupee,1,INV/N-0000194," 14,444,892.40 ",INV/N-0000194,1,,15000 AccountReceivable,"($14,444,892.40)"," 14,444,892.40 ",E5702070 (N) Bimala Khadka
146539,4/30/2019,May 2019 [Baisakh 2076],N-171,50119.NPR Nepal Electricity Authority,Himal Power Ltd (NPR),19200N SCB/USD 01-0417319-51 CUR (N),NEA USD portion payment Chaitra'75,NEA USD portion payment Chaitra'75,FIN,KATHMANDU (N),,,,US Dollar,111.9,INV/N-0000193," 3,490,593.00 ",INV/N-0000193,1,,15000 AccountReceivable,"($3,490,593.00)"," 3,490,593.00 ",E5702070 (N) Bimala Khadka
146558,5/7/2019,May 2019 [Baisakh 2076],N-172,50022.NPR Nepal Electricity Authority (Royalty),Himal Power Ltd (NPR),19213N NMB/NPR 0200010920300038 CUR  (N),NEA Royalty reimbursement,NEA Royalty reimbursement,FIN,KATHMANDU (N),,,,Nepalese Rupee,1,INV/N-0000187," 128,803,022.50 ",INV/N-0000187,1,,15000 AccountReceivable,"($128,803,022.50)"," 128,803,022.50 ",E5702070 (N) Bimala Khadka
147717,6/4/2019,Jun 2019 [Jestha 2076],N-173,50001.NPR Nepal Electricity Authority,Himal Power Ltd (NPR),19201N SCB/NPR 01-0417289-01 CUR  (N),,,FIN,KATHMANDU (N),,,,Nepalese Rupee,1,INV/N-0000196," 14,444,892.40 ",INV/N-0000196,1,,15000 AccountReceivable,"($14,444,892.40)"," 14,444,892.40 ",E5702070 (N) Bimala Khadka
147724,6/4/2019,Jun 2019 [Jestha 2076],N-174,50119.NPR Nepal Electricity Authority,Himal Power Ltd (NPR),19200N SCB/USD 01-0417319-51 CUR (N),NEA USD payment for Baisakh'76,NEA USD payment for Baisakh'76,FIN,KATHMANDU (N),,,,US Dollar,110.75,INV/N-0000197," 3,761,440.20 ",INV/N-0000197,1,,15000 AccountReceivable,"($3,761,440.20)"," 3,761,440.20 ",E5702070 (N) Bimala Khadka
148832,7/3/2019,Jul 2019 [Ashad 2076],N-175,50001.NPR Nepal Electricity Authority,Himal Power Ltd (NPR),19201N SCB/NPR 01-0417289-01 CUR  (N),NEA Jestha NPR portion,NEA Jestha NPR portion,FIN,KATHMANDU (N),,,,Nepalese Rupee,1,INV/N-0000199," 9,374,494.68 ",INV/N-0000199,1,,15000 AccountReceivable,"($9,374,494.68)"," 9,374,494.68 ",E5702070 (N) Bimala Khadka
148962,7/4/2019,Jul 2019 [Ashad 2076],N-176,50119.NPR Nepal Electricity Authority,Himal Power Ltd (NPR),19200N SCB/USD 01-0417319-51 CUR (N),NEA USD portion -Jestha'76,NEA USD portion -Jestha'76,FIN,KATHMANDU (N),,,,US Dollar,110.35,INV/N-0000198," 1,832,170.89 ",INV/N-0000198,1,,15000 AccountReceivable,"($1,832,170.89)"," 1,832,170.89 ",E5702070 (N) Bimala Khadka
150120,8/6/2019,Aug 2019 [Shrawan 2076],N-177,50001.NPR Nepal Electricity Authority,Himal Power Ltd (NPR),19201N SCB/NPR 01-0417289-01 CUR  (N),NEA-NPR Ashadh'76,NEA-NPR Ashadh'76,FIN,KATHMANDU (N),,,,Nepalese Rupee,1,INV/N-0000201," 14,213,458.73 ",INV/N-0000201,1,,15000 AccountReceivable,"($14,213,458.73)"," 14,213,458.73 ",E5702070 (N) Bimala Khadka
150126,8/6/2019,Aug 2019 [Shrawan 2076],N-178,50119.NPR Nepal Electricity Authority,Himal Power Ltd (NPR),19200N SCB/USD 01-0417319-51 CUR (N),NEA USD portion for Ashadh'76,NEA USD portion for Ashadh'76,FIN,KATHMANDU (N),,,,US Dollar,113,INV/N-0000200," 2,777,868.74 ",INV/N-0000200,1,,15000 AccountReceivable,"($2,777,868.74)"," 2,777,868.74 ",E5702070 (N) Bimala Khadka
151028,9/11/2019,Sep 2019 [Bhadra 2076],N-179,50001.NPR Nepal Electricity Authority,Himal Power Ltd (NPR),19201N SCB/NPR 01-0417289-01 CUR  (N),NEA NPR portion for Shrawan'76,NEA NPR portion for Shrawan'76,FIN,KATHMANDU (N),,,,Nepalese Rupee,1,INV/N-0000202," 14,444,892.40 ",INV/N-0000202,1,,15000 AccountReceivable,"($14,444,892.40)"," 14,444,892.40 ",E5702070 (N) Bimala Khadka
151048,9/12/2019,Sep 2019 [Bhadra 2076],N-180,50119.NPR Nepal Electricity Authority,Himal Power Ltd (NPR),19200N SCB/USD 01-0417319-51 CUR (N),NEA USD portion for Shrawan'76,NEA USD portion for Shrawan'76,FIN,KATHMANDU (N),,,,US Dollar,115.05,INV/N-0000203," 2,869,638.71 ",INV/N-0000203,1,,15000 AccountReceivable,"($2,869,638.71)"," 2,869,638.71 ",E5702070 (N) Bimala Khadka
152067,10/2/2019,Oct 2019 [Ashwin 2076],N-181,50001.NPR Nepal Electricity Authority,Himal Power Ltd (NPR),19201N SCB/NPR 01-0417289-01 CUR  (N),NEA-NPR-Bhadra'76,NEA-NPR-Bhadra'76,FIN,KATHMANDU (N),,,,Nepalese Rupee,1,INV/N-0000204," 14,444,892.40 ",INV/N-0000204,1,,15000 AccountReceivable,"($14,444,892.40)"," 14,444,892.40 ",E5702070 (N) Bimala Khadka
152099,10/3/2019,Oct 2019 [Ashwin 2076],N-182,50119.NPR Nepal Electricity Authority,Himal Power Ltd (NPR),19200N SCB/USD 01-0417319-51 CUR (N),NEA USD-Bhadra'76,NEA USD-Bhadra'76,FIN,KATHMANDU (N),,,,US Dollar,114.25,INV/N-0000205," 2,869,638.22 ",INV/N-0000205,1,,15000 AccountReceivable,"($2,869,638.22)"," 2,869,638.22 ",E5702070 (N) Bimala Khadka
152954,11/5/2019,Nov 2019 [Kartik 2076],N-183,50119.NPR Nepal Electricity Authority,Himal Power Ltd (NPR),19200N SCB/USD 01-0417319-51 CUR (N),NEA USD Payments Ashwin 2076,NEA USD Payments Ashwin 2076,FIN,KATHMANDU (N),,,,US Dollar,113.45,INV/N-0000207," 2,869,638.22 ",INV/N-0000207,1,,15000 AccountReceivable,"($2,869,638.22)"," 2,869,638.22 ",E5503049 (N) Surya B Karki
152955,11/3/2019,Nov 2019 [Kartik 2076],N-184,50001.NPR Nepal Electricity Authority,Himal Power Ltd (NPR),19201N SCB/NPR 01-0417289-01 CUR  (N),NPR Payment Ashwin 2076,NPR Payment Ashwin 2076,FIN,KATHMANDU (N),,,,Nepalese Rupee,1,INV/N-0000206," 14,444,892.40 ",INV/N-0000206,1,,15000 AccountReceivable,"($14,444,892.40)"," 14,444,892.40 ",E5503049 (N) Surya B Karki
152957,10/18/2019,Nov 2019 [Kartik 2076],N-185,50022.NPR Nepal Electricity Authority (Royalty),Himal Power Ltd (NPR),19201N SCB/NPR 01-0417289-01 CUR  (N),Royalty from Kartik'75 to Magh'75 & Adjustment,Royalty from Kartik'75 to Magh'75 & Adjustment,FIN,KATHMANDU (N),,,,Nepalese Rupee,1,INV/N-0000195," 223,750,418.00 ",INV/N-0000195,1,,15000 AccountReceivable,"($223,750,418.00)"," 223,750,418.00 ",E5503049 (N) Surya B Karki
155478,1/6/2020,Jan 2020 [Paush 2076],N-186,50001.NPR Nepal Electricity Authority,Himal Power Ltd (NPR),19201N SCB/NPR 01-0417289-01 CUR  (N),NEA NPR payment Marg'76,NEA NPR payment Marg'76,FIN,KATHMANDU (N),,,,Nepalese Rupee,1,INV/N-0000211," 3,477,253.56 ",INV/N-0000211,1,,15000 AccountReceivable,"($18,791,459.35)"," 18,791,459.35 ",E5702070 (N) Bimala Khadka
155496,12/17/2019,Jan 2020 [Paush 2076],N-187,50001.NPR Nepal Electricity Authority,Himal Power Ltd (NPR),19201N SCB/NPR 01-0417289-01 CUR  (N),NEA NPR-Kartik'76,NEA NPR-Kartik'76,FIN,KATHMANDU (N),,,,Nepalese Rupee,1,INV/N-0000210," 14,444,892.40 ",INV/N-0000210,1,,15000 AccountReceivable,"($14,444,892.40)"," 14,444,892.40 ",E5702070 (N) Bimala Khadka
155498,1/3/2020,Jan 2020 [Paush 2076],N-188,50119.NPR Nepal Electricity Authority,Himal Power Ltd (NPR),19200N SCB/USD 01-0417319-51 CUR (N),NEA USD portion for Kartik'76,NEA USD portion for Kartik'76,FIN,KATHMANDU (N),,,,US Dollar,114.75,INV/N-0000209," 2,869,638.22 ",INV/N-0000209,1,,15000 AccountReceivable,"($2,869,638.22)"," 2,869,638.22 ",E5702070 (N) Bimala Khadka
155500,1/7/2020,Jan 2020 [Paush 2076],N-189,50119.NPR Nepal Electricity Authority,Himal Power Ltd (NPR),19200N SCB/USD 01-0417319-51 CUR (N),NEA USD portion for Marg'76,NEA USD portion for Marg'76,FIN,KATHMANDU (N),,,,US Dollar,114.75,INV/N-0000213," 4,338,038.12 ",INV/N-0000213,1,,15000 AccountReceivable,"($4,338,038.12)"," 4,338,038.12 ",E5702070 (N) Bimala Khadka
156574,2/5/2020,Feb 2020 [Magh 2076],N-190,50001.NPR Nepal Electricity Authority,Himal Power Ltd (NPR),19201N SCB/NPR 01-0417289-01 CUR  (N),NEA NPR Poush'76,NEA NPR Poush'76,FIN,KATHMANDU (N),,,,Nepalese Rupee,1,INV/N-0000215," 15,314,205.79 ",INV/N-0000215,1,,15000 AccountReceivable,"($15,314,205.79)"," 15,314,205.79 ",E5702070 (N) Bimala Khadka
156575,2/6/2020,Feb 2020 [Magh 2076],N-191,50119.NPR Nepal Electricity Authority,Himal Power Ltd (NPR),19200N SCB/USD 01-0417319-51 CUR (N),NEA USD for Poush'76,NEA USD for Poush'76,FIN,KATHMANDU (N),,,,US Dollar,114.15,INV/N-0000216," 4,323,894.23 ",INV/N-0000216,1,,15000 AccountReceivable,"($4,323,894.23)"," 4,323,894.23 ",E5702070 (N) Bimala Khadka
156631,2/11/2020,Feb 2020 [Magh 2076],N-192,50022.NPR Nepal Electricity Authority (Royalty),Himal Power Ltd (NPR),19213N NMB/NPR 0200010920300038 CUR  (N),Royalty from Phalgun'75 to Jestha'76,Royalty from Phalgun'75 to Jestha'76,FIN,KATHMANDU (N),,,,Nepalese Rupee,1,INV/N-0000208," 146,078,175.00 ",INV/N-0000208,1,,15000 AccountReceivable,"($146,078,175.00)"," 146,078,175.00 ",E5702070 (N) Bimala Khadka
157791,3/12/2020,Mar 2020 [Phalgun 2076],N-193,50001.NPR Nepal Electricity Authority,Himal Power Ltd (NPR),19201N SCB/NPR 01-0417289-01 CUR  (N),NEA NPR portion for Magh'76,NEA NPR portion for Magh'76,FIN,KATHMANDU (N),,,,Nepalese Rupee,1,INV/N-0000217," 15,314,205.79 ",INV/N-0000217,1,,15000 AccountReceivable,"($15,314,205.79)"," 15,314,205.79 ",E5702070 (N) Bimala Khadka
157792,3/13/2020,Mar 2020 [Phalgun 2076],N-194,50119.NPR Nepal Electricity Authority,Himal Power Ltd (NPR),19200N SCB/USD 01-0417319-51 CUR (N),NEA USD portion for Magh'76,NEA USD portion for Magh'76,FIN,KATHMANDU (N),,,,US Dollar,119.25,INV/N-0000218," 3,890,313.27 ",INV/N-0000218,1,,15000 AccountReceivable,"($3,890,313.27)"," 3,890,313.27 ",E5702070 (N) Bimala Khadka
159283,4/30/2020,May 2020 [Baisakh 2077],N-195,50001.NPR Nepal Electricity Authority,Himal Power Ltd (NPR),19201N SCB/NPR 01-0417289-01 CUR  (N),,,FIN,KATHMANDU (N),,,,Nepalese Rupee,1,INV/N-0000219," 15,314,205.79 ",INV/N-0000219,1,,15000 AccountReceivable,"($15,314,205.79)"," 15,314,205.79 ",E5702070 (N) Bimala Khadka
159316,5/6/2020,May 2020 [Baisakh 2077],N-196,50001.NPR Nepal Electricity Authority,Himal Power Ltd (NPR),19201N SCB/NPR 01-0417289-01 CUR  (N),NEA NPR portion for Chaitra'76,NEA NPR portion for Chaitra'76,FIN,KATHMANDU (N),,,,Nepalese Rupee,1,INV/N-0000221," 15,314,205.79 ",INV/N-0000221,1,,15000 AccountReceivable,"($15,314,205.79)"," 15,314,205.79 ",E5702070 (N) Bimala Khadka
159317,4/30/2020,May 2020 [Baisakh 2077],N-197,50119.NPR Nepal Electricity Authority,Himal Power Ltd (NPR),19200N SCB/USD 01-0417319-51 CUR (N),NEA NPR portion for Phalgun'76,NEA NPR portion for Phalgun'76,FIN,KATHMANDU (N),,,,US Dollar,120.3,INV/N-0000220," 3,732,431.39 ",INV/N-0000220,1,,15000 AccountReceivable,"($3,732,431.39)"," 3,732,431.39 ",E5702070 (N) Bimala Khadka
159318,5/6/2020,May 2020 [Baisakh 2077],N-198,50119.NPR Nepal Electricity Authority,Himal Power Ltd (NPR),19200N SCB/USD 01-0417319-51 CUR (N),NEA USD portion for Chaitra'76,NEA USD portion for Chaitra'76,FIN,KATHMANDU (N),,,,US Dollar,121.45,INV/N-0000222," 3,595,557.63 ",INV/N-0000222,1,,15000 AccountReceivable,"($3,595,557.63)"," 3,595,557.63 ",E5702070 (N) Bimala Khadka
160242,6/3/2020,Jun 2020 [Jestha 2077],N-199,50001.NPR Nepal Electricity Authority,Himal Power Ltd (NPR),19201N SCB/NPR 01-0417289-01 CUR  (N),,,FIN,KATHMANDU (N),,,,Nepalese Rupee,1,INV/N-0000224," 15,314,205.79 ",INV/N-0000224,1,,15000 AccountReceivable,"($15,314,205.79)"," 15,314,205.79 ",E5702070 (N) Bimala Khadka
160264,6/4/2020,Jun 2020 [Jestha 2077],N-200,50119.NPR Nepal Electricity Authority,Himal Power Ltd (NPR),19200N SCB/USD 01-0417319-51 CUR (N),NEA USD portion for Baisakh'77,NEA USD portion for Baisakh'77,FIN,KATHMANDU (N),,,,US Dollar,121.15,INV/N-0000223," 4,266,407.75 ",INV/N-0000223,1,,15000 AccountReceivable,"($4,266,407.75)"," 4,266,407.75 ",E5702070 (N) Bimala Khadka
161476,7/6/2020,Jul 2020 [Ashad 2077],N-201,50001.NPR Nepal Electricity Authority,Himal Power Ltd (NPR),19201N SCB/NPR 01-0417289-01 CUR  (N),NEA NPR portion for Jestha'77,NEA NPR portion for Jestha'77,FIN,KATHMANDU (N),,,,Nepalese Rupee,1,INV/N-0000226," 14,603,194.75 ",INV/N-0000226,1,,15000 AccountReceivable,"($14,603,194.75)"," 14,603,194.75 ",E5702070 (N) Bimala Khadka