58507,8/9/2013,IA/N-0000042,14000 RawMaterialSemiManufacture,66900 OtherRepMaintCost,,VOID,Himal Power Ltd (NPR),Aug 2013 [Shrawan 2070],KHIM1,,,KIRNE (N),Inv : Lighting : 2003.001.0005,Piece,0,203.015
59731,8/28/2013,IA/N-0000093,14100 SparePart,66900 OtherRepMaintCost,PO/4414,PO/4414 account code rectification,Himal Power Ltd (NPR),Sep 2013 [Bhadra 2070],KHIM1,,,KIRNE (N),Inv : Pelton Turbine : 0020.001.0043,Piece,30,508.5
59744,8/28/2013,IA/N-0000094,14100 SparePart,66900 OtherRepMaintCost,PO/4166,PO/4166 account code rectification,Himal Power Ltd (NPR),Sep 2013 [Bhadra 2070],KHIM1,,,KIRNE (N),Inv : Pelton Turbine : 0020.001.0044,Piece,5,87389.64
63148,12/2/2013,IA/N-0000182,14100 SparePart,66900 OtherRepMaintCost,returned to store. Ref IA/N-0000177,1drum (208L ) of Esso Tesesstic T46 Oil was returned to Store,Himal Power Ltd (NPR),Dec 2013 [Mangsir 2070],KHIM1,,,KIRNE (N),Inv : Turbine Governor : 0021.001.0048,Litre,208,310.075
64476,10/29/2013,IA/N-0000225,14100 SparePart,66030 RepMaintMachineTechPlantInstal,PO/N-000110,PO/N-0000110 account code rectification,Himal Power Ltd (NPR),Nov 2013 [Kartik 2070],KHIM1,,,KIRNE (N),Inv : Cooling Water : 0093.001.0033,Piece,3,54240
65409,12/28/2013,IA/N-0000245,14000 RawMaterialSemiManufacture,70001 DieselMeansTransport,,VOID,Himal Power Ltd (NPR),Jan 2014 [Paush 2070],KHIM1,,,KIRNE (N),Inv : Fuel : 1014.001.0002,Litre,0,75.71918367
68189,1/15/2014,IA/N-0000329,14000 RawMaterialSemiManufacture,66900 OtherRepMaintCost,PO-4461,PO-4461 rectification of account code,Himal Power Ltd (NPR),Feb 2014 [Magh 2070],KHIM1,,,KIRNE (N),Inv : Sealants : 1006.002.0007,Piece,72,180.8
69174,3/16/2014,IA/N-0000392,14100 SparePart,66030 RepMaintMachineTechPlantInstal,,VOID,Himal Power Ltd (NPR),Apr 2014 [Chaitra 2070],KHIM1,,,KIRNE (N),Inv : Turbine Governor : 0021.001.0044,Piece,0,4100
70409,5/8/2014,IA/N-0000441,14100 SparePart,66170 RepMaintTool,,Wrong code used,Himal Power Ltd (NPR),May 2014 [Baisakh 2071],KHIM1,,,KIRNE (N),Inv : Computer : 0057.001.0003,Piece,1,9500
70882,4/22/2014,IA/N-0000456,14000 RawMaterialSemiManufacture,66000 RepMaintBuilding,,VOID,Himal Power Ltd (NPR),May 2014 [Baisakh 2071],KHIM1,,,KIRNE (N),Inv : Bathroom : Geyser : 1010.003.0003,Piece,0,405
71832,6/12/2014,IA/N-0000498,14000 RawMaterialSemiManufacture,66900 OtherRepMaintCost,,Tranfer from repairs a/c to stock,Himal Power Ltd (NPR),Jun 2014 [Jestha 2071],KHIM1,,,KIRNE (N),Inv : Gases : 1014.002.0002,Piece,1,3027.7
71832,6/12/2014,IA/N-0000498,14000 RawMaterialSemiManufacture,66900 OtherRepMaintCost,,Tranfer from repairs a/c to stock,Himal Power Ltd (NPR),Jun 2014 [Jestha 2071],KHIM1,,,KIRNE (N),Inv : Gases : 1014.002.0001,Piece,6,332.69
73688,7/15/2014,IA/N-0000628,14000 RawMaterialSemiManufacture,14100 SparePart,Adj-16-07-2014,Inventory Adjustment as per Physical Verification-16-07-2014,Himal Power Ltd (NPR),Jul 2014 [Ashad 2071],KHIM1,,,KIRNE (N),Inv : Pipe Fitting : Coupling : 1001.011.0001,Piece,1,1309.34
73695,7/16/2014,IA/N-0000629,14100 SparePart,14000 RawMaterialSemiManufacture,Adj-16-07-2014,Inventory Adjustment as per Physical Verification - 16-07-2014,Himal Power Ltd (NPR),Jul 2014 [Ashad 2071],KHIM1,,,KIRNE (N),Inv : Pipe Fitting : Nipple : 1001.004.0018,Piece,1,96.9
73696,7/16/2014,IA/N-0000630,14000 RawMaterialSemiManufacture,14100 SparePart,Adj-16-07-2014,Inventory Adjustment as per Physical Verification - 16-07-2014,Himal Power Ltd (NPR),Jul 2014 [Ashad 2071],KHIM1,,,KIRNE (N),Inv : Pipe Fitting : Tee Socket : 1001.007.0010,Piece,1,74.27
73941,8/7/2014,IA/N-0000631,14100 SparePart,66040 RepMaintElectroTechPlantInstal,,Inventory recorded in Repairs/as per Keshab jee's email list.,Himal Power Ltd (NPR),Aug 2014 [Shrawan 2071],KHIM1,,,KIRNE (N),Inv : Generator : Diesel : 0100.001.0023,Piece,1,469.35
73941,8/7/2014,IA/N-0000631,14100 SparePart,66040 RepMaintElectroTechPlantInstal,,Inventory recorded in Repairs/as per Keshab jee's email list.,Himal Power Ltd (NPR),Aug 2014 [Shrawan 2071],KHIM1,,,KIRNE (N),Inv : Generator : Diesel : 0100.001.0024,Piece,1,419.77
73941,8/7/2014,IA/N-0000631,14100 SparePart,66040 RepMaintElectroTechPlantInstal,,Inventory recorded in Repairs/as per Keshab jee's email list.,Himal Power Ltd (NPR),Aug 2014 [Shrawan 2071],KHIM1,,,KIRNE (N),Inv : Generator : Diesel : 0100.001.0010,Piece,1,809.79
73941,8/7/2014,IA/N-0000631,14100 SparePart,66040 RepMaintElectroTechPlantInstal,,Inventory recorded in Repairs/as per Keshab jee's email list.,Himal Power Ltd (NPR),Aug 2014 [Shrawan 2071],KHIM1,,,KIRNE (N),Inv : Generator : Diesel : 0100.001.0027,Piece,1,636.29
73941,8/7/2014,IA/N-0000631,14100 SparePart,66040 RepMaintElectroTechPlantInstal,,Inventory recorded in Repairs/as per Keshab jee's email list.,Himal Power Ltd (NPR),Aug 2014 [Shrawan 2071],KHIM1,,,KIRNE (N),Inv : Generator : Diesel : 0100.001.0028,Piece,1,3992.74
73941,8/7/2014,IA/N-0000631,14100 SparePart,66040 RepMaintElectroTechPlantInstal,,Inventory recorded in Repairs/as per Keshab jee's email list.,Himal Power Ltd (NPR),Aug 2014 [Shrawan 2071],KHIM1,,,KIRNE (N),Inv : Generator : Diesel : 0100.001.0017,Piece,1,3657.82
73941,8/7/2014,IA/N-0000631,14100 SparePart,66040 RepMaintElectroTechPlantInstal,,Inventory recorded in Repairs/as per Keshab jee's email list.,Himal Power Ltd (NPR),Aug 2014 [Shrawan 2071],KHIM1,,,KIRNE (N),Inv : Generator : Diesel : 0100.001.0029,Piece,1,4878.55
73941,8/7/2014,IA/N-0000631,14100 SparePart,66040 RepMaintElectroTechPlantInstal,,Inventory recorded in Repairs/as per Keshab jee's email list.,Himal Power Ltd (NPR),Aug 2014 [Shrawan 2071],KHIM1,,,KIRNE (N),Inv : Generator : Diesel : 0100.001.0031,Piece,1,23457.73
73941,8/7/2014,IA/N-0000631,14100 SparePart,66040 RepMaintElectroTechPlantInstal,,Inventory recorded in Repairs/as per Keshab jee's email list.,Himal Power Ltd (NPR),Aug 2014 [Shrawan 2071],KHIM1,,,KIRNE (N),Inv : Generator : Diesel : 0100.001.0018,Piece,2,1669.15
73941,8/7/2014,IA/N-0000631,14100 SparePart,66040 RepMaintElectroTechPlantInstal,,Inventory recorded in Repairs/as per Keshab jee's email list.,Himal Power Ltd (NPR),Aug 2014 [Shrawan 2071],KHIM1,,,KIRNE (N),Inv : Generator : Diesel : 0100.001.0025,Piece,2,76.02
73941,8/7/2014,IA/N-0000631,14100 SparePart,66040 RepMaintElectroTechPlantInstal,,Inventory recorded in Repairs/as per Keshab jee's email list.,Himal Power Ltd (NPR),Aug 2014 [Shrawan 2071],KHIM1,,,KIRNE (N),Inv : Generator : Diesel : 0100.001.0030,Piece,2,5718.085
73941,8/7/2014,IA/N-0000631,14100 SparePart,66040 RepMaintElectroTechPlantInstal,,Inventory recorded in Repairs/as per Keshab jee's email list.,Himal Power Ltd (NPR),Aug 2014 [Shrawan 2071],KHIM1,,,KIRNE (N),Inv : Generator : Diesel : 0100.001.0015,Litre,2,700.715
73941,8/7/2014,IA/N-0000631,14100 SparePart,66040 RepMaintElectroTechPlantInstal,,Inventory recorded in Repairs/as per Keshab jee's email list.,Himal Power Ltd (NPR),Aug 2014 [Shrawan 2071],KHIM1,,,KIRNE (N),Inv : Generator : Diesel : 0100.001.0026,Piece,3,138.82
73941,8/7/2014,IA/N-0000631,14100 SparePart,66040 RepMaintElectroTechPlantInstal,,Inventory recorded in Repairs/as per Keshab jee's email list.,Himal Power Ltd (NPR),Aug 2014 [Shrawan 2071],KHIM1,,,KIRNE (N),Inv : Generator : Diesel : 0100.001.0004,Litre,100,549.7292
73946,8/7/2014,IA/N-0000632,14100 SparePart,66100 RepMaintMachinery,,Inventory booked in Repairs/Keshav jee's email list.,Himal Power Ltd (NPR),Aug 2014 [Shrawan 2071],KHIM1,,,KIRNE (N),Inv : HVAC : 0095.001.0021,Piece,10,90.4
73947,8/7/2014,IA/N-0000633,14100 SparePart,66900 OtherRepMaintCost,,Inventory recorded in repairs/Keshav jee's email list,Himal Power Ltd (NPR),Aug 2014 [Shrawan 2071],KHIM1,,,KIRNE (N),Inv : Valve : Inlet : 0017.001.0026,Piece,15,2243.05
75991,9/6/2014,IA/N-0000697,14100 SparePart,66040 RepMaintElectroTechPlantInstal,,VOID,Himal Power Ltd (NPR),Sep 2014 [Bhadra 2071],KHIM1,,,KIRNE (N),Inv : Generator : 0022.001.0068,Piece,0,929139.75
77238,10/14/2014,IA/N-0000747,14000 RawMaterialSemiManufacture,66900 OtherRepMaintCost,"transferred as per email @keshavjee, 14.10.14",transfer to Inventory,Himal Power Ltd (NPR),Oct 2014 [Ashwin 2071],KHIM1,,,KIRNE (N),Inv : Gases : 1014.002.0002,Piece,2,4633
77238,10/14/2014,IA/N-0000747,14000 RawMaterialSemiManufacture,66900 OtherRepMaintCost,"transferred as per email @keshavjee, 14.10.14",transfer to Inventory,Himal Power Ltd (NPR),Oct 2014 [Ashwin 2071],KHIM1,,,KIRNE (N),Inv : Gases : 1014.002.0001,Piece,3,593.25
77238,10/14/2014,IA/N-0000747,14100 SparePart,66900 OtherRepMaintCost,"transferred as per email @keshavjee, 14.10.14",transfer to Inventory,Himal Power Ltd (NPR),Oct 2014 [Ashwin 2071],KHIM1,,,KIRNE (N),Inv : HVAC : 0095.003.0017,Kilogram,22.6,1450
78462,11/10/2014,IA/N-0000757,14100 SparePart,66040 RepMaintElectroTechPlantInstal,as per Keshav jee's email @03.11.14,To Transfer to correct A/C,Himal Power Ltd (NPR),Nov 2014 [Kartik 2071],KHIM1,,,KIRNE (N),Inv : Generator : 0022.001.0066,Piece,8,10.588
85926,5/14/2015,IA/N-0001049,14100 SparePart,66900 OtherRepMaintCost,"+6554/20, unit cost derived inclusive of VAT",Transfer to Inventory from Rep account head,Himal Power Ltd (NPR),May 2015 [Baisakh 2072],KHIM1,,,KIRNE (N),Inv : Pelton Turbine : 0020.001.0078,Piece,20,327.7
85926,5/14/2015,IA/N-0001049,14100 SparePart,66900 OtherRepMaintCost,"+9944/20, unit cost inclusive of VAT",Transfer to Inventory from Rep account head,Himal Power Ltd (NPR),May 2015 [Baisakh 2072],KHIM1,,,KIRNE (N),Inv : Pelton Turbine : 0020.001.0079,Piece,20,497.2
85926,5/14/2015,IA/N-0001049,14100 SparePart,66900 OtherRepMaintCost,"+18984/20, unit cost inclusive of VAT",Transfer to Inventory from Rep account head,Himal Power Ltd (NPR),May 2015 [Baisakh 2072],KHIM1,,,KIRNE (N),Inv : Pelton Turbine : 0020.001.0080,Piece,20,949.2
89853,7/6/2015,IA/N-0001136,14100 SparePart,66900 OtherRepMaintCost,,Inventory Adjustment #947,Himal Power Ltd (NPR),Jul 2015 [Ashad 2072],KHIM1,,,KIRNE (N),Inv : Control Panel : 0048.001.0036,Piece,3,6305.47
89853,7/6/2015,IA/N-0001136,14100 SparePart,66900 OtherRepMaintCost,,Inventory Adjustment #947,Himal Power Ltd (NPR),Jul 2015 [Ashad 2072],KHIM1,,,KIRNE (N),Inv : Control Panel : 0048.001.0037,Piece,3,6305.47
89853,7/6/2015,IA/N-0001136,14100 SparePart,66900 OtherRepMaintCost,,Inventory Adjustment #947,Himal Power Ltd (NPR),Jul 2015 [Ashad 2072],KHIM1,,,KIRNE (N),Inv : Control Panel : 0048.001.0038,Piece,3,6305.47
89853,7/6/2015,IA/N-0001136,14100 SparePart,66900 OtherRepMaintCost,,Inventory Adjustment #947,Himal Power Ltd (NPR),Jul 2015 [Ashad 2072],KHIM1,,,KIRNE (N),Inv : Control Panel : 0048.001.0039,Piece,3,6305.47
89853,7/6/2015,IA/N-0001136,14100 SparePart,66900 OtherRepMaintCost,,Inventory Adjustment #947,Himal Power Ltd (NPR),Jul 2015 [Ashad 2072],KHIM1,,,KIRNE (N),Inv : Control Panel : 0048.001.0040,Piece,3,6305.47
89853,7/6/2015,IA/N-0001136,14100 SparePart,66900 OtherRepMaintCost,,Inventory Adjustment #947,Himal Power Ltd (NPR),Jul 2015 [Ashad 2072],KHIM1,,,KIRNE (N),Inv : Control Panel : 0048.001.0042,Piece,3,4357.48
89853,7/6/2015,IA/N-0001136,14100 SparePart,66900 OtherRepMaintCost,,Inventory Adjustment #947,Himal Power Ltd (NPR),Jul 2015 [Ashad 2072],KHIM1,,,KIRNE (N),Inv : Control Panel : 0048.001.0041,Piece,3,6305.47
89853,7/6/2015,IA/N-0001136,14100 SparePart,66900 OtherRepMaintCost,,Inventory Adjustment #947,Himal Power Ltd (NPR),Jul 2015 [Ashad 2072],KHIM1,,,KIRNE (N),Inv : Control Panel : 0048.001.0043,Piece,3,4152.38
89853,7/6/2015,IA/N-0001136,14100 SparePart,66900 OtherRepMaintCost,,Inventory Adjustment #947,Himal Power Ltd (NPR),Jul 2015 [Ashad 2072],KHIM1,,,KIRNE (N),Inv : Control Panel : 0048.001.0045,Piece,3,4357.44
89853,7/6/2015,IA/N-0001136,14100 SparePart,66900 OtherRepMaintCost,,Inventory Adjustment #947,Himal Power Ltd (NPR),Jul 2015 [Ashad 2072],KHIM1,,,KIRNE (N),Inv : Control Panel : 0048.001.0046,Piece,3,4152.38
89853,7/6/2015,IA/N-0001136,14100 SparePart,66900 OtherRepMaintCost,,Inventory Adjustment #947,Himal Power Ltd (NPR),Jul 2015 [Ashad 2072],KHIM1,,,KIRNE (N),Inv : Control Panel : 0048.001.0044,Piece,5,4152.38
89853,7/6/2015,IA/N-0001136,49000 OtherCostGoodSold,66900 OtherRepMaintCost,Cost of Sales Adjustment,Inventory Adjustment #947,Himal Power Ltd (NPR),Jul 2015 [Ashad 2072],KHIM1,,,KIRNE (N),Inv : Control Panel : 0048.001.0036,,,
89853,7/6/2015,IA/N-0001136,14100 SparePart,66900 OtherRepMaintCost,Cost of Sales Adjustment,Inventory Adjustment #947,Himal Power Ltd (NPR),Jul 2015 [Ashad 2072],KHIM1,,,KIRNE (N),Inv : Control Panel : 0048.001.0036,,,
89853,7/6/2015,IA/N-0001136,49000 OtherCostGoodSold,66900 OtherRepMaintCost,Cost of Sales Adjustment,Inventory Adjustment #947,Himal Power Ltd (NPR),Jul 2015 [Ashad 2072],KHIM1,,,KIRNE (N),Inv : Control Panel : 0048.001.0044,,,
89853,7/6/2015,IA/N-0001136,14100 SparePart,66900 OtherRepMaintCost,Cost of Sales Adjustment,Inventory Adjustment #947,Himal Power Ltd (NPR),Jul 2015 [Ashad 2072],KHIM1,,,KIRNE (N),Inv : Control Panel : 0048.001.0044,,,
89854,7/6/2015,IA/N-0001137,14100 SparePart,12100 FixedAssetUnderConstruction,Inventory Adjustment PO#0000589,Inventory Adjustment PO#0000589,Himal Power Ltd (NPR),Jul 2015 [Ashad 2072],KHIM1,,,KIRNE (N),Inv : Turbine Governor : 0021.001.0063,Piece,2,710724.96
89854,7/6/2015,IA/N-0001137,14100 SparePart,12100 FixedAssetUnderConstruction,Inventory Adjustment PO#0000589,Inventory Adjustment PO#0000589,Himal Power Ltd (NPR),Jul 2015 [Ashad 2072],KHIM1,,,KIRNE (N),Inv : Turbine Governor : 0021.001.0064,Piece,3,1118802.64
89854,7/6/2015,IA/N-0001137,14100 SparePart,12100 FixedAssetUnderConstruction,Inventory Adjustment PO#0000589,Inventory Adjustment PO#0000589,Himal Power Ltd (NPR),Jul 2015 [Ashad 2072],KHIM1,,,KIRNE (N),Inv : Turbine Governor : 0021.001.0065,Piece,3,116948.01
89854,7/6/2015,IA/N-0001137,14100 SparePart,12100 FixedAssetUnderConstruction,Inventory Adjustment PO#0000589,Inventory Adjustment PO#0000589,Himal Power Ltd (NPR),Jul 2015 [Ashad 2072],KHIM1,,,KIRNE (N),Inv : Turbine Governor : 0021.001.0066,Piece,6,33932.64
89854,7/6/2015,IA/N-0001137,14100 SparePart,12100 FixedAssetUnderConstruction,Inventory Adjustment PO#0000589,Inventory Adjustment PO#0000589,Himal Power Ltd (NPR),Jul 2015 [Ashad 2072],KHIM1,,,KIRNE (N),Inv : Turbine Governor : 0021.001.0068,Piece,40,372.11
89854,7/6/2015,IA/N-0001137,49000 OtherCostGoodSold,12100 FixedAssetUnderConstruction,Cost of Sales Adjustment,Inventory Adjustment PO#0000589,Himal Power Ltd (NPR),Jul 2015 [Ashad 2072],KHIM1,,,KIRNE (N),Inv : Turbine Governor : 0021.001.0065,,,
89854,7/6/2015,IA/N-0001137,14100 SparePart,12100 FixedAssetUnderConstruction,Cost of Sales Adjustment,Inventory Adjustment PO#0000589,Himal Power Ltd (NPR),Jul 2015 [Ashad 2072],KHIM1,,,KIRNE (N),Inv : Turbine Governor : 0021.001.0065,,,
89854,7/6/2015,IA/N-0001137,49000 OtherCostGoodSold,12100 FixedAssetUnderConstruction,Cost of Sales Adjustment,Inventory Adjustment PO#0000589,Himal Power Ltd (NPR),Jul 2015 [Ashad 2072],KHIM1,,,KIRNE (N),Inv : Turbine Governor : 0021.001.0068,,,
89854,7/6/2015,IA/N-0001137,14100 SparePart,12100 FixedAssetUnderConstruction,Cost of Sales Adjustment,Inventory Adjustment PO#0000589,Himal Power Ltd (NPR),Jul 2015 [Ashad 2072],KHIM1,,,KIRNE (N),Inv : Turbine Governor : 0021.001.0068,,,
89855,7/6/2015,IA/N-0001138,14100 SparePart,66900 OtherRepMaintCost,,Inventory Adjustment,Himal Power Ltd (NPR),Jul 2015 [Ashad 2072],KHIM1,,,KIRNE (N),Inv : Cooling Water : 0093.001.0034,Piece,3,13608.48
89856,7/6/2015,IA/N-0001139,14100 SparePart,66900 OtherRepMaintCost,,Inventory Adjustment,Himal Power Ltd (NPR),Jul 2015 [Ashad 2072],KHIM1,,,KIRNE (N),Inv : Cooling Water : 0093.001.0036,Piece,1,237300
89856,7/6/2015,IA/N-0001139,14100 SparePart,66900 OtherRepMaintCost,,Inventory Adjustment,Himal Power Ltd (NPR),Jul 2015 [Ashad 2072],KHIM1,,,KIRNE (N),Inv : HVAC : 0095.001.0032,Piece,2,96050
89856,7/6/2015,IA/N-0001139,14100 SparePart,66900 OtherRepMaintCost,,Inventory Adjustment,Himal Power Ltd (NPR),Jul 2015 [Ashad 2072],KHIM1,,,KIRNE (N),Inv : HVAC : 0095.001.0033,Piece,4,2260
89856,7/6/2015,IA/N-0001139,14100 SparePart,66900 OtherRepMaintCost,,Inventory Adjustment,Himal Power Ltd (NPR),Jul 2015 [Ashad 2072],KHIM1,,,KIRNE (N),Inv : Cooling Water : 0093.001.0035,Piece,4,9718
89856,7/6/2015,IA/N-0001139,49000 OtherCostGoodSold,66900 OtherRepMaintCost,Cost of Sales Adjustment,Inventory Adjustment,Himal Power Ltd (NPR),Jul 2015 [Ashad 2072],KHIM1,,,KIRNE (N),Inv : HVAC : 0095.001.0032,,,
89856,7/6/2015,IA/N-0001139,14100 SparePart,66900 OtherRepMaintCost,Cost of Sales Adjustment,Inventory Adjustment,Himal Power Ltd (NPR),Jul 2015 [Ashad 2072],KHIM1,,,KIRNE (N),Inv : HVAC : 0095.001.0032,,,
89857,7/6/2015,IA/N-0001140,14100 SparePart,66900 OtherRepMaintCost,,Inventory Adjustment,Himal Power Ltd (NPR),Jul 2015 [Ashad 2072],KHIM1,,,KIRNE (N),Inv : Pelton Turbine : 0020.001.0072,Piece,10,960.5
89857,7/6/2015,IA/N-0001140,14100 SparePart,66900 OtherRepMaintCost,,Inventory Adjustment,Himal Power Ltd (NPR),Jul 2015 [Ashad 2072],KHIM1,,,KIRNE (N),Inv : Pelton Turbine : 0020.001.0073,Piece,10,565
89857,7/6/2015,IA/N-0001140,14100 SparePart,66900 OtherRepMaintCost,,Inventory Adjustment,Himal Power Ltd (NPR),Jul 2015 [Ashad 2072],KHIM1,,,KIRNE (N),Inv : Pelton Turbine : 0020.001.0060,Piece,25,1299.5
89857,7/6/2015,IA/N-0001140,49000 OtherCostGoodSold,66900 OtherRepMaintCost,Cost of Sales Adjustment,Inventory Adjustment,Himal Power Ltd (NPR),Jul 2015 [Ashad 2072],KHIM1,,,KIRNE (N),Inv : Pelton Turbine : 0020.001.0072,,,
89857,7/6/2015,IA/N-0001140,14100 SparePart,66900 OtherRepMaintCost,Cost of Sales Adjustment,Inventory Adjustment,Himal Power Ltd (NPR),Jul 2015 [Ashad 2072],KHIM1,,,KIRNE (N),Inv : Pelton Turbine : 0020.001.0072,,,
89857,7/6/2015,IA/N-0001140,49000 OtherCostGoodSold,66900 OtherRepMaintCost,Cost of Sales Adjustment,Inventory Adjustment,Himal Power Ltd (NPR),Jul 2015 [Ashad 2072],KHIM1,,,KIRNE (N),Inv : Pelton Turbine : 0020.001.0073,,,
89857,7/6/2015,IA/N-0001140,14100 SparePart,66900 OtherRepMaintCost,Cost of Sales Adjustment,Inventory Adjustment,Himal Power Ltd (NPR),Jul 2015 [Ashad 2072],KHIM1,,,KIRNE (N),Inv : Pelton Turbine : 0020.001.0073,,,
89858,7/6/2015,IA/N-0001141,14100 SparePart,66900 OtherRepMaintCost,,Inventory Adjustment,Himal Power Ltd (NPR),Jul 2015 [Ashad 2072],KHIM1,,,KIRNE (N),Inv : Cooling Water : 0093.001.0037,Piece,1,149160
89858,7/6/2015,IA/N-0001141,14100 SparePart,66900 OtherRepMaintCost,,Inventory Adjustment,Himal Power Ltd (NPR),Jul 2015 [Ashad 2072],KHIM1,,,KIRNE (N),Inv : Cooling Water : 0093.001.0038,Piece,1,211310
89859,7/6/2015,IA/N-0001142,14000 RawMaterialSemiManufacture,66900 OtherRepMaintCost,,Inventory Adjustment,Himal Power Ltd (NPR),Jul 2015 [Ashad 2072],KHIM1,,,KIRNE (N),Inv : Bathroom : Fixture : 1010.002.0006,Piece,50,78
89859,7/6/2015,IA/N-0001142,49000 OtherCostGoodSold,66900 OtherRepMaintCost,Cost of Sales Adjustment,Inventory Adjustment,Himal Power Ltd (NPR),Jul 2015 [Ashad 2072],KHIM1,,,KIRNE (N),Inv : Bathroom : Fixture : 1010.002.0006,,,
89859,7/6/2015,IA/N-0001142,14000 RawMaterialSemiManufacture,66900 OtherRepMaintCost,Cost of Sales Adjustment,Inventory Adjustment,Himal Power Ltd (NPR),Jul 2015 [Ashad 2072],KHIM1,,,KIRNE (N),Inv : Bathroom : Fixture : 1010.002.0006,,,
89860,7/6/2015,IA/N-0001143,14100 SparePart,12100 FixedAssetUnderConstruction,,Inventory Adjustment,Himal Power Ltd (NPR),Jul 2015 [Ashad 2072],KHIM1,,,KIRNE (N),Inv : Pelton Turbine : 0020.001.0069,Piece,10,38577.08
89860,7/6/2015,IA/N-0001143,14100 SparePart,12100 FixedAssetUnderConstruction,,Inventory Adjustment,Himal Power Ltd (NPR),Jul 2015 [Ashad 2072],KHIM1,,,KIRNE (N),Inv : Pelton Turbine : 0020.001.0070,Piece,10,9001.32
89861,7/6/2015,IA/N-0001144,14100 SparePart,63900 OtherPremisesExpense,,Inventory Adjustment,Himal Power Ltd (NPR),Jul 2015 [Ashad 2072],KHIM1,,,KIRNE (N),Inv : Pelton Turbine : 0020.001.0071,Piece,50,197.75
89861,7/6/2015,IA/N-0001144,49000 OtherCostGoodSold,63900 OtherPremisesExpense,Cost of Sales Adjustment,Inventory Adjustment,Himal Power Ltd (NPR),Jul 2015 [Ashad 2072],KHIM1,,,KIRNE (N),Inv : Pelton Turbine : 0020.001.0071,,,
89861,7/6/2015,IA/N-0001144,14100 SparePart,63900 OtherPremisesExpense,Cost of Sales Adjustment,Inventory Adjustment,Himal Power Ltd (NPR),Jul 2015 [Ashad 2072],KHIM1,,,KIRNE (N),Inv : Pelton Turbine : 0020.001.0071,,,
89863,7/6/2015,IA/N-0001145,14100 SparePart,66900 OtherRepMaintCost,,Inventory Adjustment,Himal Power Ltd (NPR),Jul 2015 [Ashad 2072],KHIM1,,,KIRNE (N),Inv : Pelton Turbine : 0020.001.0019,Piece,20,760.35
89863,7/6/2015,IA/N-0001145,14100 SparePart,66900 OtherRepMaintCost,Inventory Adjustment,Inventory Adjustment,Himal Power Ltd (NPR),Jul 2015 [Ashad 2072],KHIM1,,,KIRNE (N),Inv : Pelton Turbine : 0020.001.0010,Piece,25,4563.75
89863,7/6/2015,IA/N-0001145,14100 SparePart,66900 OtherRepMaintCost,,Inventory Adjustment,Himal Power Ltd (NPR),Jul 2015 [Ashad 2072],KHIM1,,,KIRNE (N),Inv : Pelton Turbine : 0020.001.0009,Piece,25,4197.91
89863,7/6/2015,IA/N-0001145,14100 SparePart,66900 OtherRepMaintCost,,Inventory Adjustment,Himal Power Ltd (NPR),Jul 2015 [Ashad 2072],KHIM1,,,KIRNE (N),Inv : Pelton Turbine : 0020.001.0018,Piece,25,5656.84
89863,7/6/2015,IA/N-0001145,49000 OtherCostGoodSold,66900 OtherRepMaintCost,Cost of Sales Adjustment,Inventory Adjustment,Himal Power Ltd (NPR),Jul 2015 [Ashad 2072],KHIM1,,,KIRNE (N),Inv : Pelton Turbine : 0020.001.0010,,,
89863,7/6/2015,IA/N-0001145,14100 SparePart,66900 OtherRepMaintCost,Cost of Sales Adjustment,Inventory Adjustment,Himal Power Ltd (NPR),Jul 2015 [Ashad 2072],KHIM1,,,KIRNE (N),Inv : Pelton Turbine : 0020.001.0010,,,
89863,7/6/2015,IA/N-0001145,49000 OtherCostGoodSold,66900 OtherRepMaintCost,Cost of Sales Adjustment,Inventory Adjustment,Himal Power Ltd (NPR),Jul 2015 [Ashad 2072],KHIM1,,,KIRNE (N),Inv : Pelton Turbine : 0020.001.0019,,,
89863,7/6/2015,IA/N-0001145,14100 SparePart,66900 OtherRepMaintCost,Cost of Sales Adjustment,Inventory Adjustment,Himal Power Ltd (NPR),Jul 2015 [Ashad 2072],KHIM1,,,KIRNE (N),Inv : Pelton Turbine : 0020.001.0019,,,
89864,7/6/2015,IA/N-0001146,14100 SparePart,12100 FixedAssetUnderConstruction,Inventory Adjustment # PO#715,Inventory Adjustment # PO#715,Himal Power Ltd (NPR),Jul 2015 [Ashad 2072],KHIM1,,,KIRNE (N),Inv : Pelton Turbine : 0020.001.0074,Piece,1,1357125.44
89864,7/6/2015,IA/N-0001146,14100 SparePart,12100 FixedAssetUnderConstruction,Inventory Adjustment # PO#715,Inventory Adjustment # PO#715,Himal Power Ltd (NPR),Jul 2015 [Ashad 2072],KHIM1,,,KIRNE (N),Inv : Pelton Turbine : 0020.001.0075,Piece,1,1396462.41
89864,7/6/2015,IA/N-0001146,14100 SparePart,12100 FixedAssetUnderConstruction,Inventory Adjustment # PO#715,Inventory Adjustment # PO#715,Himal Power Ltd (NPR),Jul 2015 [Ashad 2072],KHIM1,,,KIRNE (N),Inv : Pelton Turbine : 0020.001.0067,Piece,1,2606074.21
89864,7/6/2015,IA/N-0001146,14100 SparePart,12100 FixedAssetUnderConstruction,Inventory Adjustment # PO#715,Inventory Adjustment # PO#715,Himal Power Ltd (NPR),Jul 2015 [Ashad 2072],KHIM1,,,KIRNE (N),Inv : Pelton Turbine : 0020.001.0068,Piece,1,2606074.21
89864,7/6/2015,IA/N-0001146,14100 SparePart,12100 FixedAssetUnderConstruction,Inventory Adjustment # PO#715,Inventory Adjustment # PO#715,Himal Power Ltd (NPR),Jul 2015 [Ashad 2072],KHIM1,,,KIRNE (N),Inv : Pelton Turbine : 0020.001.0076,Piece,1,181933.48
89864,7/6/2015,IA/N-0001146,14100 SparePart,12100 FixedAssetUnderConstruction,Inventory Adjustment # PO#715,Inventory Adjustment # PO#715,Himal Power Ltd (NPR),Jul 2015 [Ashad 2072],KHIM1,,,KIRNE (N),Inv : Pelton Turbine : 0020.001.0034,Piece,4,287651.59
89864,7/6/2015,IA/N-0001146,14100 SparePart,12100 FixedAssetUnderConstruction,Inventory Adjustment # PO#715,Inventory Adjustment # PO#715,Himal Power Ltd (NPR),Jul 2015 [Ashad 2072],KHIM1,,,KIRNE (N),Inv : Pelton Turbine : 0020.001.0059,Piece,4,425330.98
89865,7/6/2015,IA/N-0001147,14100 SparePart,66040 RepMaintElectroTechPlantInstal,,Inventory Adjustment,Himal Power Ltd (NPR),Jul 2015 [Ashad 2072],KHIM1,,,KIRNE (N),Inv : Voltage Reg : 0023.001.0001,Piece,2,95942
89865,7/6/2015,IA/N-0001147,14100 SparePart,66040 RepMaintElectroTechPlantInstal,,Inventory Adjustment,Himal Power Ltd (NPR),Jul 2015 [Ashad 2072],KHIM1,,,KIRNE (N),Inv : Voltage Reg : 0023.001.0003,Piece,2,161535
89865,7/6/2015,IA/N-0001147,14100 SparePart,66040 RepMaintElectroTechPlantInstal,,Inventory Adjustment,Himal Power Ltd (NPR),Jul 2015 [Ashad 2072],KHIM1,,,KIRNE (N),Inv : Voltage Reg : 0023.001.0002,Piece,4,150766
89866,7/6/2015,IA/N-0001148,14100 SparePart,66900 OtherRepMaintCost,,Inventory Adjustment,Himal Power Ltd (NPR),Jul 2015 [Ashad 2072],KHIM1,,,KIRNE (N),Inv : Pelton Turbine : 0020.001.0077,Piece,30,276.85
89867,7/6/2015,IA/N-0001149,14100 SparePart,66900 OtherRepMaintCost,,Inventory Adjustment,Himal Power Ltd (NPR),Jul 2015 [Ashad 2072],KHIM1,,,KIRNE (N),Inv : Cooling Water : 0093.001.0032,Piece,5,32205
91529,7/16/2015,IA/N-0001247,14100 SparePart,61000 FreightTransportGoods,,Inventory Adjustment,Himal Power Ltd (NPR),Jul 2015 [Ashad 2072],KHIM1,,,KIRNE (N),Inv : Computer : 0057.001.0036,Piece,1,1443453
91529,7/16/2015,IA/N-0001247,14100 SparePart,61000 FreightTransportGoods,,Inventory Adjustment,Himal Power Ltd (NPR),Jul 2015 [Ashad 2072],KHIM1,,,KIRNE (N),Inv : Computer : 0057.001.0053,Piece,1,8941.18
91529,7/16/2015,IA/N-0001247,14100 SparePart,61000 FreightTransportGoods,,Inventory Adjustment,Himal Power Ltd (NPR),Jul 2015 [Ashad 2072],KHIM1,,,KIRNE (N),Inv : Computer : 0057.001.0002,Piece,1,331917
91529,7/16/2015,IA/N-0001247,14100 SparePart,61000 FreightTransportGoods,,Inventory Adjustment,Himal Power Ltd (NPR),Jul 2015 [Ashad 2072],KHIM1,,,KIRNE (N),Inv : Computer : 0057.001.0029,Piece,1,131223
91529,7/16/2015,IA/N-0001247,14100 SparePart,61000 FreightTransportGoods,,Inventory Adjustment,Himal Power Ltd (NPR),Jul 2015 [Ashad 2072],KHIM1,,,KIRNE (N),Inv : Computer : 0057.001.0050,Piece,2,8941.18
91529,7/16/2015,IA/N-0001247,14100 SparePart,61000 FreightTransportGoods,,Inventory Adjustment,Himal Power Ltd (NPR),Jul 2015 [Ashad 2072],KHIM1,,,KIRNE (N),Inv : Computer : 0057.001.0052,Piece,2,8941.18
91529,7/16/2015,IA/N-0001247,14100 SparePart,61000 FreightTransportGoods,,Inventory Adjustment,Himal Power Ltd (NPR),Jul 2015 [Ashad 2072],KHIM1,,,KIRNE (N),Inv : Computer : 0057.001.0007,Piece,2,861955
91529,7/16/2015,IA/N-0001247,14100 SparePart,61000 FreightTransportGoods,,Inventory Adjustment,Himal Power Ltd (NPR),Jul 2015 [Ashad 2072],KHIM1,,,KIRNE (N),Inv : Computer : 0057.001.0009,Piece,2,296152.3
91529,7/16/2015,IA/N-0001247,14100 SparePart,61000 FreightTransportGoods,,Inventory Adjustment,Himal Power Ltd (NPR),Jul 2015 [Ashad 2072],KHIM1,,,KIRNE (N),Inv : Computer : 0057.001.0010,Piece,2,515243.25
91529,7/16/2015,IA/N-0001247,14100 SparePart,61000 FreightTransportGoods,,Inventory Adjustment,Himal Power Ltd (NPR),Jul 2015 [Ashad 2072],KHIM1,,,KIRNE (N),Inv : Computer : 0057.001.0005,Piece,2,23800.25
91529,7/16/2015,IA/N-0001247,14100 SparePart,61000 FreightTransportGoods,,Inventory Adjustment,Himal Power Ltd (NPR),Jul 2015 [Ashad 2072],KHIM1,,,KIRNE (N),Inv : Computer : 0057.001.0057,Piece,4,34163.04
91529,7/16/2015,IA/N-0001247,14100 SparePart,61000 FreightTransportGoods,,Inventory Adjustment,Himal Power Ltd (NPR),Jul 2015 [Ashad 2072],KHIM1,,,KIRNE (N),Inv : Computer : 0057.001.0058,Piece,4,44876.34
91529,7/16/2015,IA/N-0001247,14100 SparePart,61000 FreightTransportGoods,,Inventory Adjustment,Himal Power Ltd (NPR),Jul 2015 [Ashad 2072],KHIM1,,,KIRNE (N),Inv : Computer : 0057.001.0051,Piece,5,8941.18
91529,7/16/2015,IA/N-0001247,14100 SparePart,61000 FreightTransportGoods,,Inventory Adjustment,Himal Power Ltd (NPR),Jul 2015 [Ashad 2072],KHIM1,,,KIRNE (N),Inv : Computer : 0057.001.0054,Piece,5,8941.18
91529,7/16/2015,IA/N-0001247,14100 SparePart,61000 FreightTransportGoods,,Inventory Adjustment,Himal Power Ltd (NPR),Jul 2015 [Ashad 2072],KHIM1,,,KIRNE (N),Inv : Computer : 0057.001.0055,Piece,5,8941.18
91529,7/16/2015,IA/N-0001247,14100 SparePart,61000 FreightTransportGoods,,Inventory Adjustment,Himal Power Ltd (NPR),Jul 2015 [Ashad 2072],KHIM1,,,KIRNE (N),Inv : Computer : 0057.001.0056,Piece,12,7652.52
91534,7/15/2015,IA/N-0001248,14100 SparePart,66030 RepMaintMachineTechPlantInstal,,Inventory Adjustment,Himal Power Ltd (NPR),Jul 2015 [Ashad 2072],KHIM1,,,KIRNE (N),Inv : Turbine Governor : 0021.001.0057,Litre,1040,492.805
91539,7/16/2015,IA/N-0001249,14100 SparePart,12100 FixedAssetUnderConstruction,,Inventory Adjustment - PO#337,Himal Power Ltd (NPR),Jul 2015 [Ashad 2072],KHIM1,,,KIRNE (N),Inv : Turbine Governor : 0021.001.0069,Piece,1,231771.75
91539,7/16/2015,IA/N-0001249,14100 SparePart,12100 FixedAssetUnderConstruction,,Inventory Adjustment - PO#337,Himal Power Ltd (NPR),Jul 2015 [Ashad 2072],KHIM1,,,KIRNE (N),Inv : Turbine Governor : 0021.001.0078,Piece,1,231771.75
91539,7/16/2015,IA/N-0001249,14100 SparePart,12100 FixedAssetUnderConstruction,,Inventory Adjustment - PO#337,Himal Power Ltd (NPR),Jul 2015 [Ashad 2072],KHIM1,,,KIRNE (N),Inv : Turbine Governor : 0021.001.0074,Piece,1,231771.75
91539,7/16/2015,IA/N-0001249,14100 SparePart,12100 FixedAssetUnderConstruction,,Inventory Adjustment - PO#337,Himal Power Ltd (NPR),Jul 2015 [Ashad 2072],KHIM1,,,KIRNE (N),Inv : Turbine Governor : 0021.001.0079,Piece,1,281977.5
91540,8/11/2015,IA/N-0001250,14100 SparePart,66900 OtherRepMaintCost,Inventory Adjustment - PO#1771,Inventory Adjustment - PO#1771,Himal Power Ltd (NPR),Aug 2015 [Shrawan 2072],KHIM1,,,KIRNE (N),Inv : Generator : Diesel : 0100.001.0021,Piece,1,469.35
91540,8/11/2015,IA/N-0001250,14100 SparePart,66900 OtherRepMaintCost,Inventory Adjustment - PO#1771,Inventory Adjustment - PO#1771,Himal Power Ltd (NPR),Aug 2015 [Shrawan 2072],KHIM1,,,KIRNE (N),Inv : Generator : Diesel : 0100.001.0006,Piece,1,419.77
91540,8/11/2015,IA/N-0001250,14100 SparePart,66900 OtherRepMaintCost,Inventory Adjustment - PO#1771,Inventory Adjustment - PO#1771,Himal Power Ltd (NPR),Aug 2015 [Shrawan 2072],KHIM1,,,KIRNE (N),Inv : Generator : Diesel : 0100.001.0026,Piece,1,145.04
91540,8/11/2015,IA/N-0001250,14100 SparePart,66900 OtherRepMaintCost,Inventory Adjustment - PO#1771,Inventory Adjustment - PO#1771,Himal Power Ltd (NPR),Aug 2015 [Shrawan 2072],KHIM1,,,KIRNE (N),Inv : Generator : Diesel : 0100.001.0027,Piece,1,707.43
91540,8/11/2015,IA/N-0001250,14100 SparePart,66900 OtherRepMaintCost,Inventory Adjustment - PO#1771,Inventory Adjustment - PO#1771,Himal Power Ltd (NPR),Aug 2015 [Shrawan 2072],KHIM1,,,KIRNE (N),Inv : Generator : Diesel : 0100.001.0019,Piece,1,15082.86
91540,8/11/2015,IA/N-0001250,14100 SparePart,66900 OtherRepMaintCost,Inventory Adjustment - PO#1771,Inventory Adjustment - PO#1771,Himal Power Ltd (NPR),Aug 2015 [Shrawan 2072],KHIM1,,,KIRNE (N),Inv : Generator : Diesel : 0100.001.0020,Piece,1,6970.53
91540,8/11/2015,IA/N-0001250,14100 SparePart,66900 OtherRepMaintCost,Inventory Adjustment - PO#1771,Inventory Adjustment - PO#1771,Himal Power Ltd (NPR),Aug 2015 [Shrawan 2072],KHIM1,,,KIRNE (N),Inv : Generator : Diesel : 0100.001.0032,Piece,1,3531.94
91540,8/11/2015,IA/N-0001250,14100 SparePart,66900 OtherRepMaintCost,Inventory Adjustment - PO#1771,Inventory Adjustment - PO#1771,Himal Power Ltd (NPR),Aug 2015 [Shrawan 2072],KHIM1,,,KIRNE (N),Inv : Generator : Diesel : 0100.001.0018,Piece,2,1669.15
91540,8/11/2015,IA/N-0001250,14100 SparePart,66900 OtherRepMaintCost,Inventory Adjustment - PO#1771,Inventory Adjustment - PO#1771,Himal Power Ltd (NPR),Aug 2015 [Shrawan 2072],KHIM1,,,KIRNE (N),Inv : Generator : Diesel : 0100.001.0010,Piece,3,934.61
91540,8/11/2015,IA/N-0001250,14100 SparePart,66900 OtherRepMaintCost,Inventory Adjustment - PO#1771,Inventory Adjustment - PO#1771,Himal Power Ltd (NPR),Aug 2015 [Shrawan 2072],KHIM1,,,KIRNE (N),Inv : Generator : Diesel : 0100.001.0015,Litre,5,722.69
91540,8/11/2015,IA/N-0001250,14100 SparePart,66900 OtherRepMaintCost,Inventory Adjustment - PO#1771,Inventory Adjustment - PO#1771,Himal Power Ltd (NPR),Aug 2015 [Shrawan 2072],KHIM1,,,KIRNE (N),Inv : Generator : Diesel : 0100.001.0004,Litre,70,608.49
91541,7/16/2015,IA/N-0001251,14100 SparePart,66900 OtherRepMaintCost,Inventory Adjustment - PO#1847,Inventory Adjustment - PO#1847,Himal Power Ltd (NPR),Jul 2015 [Ashad 2072],KHIM1,,,KIRNE (N),Inv : Valve : Inlet : 0017.001.0038,Piece,3,135600
91542,7/16/2015,IA/N-0001252,14100 SparePart,66900 OtherRepMaintCost,Inventory Adjustment - PO#1838,Inventory Adjustment - PO#1838,Himal Power Ltd (NPR),Jul 2015 [Ashad 2072],KHIM1,,,KIRNE (N),Inv : HVAC : 0095.001.0032,Piece,2,81360
91542,7/16/2015,IA/N-0001252,14100 SparePart,66900 OtherRepMaintCost,Inventory Adjustment - PO#1838,Inventory Adjustment - PO#1838,Himal Power Ltd (NPR),Jul 2015 [Ashad 2072],KHIM1,,,KIRNE (N),Inv : Cooling Water : 0093.001.0035,Piece,2,7006
91542,7/16/2015,IA/N-0001252,14100 SparePart,66900 OtherRepMaintCost,Inventory Adjustment - PO#1838,Inventory Adjustment - PO#1838,Himal Power Ltd (NPR),Jul 2015 [Ashad 2072],KHIM1,,,KIRNE (N),Inv : Cooling Water : 0093.001.0039,Piece,2,27685
91542,7/16/2015,IA/N-0001252,14100 SparePart,66900 OtherRepMaintCost,Inventory Adjustment - PO#1838,Inventory Adjustment - PO#1838,Himal Power Ltd (NPR),Jul 2015 [Ashad 2072],KHIM1,,,KIRNE (N),Inv : Cooling Water : 0093.001.0040,Piece,2,11526
91542,7/16/2015,IA/N-0001252,14100 SparePart,66900 OtherRepMaintCost,Inventory Adjustment - PO#1838,Inventory Adjustment - PO#1838,Himal Power Ltd (NPR),Jul 2015 [Ashad 2072],KHIM1,,,KIRNE (N),Inv : HVAC : 0095.001.0033,Piece,4,8023
91543,7/16/2015,IA/N-0001253,14100 SparePart,66040 RepMaintElectroTechPlantInstal,Inventory Adjustment - PO#1242,Inventory Adjustment - PO#1242 (Partial),Himal Power Ltd (NPR),Jul 2015 [Ashad 2072],KHIM1,,,KIRNE (N),Inv : Voltage Reg : 0023.001.0004,Piece,1,140486.5
92892,8/27/2015,IA/N-0001307,14000 RawMaterialSemiManufacture,66900 OtherRepMaintCost,,VOID,Himal Power Ltd (NPR),Sep 2015 [Bhadra 2072],KHIM1,,,KIRNE (N),Inv : Fuel : 1014.001.0003,Litre,0,96.65
96623,11/18/2015,IA/N-0001445,14100 SparePart,66190 RepMaintOtherFA,Moved to Kirne (location change),wrong location used so adjustment done,Himal Power Ltd (NPR),Dec 2015 [Mangsir 2072],KHIM1,,,KIRNE (N),Inv : Computer : 0057.001.0002,Piece,1,290972.4
105355,6/27/2016,IA/N-0001812,14000 RawMaterialSemiManufacture,66900 OtherRepMaintCost,,VOID,Himal Power Ltd (NPR),Jul 2016 [Ashad 2073],KHIM1,,,KIRNE (N),Inv : Adhesives : 1006.001.0002,Litre,0,590
105386,7/14/2016,IA/N-0001841,14100 SparePart,66900 OtherRepMaintCost,"1 pc of belt issued to Power plant. Later on, that was returned to stock.",Inventory Adjustment 2015,Himal Power Ltd (NPR),Jul 2016 [Ashad 2073],KHIM1,,,KIRNE (N),Inv : Generator : Diesel : 0100.001.0010,Piece,1,1125.05
105386,7/14/2016,IA/N-0001841,14000 RawMaterialSemiManufacture,66900 OtherRepMaintCost,specification error between 0002 and 0003,Inventory Adjustment 2015,Himal Power Ltd (NPR),Jul 2016 [Ashad 2073],KHIM1,,,KIRNE (N),Inv : Pipe Fitting : Nipple : 1001.004.0003,Piece,1,0
105386,7/14/2016,IA/N-0001841,14000 RawMaterialSemiManufacture,66900 OtherRepMaintCost,specification error between 0002 and 0010,Inventory Adjustment 2015,Himal Power Ltd (NPR),Jul 2016 [Ashad 2073],KHIM1,,,KIRNE (N),Inv : Pipe Fitting : Socket : 1001.008.0002,Piece,1,69.3
105386,7/14/2016,IA/N-0001841,14100 SparePart,66900 OtherRepMaintCost,1 pc returned from powerhouse without using.,Inventory Adjustment 2015,Himal Power Ltd (NPR),Jul 2016 [Ashad 2073],KHIM1,,,KIRNE (N),Inv : HVAC : 0095.001.0032,Piece,1,81360
115678,2/12/2017,IA/N-0002184,14100 SparePart,66040 RepMaintElectroTechPlantInstal,Keshav Email - 09032017,A/C head correction,Himal Power Ltd (NPR),Mar 2017 [Phalgun 2073],KHIM1,,,KIRNE (N),Inv : Generator : 0022.001.0037,Piece,1,210403.47
115678,2/12/2017,IA/N-0002184,14100 SparePart,66040 RepMaintElectroTechPlantInstal,Keshav Email - 09032017,A/C head correction,Himal Power Ltd (NPR),Mar 2017 [Phalgun 2073],KHIM1,,,KIRNE (N),Inv : Turbine Governor : 0022.001.0070,Piece,5,3480
115678,2/12/2017,IA/N-0002184,14100 SparePart,66040 RepMaintElectroTechPlantInstal,Keshav Email - 09032017,A/C head correction,Himal Power Ltd (NPR),Mar 2017 [Phalgun 2073],KHIM1,,,KIRNE (N),Inv : Generator : 0022.001.0062,Piece,10,6355.65
115678,2/12/2017,IA/N-0002184,14100 SparePart,66040 RepMaintElectroTechPlantInstal,Keshav Email- 09032017,A/C head correction,Himal Power Ltd (NPR),Mar 2017 [Phalgun 2073],KHIM1,,,KIRNE (N),Inv : Generator : 0022.001.0067,Piece,10,570.95
115678,2/12/2017,IA/N-0002184,14100 SparePart,66040 RepMaintElectroTechPlantInstal,Keshav Email - 09032017,A/C head correction,Himal Power Ltd (NPR),Mar 2017 [Phalgun 2073],KHIM1,,,KIRNE (N),Inv : Generator : 0022.001.0066,Piece,15,1474.72
115678,2/12/2017,IA/N-0002184,14100 SparePart,66040 RepMaintElectroTechPlantInstal,Keshav Email - 09032017,A/C head correction,Himal Power Ltd (NPR),Mar 2017 [Phalgun 2073],KHIM1,,,KIRNE (N),Inv : Generator : 0022.001.0038,metre,20,104.44
115684,2/12/2017,IA/N-0002185,14100 SparePart,66040 RepMaintElectroTechPlantInstal,Keshav Email - 09032017,A/C head correction,Himal Power Ltd (NPR),Mar 2017 [Phalgun 2073],KHIM1,,,KIRNE (N),Inv : Generator : 0022.001.0071,Set,6,27927.03
115684,2/12/2017,IA/N-0002185,14100 SparePart,66040 RepMaintElectroTechPlantInstal,Keshav Email - 09032017,A/C head correction,Himal Power Ltd (NPR),Mar 2017 [Phalgun 2073],KHIM1,,,KIRNE (N),Inv : Generator : 0022.001.0072,Set,6,124261.18
115685,2/12/2017,IA/N-0002186,14100 SparePart,66900 OtherRepMaintCost,Keshav Email - 09032017,A/C head correction,Himal Power Ltd (NPR),Mar 2017 [Phalgun 2073],KHIM1,,,KIRNE (N),Inv : Valve : Inlet : 0017.001.0039,Piece,2,99253.55
115686,2/12/2017,IA/N-0002187,14100 SparePart,66900 OtherRepMaintCost,Keshav Email - 09032017,A/C head Correction,Himal Power Ltd (NPR),Mar 2017 [Phalgun 2073],KHIM1,,,KIRNE (N),Inv : Pelton Turbine : 0020.001.0055,Piece,100,226
115686,2/12/2017,IA/N-0002187,14100 SparePart,66900 OtherRepMaintCost,Keshav Email - 09032017,A/C head Correction,Himal Power Ltd (NPR),Mar 2017 [Phalgun 2073],KHIM1,,,KIRNE (N),Inv : Pelton Turbine : 0020.001.0083,Piece,100,254.25
115687,2/12/2017,IA/N-0002188,14100 SparePart,66900 OtherRepMaintCost,Keshav email 09032017 (2764 PO),A/C head correction,Himal Power Ltd (NPR),Mar 2017 [Phalgun 2073],KHIM1,,,KIRNE (N),Inv : Pelton Turbine : 0020.001.0001,Piece,50,79.1
115688,2/12/2017,IA/N-0002189,14100 SparePart,66900 OtherRepMaintCost,Keshav email - 09032017 (PO2644),A/C head correction,Himal Power Ltd (NPR),Mar 2017 [Phalgun 2073],KHIM1,,,KIRNE (N),Inv : Turbine Governor : 0021.001.0082,Piece,5,22430.5
115689,2/12/2017,IA/N-0002190,14100 SparePart,66040 RepMaintElectroTechPlantInstal,Keshav email - 09032017 (PO1620),A/C head correction,Himal Power Ltd (NPR),Mar 2017 [Phalgun 2073],KHIM1,,,KIRNE (N),Inv : Transformer : Main : 0027.001.0015,Litre,2000,711.425
115720,2/12/2017,IA/N-0002191,14100 SparePart,66100 RepMaintMachinery,Keshav email - 09032017 (PO1618),adjustment of inventory put in single inv code,Himal Power Ltd (NPR),Mar 2017 [Phalgun 2073],KHIM1,,,KIRNE (N),Inv : Computer : 0057.001.0050,Piece,2,8198.81
115720,2/12/2017,IA/N-0002191,14100 SparePart,66100 RepMaintMachinery,Keshav email - 09032017 (PO1618),adjustment of inventory put in single inv code,Himal Power Ltd (NPR),Mar 2017 [Phalgun 2073],KHIM1,,,KIRNE (N),Inv : Computer : 0057.001.0054,Piece,2,8198.81
115720,2/12/2017,IA/N-0002191,14100 SparePart,66100 RepMaintMachinery,Keshav email - 09032017 (PO1618),adjustment of inventory put in single inv code,Himal Power Ltd (NPR),Mar 2017 [Phalgun 2073],KHIM1,,,KIRNE (N),Inv : Computer : 0057.001.0051,Piece,5,8198.81
115720,2/12/2017,IA/N-0002191,14100 SparePart,66100 RepMaintMachinery,Keshav email - 09032017 (PO1618),adjustment of inventory put in single inv code,Himal Power Ltd (NPR),Mar 2017 [Phalgun 2073],KHIM1,,,KIRNE (N),Inv : Computer : 0057.001.0059,Piece,10,8198.81
115721,2/12/2017,IA/N-0002192,14100 SparePart,12100 FixedAssetUnderConstruction,Keshav email - 09032017,A/C head correction,Himal Power Ltd (NPR),Mar 2017 [Phalgun 2073],KHIM1,,,KIRNE (N),Inv : Computer : 0057.001.0003,Piece,1,562815.54
115722,2/12/2017,IA/N-0002193,14100 SparePart,66040 RepMaintElectroTechPlantInstal,Keshav email - 09032017 (PO1673),A/C head correction,Himal Power Ltd (NPR),Mar 2017 [Phalgun 2073],KHIM1,,,KIRNE (N),Inv : Pelton Turbine : 0020.001.0081,Piece,1,1008620
115726,2/12/2017,IA/N-0002194,14100 SparePart,66100 RepMaintMachinery,Keshav email - 090322017 (PO1673),A/C head correction,Himal Power Ltd (NPR),Mar 2017 [Phalgun 2073],KHIM1,,,KIRNE (N),Inv : Pelton Turbine : 0020.001.0082,Set,1,9975
115726,2/12/2017,IA/N-0002194,14100 SparePart,66100 RepMaintMachinery,Keshav email - 090322017 (PO1673),A/C head correction,Himal Power Ltd (NPR),Mar 2017 [Phalgun 2073],KHIM1,,,KIRNE (N),Inv : Turbine Governor : 0021.001.0065,Piece,2,154612.5
115726,2/12/2017,IA/N-0002194,14100 SparePart,66100 RepMaintMachinery,Keshav email - 090322017 (PO1673),A/C head correction,Himal Power Ltd (NPR),Mar 2017 [Phalgun 2073],KHIM1,,,KIRNE (N),Inv : Turbine Governor : 0021.001.0081,Piece,4,24937.5
115729,2/12/2017,IA/N-0002195,14100 SparePart,66900 OtherRepMaintCost,Keshav email - 09032017 (PO2979),A/C head correction,Himal Power Ltd (NPR),Mar 2017 [Phalgun 2073],KHIM1,,,KIRNE (N),Inv : Turbine Governor : 0021.001.0083,Piece,2,95897.5
115940,2/12/2017,IA/N-0002196,14100 SparePart,66900 OtherRepMaintCost,Keshav email - 09.03.2017 (PO2979),A/C head correction,Himal Power Ltd (NPR),Mar 2017 [Phalgun 2073],KHIM1,,,KIRNE (N),Inv : Turbine Governor : 0021.001.0084,Piece,1,18317.5
115941,2/12/2017,IA/N-0002197,14100 SparePart,66100 RepMaintMachinery,keshav email - 09.03.2017 (PO3418),A/C head correction,Himal Power Ltd (NPR),Mar 2017 [Phalgun 2073],KHIM1,,,KIRNE (N),Inv : Turbine Governor : 0021.001.0073,Piece,6,38464.25
115942,2/12/2017,IA/N-0002198,14100 SparePart,66030 RepMaintMachineTechPlantInstal,Keshav email 09.03.2017 (PO3565),A/C head correction,Himal Power Ltd (NPR),Mar 2017 [Phalgun 2073],KHIM1,,,KIRNE (N),Inv : Miscellaneous : 0134.003.0019,Piece,3,4361.8
115942,2/12/2017,IA/N-0002198,14100 SparePart,66030 RepMaintMachineTechPlantInstal,Keshav email 09.03.2017 (PO3565),A/C head correction,Himal Power Ltd (NPR),Mar 2017 [Phalgun 2073],KHIM1,,,KIRNE (N),Inv : Miscellaneous : 0134.003.0020,Piece,3,3220.5
115943,2/12/2017,IA/N-0002199,14100 SparePart,65803 ElectricAppliancesNotCap,Keshav email - 09.03.2017 (PO3576),A/C head correction,Himal Power Ltd (NPR),Mar 2017 [Phalgun 2073],KHIM1,,,KIRNE (N),Inv : Drainage : 0092.001.0002,Piece,5,2644.2
115944,2/12/2017,IA/N-0002200,14000 RawMaterialSemiManufacture,66900 OtherRepMaintCost,Keshav email - 09.03.2017 (PO3541),A/C head correction,Himal Power Ltd (NPR),Mar 2017 [Phalgun 2073],KHIM1,,,KIRNE (N),Inv : Abrasive : Cutting : 1007.006.0001,Piece,25,63
115944,2/12/2017,IA/N-0002200,14000 RawMaterialSemiManufacture,66900 OtherRepMaintCost,Keshav email - 09.03.2017 (PO3541),A/C head correction,Himal Power Ltd (NPR),Mar 2017 [Phalgun 2073],KHIM1,,,KIRNE (N),Inv : Abrasive : Cutting : 1007.006.0004,Piece,50,315
115944,2/12/2017,IA/N-0002200,14000 RawMaterialSemiManufacture,66900 OtherRepMaintCost,Keshav email - 09.03.2017 (PO3541),A/C head correction,Himal Power Ltd (NPR),Mar 2017 [Phalgun 2073],KHIM1,,,KIRNE (N),Inv : Abrasive : Cutting : 1007.006.0003,Piece,50,114
115944,2/12/2017,IA/N-0002200,14000 RawMaterialSemiManufacture,66900 OtherRepMaintCost,Keshav email - 09.03.2017 (PO3541),A/C head correction,Himal Power Ltd (NPR),Mar 2017 [Phalgun 2073],KHIM1,,,KIRNE (N),Inv : Abrasive : Grinding : 1007.002.0001,Piece,50,58
117819,4/14/2017,IA/N-0002267,14100 SparePart,38900 OtherOperIncome,PO#000589 adjusted but this item was missing,Inventory Adjustment 2017,Himal Power Ltd (NPR),May 2017 [Baisakh 2074],KHIM1,,,KIRNE (N),Inv : Turbine Governor : 0021.001.0067,Piece,15,11219.88
117820,4/14/2017,IA/N-0002268,14100 SparePart,66900 OtherRepMaintCost,PO#1618- this item was wrongly used,inventory code adjustment,Himal Power Ltd (NPR),May 2017 [Baisakh 2074],KHIM1,,,KIRNE (N),Inv : Computer : 0057.001.0036,Piece,1,11800
117821,4/14/2017,IA/N-0002269,14100 SparePart,65803 ElectricAppliancesNotCap,As per Keshav's list PO#3599 (160517 at site),A/C head correction,Himal Power Ltd (NPR),May 2017 [Baisakh 2074],KHIM1,,,KIRNE (N),Inv : Miscellaneous : 0134.006.0041,Piece,30,101.7
118927,6/15/2017,IA/N-0002332,14100 SparePart,38900 OtherOperIncome,,A/C head correction,Himal Power Ltd (NPR),Jul 2017 [Ashad 2074],KHIM1,,,KIRNE (N),Inv : Circuit Bkr : SF6 : 0030.001.0013,Piece,1,5184
118927,6/15/2017,IA/N-0002332,14100 SparePart,38900 OtherOperIncome,,A/C head correction,Himal Power Ltd (NPR),Jul 2017 [Ashad 2074],KHIM1,,,KIRNE (N),Inv : Circuit Bkr : SF6 : 0030.001.0015,Piece,1,5184
118927,6/15/2017,IA/N-0002332,14100 SparePart,38900 OtherOperIncome,,A/C head correction,Himal Power Ltd (NPR),Jul 2017 [Ashad 2074],KHIM1,,,KIRNE (N),Inv : Circuit Bkr : SF6 : 0030.001.0016,Piece,1,5184
118927,6/15/2017,IA/N-0002332,14100 SparePart,38900 OtherOperIncome,,A/C head correction,Himal Power Ltd (NPR),Jul 2017 [Ashad 2074],KHIM1,,,KIRNE (N),Inv : Circuit Bkr : SF6 : 0030.001.0017,Piece,1,5184
118927,6/15/2017,IA/N-0002332,14100 SparePart,38900 OtherOperIncome,,A/C head correction,Himal Power Ltd (NPR),Jul 2017 [Ashad 2074],KHIM1,,,KIRNE (N),Inv : Circuit Bkr : SF6 : 0030.001.0014,Piece,2,5184
118927,6/15/2017,IA/N-0002332,14100 SparePart,38900 OtherOperIncome,,A/C head correction,Himal Power Ltd (NPR),Jul 2017 [Ashad 2074],KHIM1,,,KIRNE (N),Inv : Circuit Bkr : SF6 : 0030.001.0012,Piece,3,5184
118927,6/15/2017,IA/N-0002332,14100 SparePart,38900 OtherOperIncome,"Old PO Adjustment #4125, as per Keshav's list",A/C head correction,Himal Power Ltd (NPR),Jul 2017 [Ashad 2074],KHIM1,,,KIRNE (N),Inv : Circuit Bkr : SF6 : 0030.001.0011,Set,16,5184
118928,6/15/2017,IA/N-0002333,14100 SparePart,38900 OtherOperIncome,As per Keshav's list - adjustment in old PO.4125,Inventory Adjustment 2017,Himal Power Ltd (NPR),Jul 2017 [Ashad 2074],KHIM1,,,KIRNE (N),Inv : Circuit Bkr : SF6 : 0030.001.0018,Set,1,136800
118929,6/15/2017,IA/N-0002334,14100 SparePart,66900 OtherRepMaintCost,Adjustment as per Keshav's Email PO#3698,A/C head correction,Himal Power Ltd (NPR),Jul 2017 [Ashad 2074],KHIM1,,,KIRNE (N),Inv : Pelton Turbine : 0020.001.0084,Piece,50,50.85
118929,6/15/2017,IA/N-0002334,49000 OtherCostGoodSold,66900 OtherRepMaintCost,Cost of Sales Adjustment,A/C head correction,Himal Power Ltd (NPR),Jul 2017 [Ashad 2074],KHIM1,,,KIRNE (N),Inv : Pelton Turbine : 0020.001.0084,,,
118929,6/15/2017,IA/N-0002334,14100 SparePart,66900 OtherRepMaintCost,Cost of Sales Adjustment,A/C head correction,Himal Power Ltd (NPR),Jul 2017 [Ashad 2074],KHIM1,,,KIRNE (N),Inv : Pelton Turbine : 0020.001.0084,,,
118930,6/15/2017,IA/N-0002335,14100 SparePart,66900 OtherRepMaintCost,As per Keshav's List. PO#3660,A/C head correction,Himal Power Ltd (NPR),Jul 2017 [Ashad 2074],KHIM1,,,KIRNE (N),Inv : Transformer : Main : 0027.001.0009,Kilogram,15,1695
118930,6/15/2017,IA/N-0002335,49000 OtherCostGoodSold,66900 OtherRepMaintCost,Cost of Sales Adjustment,A/C head correction,Himal Power Ltd (NPR),Jul 2017 [Ashad 2074],KHIM1,,,KIRNE (N),Inv : Transformer : Main : 0027.001.0009,,,
118930,6/15/2017,IA/N-0002335,14100 SparePart,66900 OtherRepMaintCost,Cost of Sales Adjustment,A/C head correction,Himal Power Ltd (NPR),Jul 2017 [Ashad 2074],KHIM1,,,KIRNE (N),Inv : Transformer : Main : 0027.001.0009,,,
118931,6/15/2017,IA/N-0002336,14100 SparePart,66180 RepMaintOfficeEquip,As per Keshav's list. PO#3825,A/C head correction,Himal Power Ltd (NPR),Jul 2017 [Ashad 2074],KHIM1,,,KIRNE (N),Inv : Telephone Exchg : 0080.001.0002,Piece,2,54805
118932,6/15/2017,IA/N-0002337,14100 SparePart,65803 ElectricAppliancesNotCap,As per Keshav's List. PO#2857,A/C head correction,Himal Power Ltd (NPR),Jul 2017 [Ashad 2074],KHIM1,,,KIRNE (N),Inv : Fire Prevention : 0099.001.0003,Piece,3,7345
118933,6/15/2017,IA/N-0002338,14100 SparePart,65803 ElectricAppliancesNotCap,As per Keshav's list. PO#3735,A/C head correction,Himal Power Ltd (NPR),Jul 2017 [Ashad 2074],KHIM1,,,KIRNE (N),Inv : Fire Prevention : 0099.001.0003,Piece,9,7345
118935,6/15/2017,IA/N-0002339,14100 SparePart,66900 OtherRepMaintCost,As per Keshav's list. PO#3002,A/C head correction,Himal Power Ltd (NPR),Jul 2017 [Ashad 2074],KHIM1,,,KIRNE (N),Inv : Generator : Diesel : 0100.001.0023,Piece,1,469.35
118935,6/15/2017,IA/N-0002339,14100 SparePart,66900 OtherRepMaintCost,As per Keshav's list. PO#3002,A/C head correction,Himal Power Ltd (NPR),Jul 2017 [Ashad 2074],KHIM1,,,KIRNE (N),Inv : Generator : Diesel : 0100.001.0024,Piece,1,419.77
118935,6/15/2017,IA/N-0002339,14100 SparePart,66900 OtherRepMaintCost,As per Keshav's list. PO#3002,A/C head correction,Himal Power Ltd (NPR),Jul 2017 [Ashad 2074],KHIM1,,,KIRNE (N),Inv : Generator : Diesel : 0100.001.0019,Piece,1,15082.86
118935,6/15/2017,IA/N-0002339,14100 SparePart,66900 OtherRepMaintCost,As per Keshav's list. PO#3002,A/C head correction,Himal Power Ltd (NPR),Jul 2017 [Ashad 2074],KHIM1,,,KIRNE (N),Inv : Generator : Diesel : 0100.001.0020,Piece,1,6970.53
118935,6/15/2017,IA/N-0002339,14100 SparePart,66900 OtherRepMaintCost,As per Keshav's list. PO#3002,A/C head correction,Himal Power Ltd (NPR),Jul 2017 [Ashad 2074],KHIM1,,,KIRNE (N),Inv : Generator : Diesel : 0100.001.0018,Piece,2,1669.15
118935,6/15/2017,IA/N-0002339,14100 SparePart,66900 OtherRepMaintCost,As per Keshav's list. PO#3002,A/C head correction,Himal Power Ltd (NPR),Jul 2017 [Ashad 2074],KHIM1,,,KIRNE (N),Inv : Generator : Diesel : 0100.001.0015,Litre,5,722.69
118935,6/15/2017,IA/N-0002339,14100 SparePart,66900 OtherRepMaintCost,As per Keshav's list. PO#3002,A/C head correction,Himal Power Ltd (NPR),Jul 2017 [Ashad 2074],KHIM1,,,KIRNE (N),Inv : Generator : Diesel : 0100.001.0004,Litre,70,608.49
118936,6/15/2017,IA/N-0002340,14100 SparePart,66900 OtherRepMaintCost,As per Keshav's list. PO#3026,A/C head correction,Himal Power Ltd (NPR),Jul 2017 [Ashad 2074],KHIM1,,,KIRNE (N),Inv : Generator : 0022.001.0019,Piece,5,66732.15
119127,6/15/2017,IA/N-0002391,14000 RawMaterialSemiManufacture,70001 DieselMeansTransport,,VOID,Himal Power Ltd (NPR),Jul 2017 [Ashad 2074],KHIM1,,,KIRNE (N),Inv : Fuel : 1014.001.0002,Litre,0,66.37171875
120139,7/12/2017,IA/N-0002411,14100 SparePart,66900 OtherRepMaintCost,wrong code selected while making PO#2979,Inventory Adjustment 2017,Himal Power Ltd (NPR),Jul 2017 [Ashad 2074],KHIM1,,,KIRNE (N),Inv : Turbine Governor : 0021.001.0064,Piece,2,501037.5
120146,7/12/2017,IA/N-0002412,14100 SparePart,66030 RepMaintMachineTechPlantInstal,Adjustment as per Keshav's list: PO#3707,A/C head correction,Himal Power Ltd (NPR),Jul 2017 [Ashad 2074],KHIM1,,,KIRNE (N),Inv : Pelton Turbine : 0020.001.0069,Piece,6,21899.58
120146,7/12/2017,IA/N-0002412,14100 SparePart,66030 RepMaintMachineTechPlantInstal,Adjustment as per Keshav's list: PO#3707,A/C head correction,Himal Power Ltd (NPR),Jul 2017 [Ashad 2074],KHIM1,,,KIRNE (N),Inv : Pelton Turbine : 0020.001.0010,Piece,20,5091.66
120146,7/12/2017,IA/N-0002412,14100 SparePart,66030 RepMaintMachineTechPlantInstal,Adjustment as per Keshav's list: PO#3707,A/C head correction,Himal Power Ltd (NPR),Jul 2017 [Ashad 2074],KHIM1,,,KIRNE (N),Inv : Pelton Turbine : 0020.001.0009,Piece,20,5639.14
120146,7/12/2017,IA/N-0002412,14100 SparePart,66030 RepMaintMachineTechPlantInstal,Adjustment as per Keshav's list: PO#3707,A/C head correction,Himal Power Ltd (NPR),Jul 2017 [Ashad 2074],KHIM1,,,KIRNE (N),Inv : Pelton Turbine : 0020.001.0019,Piece,50,985.48
120147,7/12/2017,IA/N-0002413,14000 RawMaterialSemiManufacture,62500 PetrolPremises,Petrol purchase Bill 490 (cash- cheque no 509 adj),A/C head correction,Himal Power Ltd (NPR),Jul 2017 [Ashad 2074],KHIM1,,,KIRNE (N),Inv : Fuel : 1014.001.0001,Litre,50,106
120147,7/12/2017,IA/N-0002413,49000 OtherCostGoodSold,62500 PetrolPremises,Cost of Sales Adjustment,A/C head correction,Himal Power Ltd (NPR),Jul 2017 [Ashad 2074],KHIM1,,,KIRNE (N),Inv : Fuel : 1014.001.0001,,,
120147,7/12/2017,IA/N-0002413,14000 RawMaterialSemiManufacture,62500 PetrolPremises,Cost of Sales Adjustment,A/C head correction,Himal Power Ltd (NPR),Jul 2017 [Ashad 2074],KHIM1,,,KIRNE (N),Inv : Fuel : 1014.001.0001,,,
120148,7/12/2017,IA/N-0002414,14100 SparePart,66040 RepMaintElectroTechPlantInstal,As per Keshav Jee's list PO#1834,A/C head correction,Himal Power Ltd (NPR),Jul 2017 [Ashad 2074],KHIM1,,,KIRNE (N),Inv : AC Supply : 0098.001.0010,Piece,2,941143.74
120148,7/12/2017,IA/N-0002414,14100 SparePart,66040 RepMaintElectroTechPlantInstal,As per Keshav Jee's list PO#1834,A/C head correction,Himal Power Ltd (NPR),Jul 2017 [Ashad 2074],KHIM1,,,KIRNE (N),Inv : DC Supply : 0097.003.0011,Set,2,11263.52
120148,7/12/2017,IA/N-0002414,14100 SparePart,66040 RepMaintElectroTechPlantInstal,As per Keshav Jee's list PO#1834,A/C head correction,Himal Power Ltd (NPR),Jul 2017 [Ashad 2074],KHIM1,,,KIRNE (N),Inv : DC Supply : 0097.003.0013,Piece,2,238325.81
120148,7/12/2017,IA/N-0002414,14100 SparePart,66040 RepMaintElectroTechPlantInstal,As per Keshav Jee's list PO#1834,A/C head correction,Himal Power Ltd (NPR),Jul 2017 [Ashad 2074],KHIM1,,,KIRNE (N),Inv : DC Supply : 0097.003.0012,Set,2,12415.47
120148,7/12/2017,IA/N-0002414,14100 SparePart,66040 RepMaintElectroTechPlantInstal,As per Keshav Jee's list PO#1834,A/C head correction,Himal Power Ltd (NPR),Jul 2017 [Ashad 2074],KHIM1,,,KIRNE (N),Inv : DC Supply : 0097.003.0014,Piece,2,240885.7
120150,7/12/2017,IA/N-0002415,14100 SparePart,66040 RepMaintElectroTechPlantInstal,PO#3799 adjustment as per Keshav's list. 12.07.17,A/C head correction,Himal Power Ltd (NPR),Jul 2017 [Ashad 2074],KHIM1,,,KIRNE (N),Inv : Generator : 0022.001.0073,Piece,3,49550
120157,7/12/2017,IA/N-0002416,14100 SparePart,66030 RepMaintMachineTechPlantInstal,"Adjusted as per Keshav's list PO#3749,12.07.17",A/C head correction,Himal Power Ltd (NPR),Jul 2017 [Ashad 2074],KHIM1,,,KIRNE (N),Inv : Turbine Governor : 0021.001.0057,Litre,1040,492.8
120157,7/12/2017,IA/N-0002416,49000 OtherCostGoodSold,66030 RepMaintMachineTechPlantInstal,Cost of Sales Adjustment,A/C head correction,Himal Power Ltd (NPR),Jul 2017 [Ashad 2074],KHIM1,,,KIRNE (N),Inv : Turbine Governor : 0021.001.0057,,,
120157,7/12/2017,IA/N-0002416,14100 SparePart,66030 RepMaintMachineTechPlantInstal,Cost of Sales Adjustment,A/C head correction,Himal Power Ltd (NPR),Jul 2017 [Ashad 2074],KHIM1,,,KIRNE (N),Inv : Turbine Governor : 0021.001.0057,,,
121407,7/14/2017,IA/N-0002516,14100 SparePart,66900 OtherRepMaintCost,One code selected while making PO#2695,PO#2695 error adjustment,Himal Power Ltd (NPR),Jul 2017 [Ashad 2074],KHIM1,,,KIRNE (N),Inv : Control Panel : 0048.001.0036,Piece,5,6349.65
121407,7/14/2017,IA/N-0002516,14100 SparePart,66900 OtherRepMaintCost,One code selected while making PO#2695,PO#2695 error adjustment,Himal Power Ltd (NPR),Jul 2017 [Ashad 2074],KHIM1,,,KIRNE (N),Inv : Control Panel : 0048.001.0037,Piece,5,6349.65
121407,7/14/2017,IA/N-0002516,14100 SparePart,66900 OtherRepMaintCost,One code selected while making PO#2695,PO#2695 error adjustment,Himal Power Ltd (NPR),Jul 2017 [Ashad 2074],KHIM1,,,KIRNE (N),Inv : Control Panel : 0048.001.0038,Piece,5,6349.65
121407,7/14/2017,IA/N-0002516,14100 SparePart,66900 OtherRepMaintCost,One code selected while making PO#2695,PO#2695 error adjustment,Himal Power Ltd (NPR),Jul 2017 [Ashad 2074],KHIM1,,,KIRNE (N),Inv : Control Panel : 0048.001.0039,Piece,5,6349.65
121407,7/14/2017,IA/N-0002516,14100 SparePart,66900 OtherRepMaintCost,One code selected while making PO#2695,PO#2695 error adjustment,Himal Power Ltd (NPR),Jul 2017 [Ashad 2074],KHIM1,,,KIRNE (N),Inv : Control Panel : 0048.001.0040,Piece,5,6349.65
121407,7/14/2017,IA/N-0002516,14100 SparePart,66900 OtherRepMaintCost,One code selected while making PO#2695,PO#2695 error adjustment,Himal Power Ltd (NPR),Jul 2017 [Ashad 2074],KHIM1,,,KIRNE (N),Inv : Control Panel : 0048.001.0042,Piece,5,4387.97
121407,7/14/2017,IA/N-0002516,14100 SparePart,66900 OtherRepMaintCost,One code selected while making PO#2695,PO#2695 error adjustment,Himal Power Ltd (NPR),Jul 2017 [Ashad 2074],KHIM1,,,KIRNE (N),Inv : Control Panel : 0048.001.0041,Piece,5,6349.65
121407,7/14/2017,IA/N-0002516,14100 SparePart,66900 OtherRepMaintCost,One code selected while making PO#2695,PO#2695 error adjustment,Himal Power Ltd (NPR),Jul 2017 [Ashad 2074],KHIM1,,,KIRNE (N),Inv : Control Panel : 0048.001.0043,Piece,5,4181.48
121407,7/14/2017,IA/N-0002516,14100 SparePart,66900 OtherRepMaintCost,One code selected while making PO#2695,PO#2695 error adjustment,Himal Power Ltd (NPR),Jul 2017 [Ashad 2074],KHIM1,,,KIRNE (N),Inv : Control Panel : 0048.001.0045,Piece,5,4387.97
121407,7/14/2017,IA/N-0002516,14100 SparePart,66900 OtherRepMaintCost,One code selected while making PO#2695,PO#2695 error adjustment,Himal Power Ltd (NPR),Jul 2017 [Ashad 2074],KHIM1,,,KIRNE (N),Inv : Control Panel : 0048.001.0046,Piece,6,4181.48
121407,7/14/2017,IA/N-0002516,14100 SparePart,66900 OtherRepMaintCost,One code selected while making PO#2695,PO#2695 error adjustment,Himal Power Ltd (NPR),Jul 2017 [Ashad 2074],KHIM1,,,KIRNE (N),Inv : Control Panel : 0048.001.0044,Piece,10,4181.48
121417,7/14/2017,IA/N-0002518,14100 SparePart,66900 OtherRepMaintCost,,location adjustment,Himal Power Ltd (NPR),Jul 2017 [Ashad 2074],KHIM1,,,KIRNE (N),Inv : Miscellaneous : 0134.001.0014,metre,100,2268.49
125065,12/5/2017,IA/N-0002638,14100 SparePart,66040 RepMaintElectroTechPlantInstal,As per Keshav's email: 05.12.2017,transfer to correct account code,Himal Power Ltd (NPR),Dec 2017 [Mangsir 2074],KHIM1,,,KIRNE (N),Inv : Transformer : Main : 0027.001.0025,Piece,1,189673.94
125065,12/5/2017,IA/N-0002638,14100 SparePart,66040 RepMaintElectroTechPlantInstal,As per Keshav's email: 05.12.2017,transfer to correct account code,Himal Power Ltd (NPR),Dec 2017 [Mangsir 2074],KHIM1,,,KIRNE (N),Inv : Transformer : Main : 0027.002.0001,Set,3,152144.88
125065,12/5/2017,IA/N-0002638,14100 SparePart,66040 RepMaintElectroTechPlantInstal,As per Keshav's email: 05.12.2017,transfer to correct account code,Himal Power Ltd (NPR),Dec 2017 [Mangsir 2074],KHIM1,,,KIRNE (N),Inv : Transformer : Main : 0027.001.0027,Set,4,18836.98
125066,12/5/2017,IA/N-0002639,14100 SparePart,12100 FixedAssetUnderConstruction,As per Keshav's mail; 05.12.2017,"Adjustment to correct a/c, Store B-R7, B4",Himal Power Ltd (NPR),Dec 2017 [Mangsir 2074],KHIM1,,,KIRNE (N),Inv : Voltage Reg : 0023.001.0006,Piece,2,21470
125066,12/5/2017,IA/N-0002639,14100 SparePart,12100 FixedAssetUnderConstruction,As per Keshav's mail; 05.12.2017,"Adjustment to correct a/c, Store B-R7, B4",Himal Power Ltd (NPR),Dec 2017 [Mangsir 2074],KHIM1,,,KIRNE (N),Inv : Voltage Reg : 0023.001.0007,Piece,2,18080
125066,12/5/2017,IA/N-0002639,14100 SparePart,12100 FixedAssetUnderConstruction,As per Keshav's mail; 05.12.2017,"Adjustment to correct a/c, Store B-R7, B4",Himal Power Ltd (NPR),Dec 2017 [Mangsir 2074],KHIM1,,,KIRNE (N),Inv : Voltage Reg : 0023.001.0009,Piece,2,9040
125066,12/5/2017,IA/N-0002639,14100 SparePart,12100 FixedAssetUnderConstruction,As per Keshav's mail; 05.12.2017,"Adjustment to correct a/c, Store B-R7, B4",Himal Power Ltd (NPR),Dec 2017 [Mangsir 2074],KHIM1,,,KIRNE (N),Inv : Voltage Reg : 0023.001.0010,Piece,2,6780
125066,12/5/2017,IA/N-0002639,14100 SparePart,12100 FixedAssetUnderConstruction,As per Keshav's mail; 05.12.2017,"Adjustment to correct a/c, Store B-R7, B4",Himal Power Ltd (NPR),Dec 2017 [Mangsir 2074],KHIM1,,,KIRNE (N),Inv : Voltage Reg : 0023.001.0011,Piece,2,7910
125066,12/5/2017,IA/N-0002639,14100 SparePart,12100 FixedAssetUnderConstruction,As per Keshav's mail; 05.12.2017,"Adjustment to correct a/c, Store B-R7, B4",Himal Power Ltd (NPR),Dec 2017 [Mangsir 2074],KHIM1,,,KIRNE (N),Inv : Voltage Reg : 0023.001.0012,Piece,2,9040
125066,12/5/2017,IA/N-0002639,14100 SparePart,12100 FixedAssetUnderConstruction,As per Keshav's mail; 05.12.2017,"Adjustment to correct a/c, Store B-R7, B4",Himal Power Ltd (NPR),Dec 2017 [Mangsir 2074],KHIM1,,,KIRNE (N),Inv : Voltage Reg : 0023.001.0013,Piece,2,11300
125066,12/5/2017,IA/N-0002639,14100 SparePart,12100 FixedAssetUnderConstruction,As per Keshav's mail; 05.12.2017,"Adjustment to correct a/c, Store B-R7, B4",Himal Power Ltd (NPR),Dec 2017 [Mangsir 2074],KHIM1,,,KIRNE (N),Inv : Voltage Reg : 0023.001.0014,Piece,2,27120
125066,12/5/2017,IA/N-0002639,14100 SparePart,12100 FixedAssetUnderConstruction,As per Keshav's mail; 05.12.2017,"Adjustment to correct a/c, Store B-R7, B4",Himal Power Ltd (NPR),Dec 2017 [Mangsir 2074],KHIM1,,,KIRNE (N),Inv : Voltage Reg : 0023.001.0015,Piece,2,5650
125066,12/5/2017,IA/N-0002639,14100 SparePart,12100 FixedAssetUnderConstruction,As per Keshav's mail; 05.12.2017,"Adjustment to correct a/c, Store B-R7, B4",Himal Power Ltd (NPR),Dec 2017 [Mangsir 2074],KHIM1,,,KIRNE (N),Inv : Voltage Reg : 0023.001.0016,Piece,2,5650
125066,12/5/2017,IA/N-0002639,14100 SparePart,12100 FixedAssetUnderConstruction,As per Keshav's mail; 05.12.2017,"Adjustment to correct a/c, Store B-R7, B4",Himal Power Ltd (NPR),Dec 2017 [Mangsir 2074],KHIM1,,,KIRNE (N),Inv : Voltage Reg : 0023.001.0008,Piece,5,9040
134330,7/15/2018,IA/N-0002901,14100 SparePart,12100 FixedAssetUnderConstruction,As per Keshav Email@2018.07.15,Inv. Adjustment-3971,Himal Power Ltd (NPR),Jul 2018 [Ashad 2075],KHIM1,,,KIRNE (N),Inv : Relay Protections : 0049.001.0064,Piece,5,123606.66
134346,7/15/2018,IA/N-0002902,14100 SparePart,66030 RepMaintMachineTechPlantInstal,Email from Keshav@15.07.2018,Inv. Adjustment-4165,Himal Power Ltd (NPR),Jul 2018 [Ashad 2075],KHIM1,,,KIRNE (N),Inv : Pelton Turbine : 0020.001.0034,Piece,10,95557.5
134346,7/15/2018,IA/N-0002902,14100 SparePart,66030 RepMaintMachineTechPlantInstal,Email from Keshav@15.07.2018,Inv. Adjustment-4165,Himal Power Ltd (NPR),Jul 2018 [Ashad 2075],KHIM1,,,KIRNE (N),Inv : Turbine Governor : 0021.001.0047,Piece,10,144877.5
134348,7/15/2018,IA/N-0002903,14100 SparePart,66030 RepMaintMachineTechPlantInstal,Keshav Email @15.07.2015,Inv. Adjustment-3769,Himal Power Ltd (NPR),Jul 2018 [Ashad 2075],KHIM1,,,KIRNE (N),Inv : Turbine Governor : 0021.001.0046,Piece,10,39928.6
134374,7/15/2018,IA/N-0002904,14100 SparePart,66040 RepMaintElectroTechPlantInstal,Keshav Email@15.07.2018,Inv. Adjustment-4068,Himal Power Ltd (NPR),Jul 2018 [Ashad 2075],KHIM1,,,KIRNE (N),Inv : Turbine Governor : 0021.001.0069,Piece,1,309529.81
134374,7/15/2018,IA/N-0002904,14100 SparePart,66040 RepMaintElectroTechPlantInstal,Keshav Email@15.07.2018,Inv. Adjustment-4068,Himal Power Ltd (NPR),Jul 2018 [Ashad 2075],KHIM1,,,KIRNE (N),Inv : Turbine Governor : 0021.001.0085,Piece,1,309529.81
134374,7/15/2018,IA/N-0002904,14100 SparePart,66040 RepMaintElectroTechPlantInstal,Keshav Email@15.07.2018,Inv. Adjustment-4068,Himal Power Ltd (NPR),Jul 2018 [Ashad 2075],KHIM1,,,KIRNE (N),Inv : Turbine Governor : 0021.001.0086,Piece,2,70055.42
134374,7/15/2018,IA/N-0002904,14100 SparePart,66040 RepMaintElectroTechPlantInstal,Keshav Email@15.07.2018,Inv. Adjustment-4068,Himal Power Ltd (NPR),Jul 2018 [Ashad 2075],KHIM1,,,KIRNE (N),Inv : Turbine Governor : 0021.001.0073,Piece,7,37070.82
134374,7/15/2018,IA/N-0002904,14100 SparePart,66040 RepMaintElectroTechPlantInstal,Keshav Email@15.07.2018,Inv. Adjustment-4068,Himal Power Ltd (NPR),Jul 2018 [Ashad 2075],KHIM1,,,KIRNE (N),Inv : Turbine Governor : 0021.001.0072,Piece,8,41465.31
134374,7/15/2018,IA/N-0002904,14100 SparePart,66040 RepMaintElectroTechPlantInstal,Keshav Email@15.07.2018,Inv. Adjustment-4068,Himal Power Ltd (NPR),Jul 2018 [Ashad 2075],KHIM1,,,KIRNE (N),Inv : Generator : 0022.001.0004,Piece,8,13999.69
134381,7/15/2018,IA/N-0002905,14100 SparePart,66900 OtherRepMaintCost,Keshav Email@15.07.2018,Inv. Adjustment-4249,Himal Power Ltd (NPR),Jul 2018 [Ashad 2075],KHIM1,,,KIRNE (N),Inv : Turbine Governor : 0021.001.0087,Piece,15,4181
134385,7/15/2018,IA/N-0002906,14100 SparePart,66040 RepMaintElectroTechPlantInstal,Keshav Email@15.07.2018,Inv. Adjustment-4150,Himal Power Ltd (NPR),Jul 2018 [Ashad 2075],KHIM1,,,KIRNE (N),Inv : Generator : 0022.001.0051,Piece,2,14915.8
134385,7/15/2018,IA/N-0002906,14100 SparePart,66040 RepMaintElectroTechPlantInstal,Keshav Email@15.07.2018,Inv. Adjustment-4150,Himal Power Ltd (NPR),Jul 2018 [Ashad 2075],KHIM1,,,KIRNE (N),Inv : Generator : 0022.001.0037,Piece,2,97348.34
134385,7/15/2018,IA/N-0002906,14100 SparePart,66040 RepMaintElectroTechPlantInstal,Keshav Email@15.07.2018,Inv. Adjustment-4150,Himal Power Ltd (NPR),Jul 2018 [Ashad 2075],KHIM1,,,KIRNE (N),Inv : Generator : 0022.001.0063,Piece,3,7884.3
134385,7/15/2018,IA/N-0002906,14100 SparePart,66040 RepMaintElectroTechPlantInstal,Keshav Email@15.07.2018,Inv. Adjustment-4150,Himal Power Ltd (NPR),Jul 2018 [Ashad 2075],KHIM1,,,KIRNE (N),Inv : Generator : 0022.001.0075,Piece,3,2082.8
134385,7/15/2018,IA/N-0002906,14100 SparePart,66040 RepMaintElectroTechPlantInstal,Keshav Email@15.07.2018,Inv. Adjustment-4150,Himal Power Ltd (NPR),Jul 2018 [Ashad 2075],KHIM1,,,KIRNE (N),Inv : Generator : 0022.001.0074,Piece,5,6171.52
134385,7/15/2018,IA/N-0002906,14100 SparePart,66040 RepMaintElectroTechPlantInstal,Keshav Email@15.07.2018,Inv. Adjustment-4150,Himal Power Ltd (NPR),Jul 2018 [Ashad 2075],KHIM1,,,KIRNE (N),Inv : Generator : 0022.001.0076,Piece,5,5487.85
134385,7/15/2018,IA/N-0002906,14100 SparePart,66040 RepMaintElectroTechPlantInstal,Keshav Email@15.07.2018,Inv. Adjustment-4150,Himal Power Ltd (NPR),Jul 2018 [Ashad 2075],KHIM1,,,KIRNE (N),Inv : Generator : 0022.001.0067,Piece,10,1606.18
134386,7/15/2018,IA/N-0002907,14100 SparePart,66900 OtherRepMaintCost,Keshave email@15.07.2018,Inv. Adjustment-4411,Himal Power Ltd (NPR),Jul 2018 [Ashad 2075],KHIM1,,,KIRNE (N),Inv : HVAC : 0095.003.0017,Kilogram,22.6,1550
134387,7/15/2018,IA/N-0002908,14100 SparePart,66030 RepMaintMachineTechPlantInstal,Keshav email 15.07.018,PO 4211 Inv Adjustment,Himal Power Ltd (NPR),Jul 2018 [Ashad 2075],KHIM1,,,KIRNE (N),Inv : Generator : Diesel : 0100.001.0036,Piece,1,5424.15
134387,7/15/2018,IA/N-0002908,14100 SparePart,66030 RepMaintMachineTechPlantInstal,Keshav email 15.07.018,PO 4211 Inv Adjustment,Himal Power Ltd (NPR),Jul 2018 [Ashad 2075],KHIM1,,,KIRNE (N),Inv : Generator : Diesel : 0100.001.0038,Piece,1,66208.25
134387,7/15/2018,IA/N-0002908,14100 SparePart,66030 RepMaintMachineTechPlantInstal,Keshav email 15.07.018,PO 4211 Inv Adjustment,Himal Power Ltd (NPR),Jul 2018 [Ashad 2075],KHIM1,,,KIRNE (N),Inv : Generator : Diesel : 0100.001.0039,Piece,1,5972.13
134387,7/15/2018,IA/N-0002908,14100 SparePart,66030 RepMaintMachineTechPlantInstal,Keshav email 15.07.018,PO 4211 Inv Adjustment,Himal Power Ltd (NPR),Jul 2018 [Ashad 2075],KHIM1,,,KIRNE (N),Inv : Generator : Diesel : 0100.001.0037,Piece,1,7827.48
134387,7/15/2018,IA/N-0002908,14100 SparePart,66030 RepMaintMachineTechPlantInstal,Keshav email 15.07.018,PO 4211 Inv Adjustment,Himal Power Ltd (NPR),Jul 2018 [Ashad 2075],KHIM1,,,KIRNE (N),Inv : Generator : Diesel : 0100.001.0040,Piece,1,50362.6
134394,7/15/2018,IA/N-0002909,14100 SparePart,66040 RepMaintElectroTechPlantInstal,Keshav email @15.07.2018,PO 4420 Inv Adjustment,Himal Power Ltd (NPR),Jul 2018 [Ashad 2075],KHIM1,,,KIRNE (N),Inv : Generator : Diesel : 0100.001.0019,Piece,1,15535.35
134394,7/15/2018,IA/N-0002909,14100 SparePart,66040 RepMaintElectroTechPlantInstal,Keshav email @15.07.2018,PO 4420 Inv Adjustment,Himal Power Ltd (NPR),Jul 2018 [Ashad 2075],KHIM1,,,KIRNE (N),Inv : Generator : Diesel : 0100.001.0020,Piece,1,7179.65
134394,7/15/2018,IA/N-0002909,14100 SparePart,66040 RepMaintElectroTechPlantInstal,Keshav email @15.07.2018,PO 4420 Inv Adjustment,Himal Power Ltd (NPR),Jul 2018 [Ashad 2075],KHIM1,,,KIRNE (N),Inv : Generator : Diesel : 0100.001.0033,Piece,1,67353.42
134394,7/15/2018,IA/N-0002909,14100 SparePart,66040 RepMaintElectroTechPlantInstal,Keshav email @15.07.2018,PO 4420 Inv Adjustment,Himal Power Ltd (NPR),Jul 2018 [Ashad 2075],KHIM1,,,KIRNE (N),Inv : Generator : Diesel : 0100.001.0026,Piece,1,164.32
134394,7/15/2018,IA/N-0002909,14100 SparePart,66040 RepMaintElectroTechPlantInstal,Keshav email @15.07.2018,PO 4420 Inv Adjustment,Himal Power Ltd (NPR),Jul 2018 [Ashad 2075],KHIM1,,,KIRNE (N),Inv : Generator : Diesel : 0100.001.0031,Piece,1,15554.1
134394,7/15/2018,IA/N-0002909,14100 SparePart,66040 RepMaintElectroTechPlantInstal,Keshav email @15.07.2018,PO 4420 Inv Adjustment,Himal Power Ltd (NPR),Jul 2018 [Ashad 2075],KHIM1,,,KIRNE (N),Inv : Generator : Diesel : 0100.001.0034,Set,1,7463.5
134394,7/15/2018,IA/N-0002909,14100 SparePart,66040 RepMaintElectroTechPlantInstal,Keshav email @15.07.2018,PO 4420 Inv Adjustment,Himal Power Ltd (NPR),Jul 2018 [Ashad 2075],KHIM1,,,KIRNE (N),Inv : Generator : Diesel : 0100.001.0035,Set,1,23853.18
134395,7/15/2018,IA/N-0002910,14100 SparePart,66040 RepMaintElectroTechPlantInstal,Keshav email @15.07.2018,PO 4314 Inv Adjustment,Himal Power Ltd (NPR),Jul 2018 [Ashad 2075],KHIM1,,,KIRNE (N),Inv : Generator : 0022.001.0068,Piece,2,671572.98
134395,7/15/2018,IA/N-0002910,14100 SparePart,66040 RepMaintElectroTechPlantInstal,Keshav email @15.07.2018,PO 4314 Inv Adjustment,Himal Power Ltd (NPR),Jul 2018 [Ashad 2075],KHIM1,,,KIRNE (N),Inv : Computer : 0057.001.0047,Piece,4,138036.6
134395,7/15/2018,IA/N-0002910,14100 SparePart,66040 RepMaintElectroTechPlantInstal,Keshav email @15.07.2018,PO 4314 Inv Adjustment,Himal Power Ltd (NPR),Jul 2018 [Ashad 2075],KHIM1,,,KIRNE (N),Inv : Computer : 0057.001.0048,Piece,4,138036.6
134398,7/15/2018,IA/N-0002911,14100 SparePart,66040 RepMaintElectroTechPlantInstal,Keshav email @15.07.2018,PO 4496 Inv Adjustment,Himal Power Ltd (NPR),Jul 2018 [Ashad 2075],KHIM1,,,KIRNE (N),Inv : Generator : 0022.001.0077,Piece,1,252411.62
134399,7/15/2018,IA/N-0002912,14100 SparePart,70200 RepMaintMeansTransport,Keshav email 15.07.2018,PO 3837 Inv Adjustment,Himal Power Ltd (NPR),Jul 2018 [Ashad 2075],KHIM1,,,KIRNE (N),Inv : Wheel Loader : 0125.001.0031,Piece,2,5547.25
134399,7/15/2018,IA/N-0002912,14100 SparePart,70200 RepMaintMeansTransport,Keshav email 15.07.2018,PO 3837 Inv Adjustment,Himal Power Ltd (NPR),Jul 2018 [Ashad 2075],KHIM1,,,KIRNE (N),Inv : Wheel Loader : 0125.001.0033,Piece,2,1355.85
134399,7/15/2018,IA/N-0002912,14100 SparePart,70200 RepMaintMeansTransport,Keshav email 15.07.2018,PO 3837 Inv Adjustment,Himal Power Ltd (NPR),Jul 2018 [Ashad 2075],KHIM1,,,KIRNE (N),Inv : Wheel Loader : 0125.001.0032,Piece,3,955.77
134399,7/15/2018,IA/N-0002912,14100 SparePart,70200 RepMaintMeansTransport,Keshav email 15.07.2018,PO 3837 Inv Adjustment,Himal Power Ltd (NPR),Jul 2018 [Ashad 2075],KHIM1,,,KIRNE (N),Inv : Wheel Loader : 0125.001.0034,Piece,5,12877.48
134399,7/15/2018,IA/N-0002912,14100 SparePart,70200 RepMaintMeansTransport,Keshav email 15.07.2018,PO 3837 Inv Adjustment,Himal Power Ltd (NPR),Jul 2018 [Ashad 2075],KHIM1,,,KIRNE (N),Inv : Wheel Loader : 0125.001.0030,Litre,30,681.19
134401,7/15/2018,IA/N-0002913,14100 SparePart,38900 OtherOperIncome,Invenotry adjusted. PO 1620,PO 1620 Inventory Adjustment,Himal Power Ltd (NPR),Jul 2018 [Ashad 2075],KHIM1,,,KIRNE (N),Inv : Transformer : Main : 0027.001.0015,Litre,2000,355.7125
134402,7/15/2018,IA/N-0002914,14100 SparePart,70200 RepMaintMeansTransport,Keshav email 15.07.2018,PO 3171 Inv Adjustment,Himal Power Ltd (NPR),Jul 2018 [Ashad 2075],KHIM1,,,KIRNE (N),Inv : Tractor : 0124.001.0004,Piece,4,649.75
134402,7/15/2018,IA/N-0002914,14100 SparePart,70200 RepMaintMeansTransport,Keshav email 15.07.2018,PO 3171 Inv Adjustment,Himal Power Ltd (NPR),Jul 2018 [Ashad 2075],KHIM1,,,KIRNE (N),Inv : Tractor : 0124.001.0002,Piece,8,639.58
135049,7/15/2018,IA/N-0002915,14100 SparePart,66040 RepMaintElectroTechPlantInstal,Keshav email 08.08.2018,PO 4596 Inv Adjustment,Himal Power Ltd (NPR),Jul 2018 [Ashad 2075],KHIM1,,,KIRNE (N),Inv : Control Panel : 0048.001.0048,Piece,5,11346.3
135049,7/15/2018,IA/N-0002915,14100 SparePart,66040 RepMaintElectroTechPlantInstal,Keshav email 08.08.2018,PO 4596 Inv Adjustment,Himal Power Ltd (NPR),Jul 2018 [Ashad 2075],KHIM1,,,KIRNE (N),Inv : Control Panel : 0048.001.0049,,5,13237.35
135049,7/15/2018,IA/N-0002915,14100 SparePart,66040 RepMaintElectroTechPlantInstal,Keshav email 08.08.2018,PO 4596 Inv Adjustment,Himal Power Ltd (NPR),Jul 2018 [Ashad 2075],KHIM1,,,KIRNE (N),Inv : Control Panel : 0048.001.0053,Piece,5,27735.4
135049,7/15/2018,IA/N-0002915,14100 SparePart,66040 RepMaintElectroTechPlantInstal,Keshav email 08.08.2018,PO 4596 Inv Adjustment,Himal Power Ltd (NPR),Jul 2018 [Ashad 2075],KHIM1,,,KIRNE (N),Inv : Control Panel : 0048.001.0054,Piece,5,31517.5
135049,7/15/2018,IA/N-0002915,14100 SparePart,66040 RepMaintElectroTechPlantInstal,Keshav email 08.08.2018,PO 4596 Inv Adjustment,Himal Power Ltd (NPR),Jul 2018 [Ashad 2075],KHIM1,,,KIRNE (N),Inv : Control Panel : 0048.001.0050,Piece,10,13237.35
135049,7/15/2018,IA/N-0002915,14100 SparePart,66040 RepMaintElectroTechPlantInstal,Keshav email 08.08.2018,PO 4596 Inv Adjustment,Himal Power Ltd (NPR),Jul 2018 [Ashad 2075],KHIM1,,,KIRNE (N),Inv : Control Panel : 0048.001.0051,,10,21431.9
135049,7/15/2018,IA/N-0002915,14100 SparePart,66040 RepMaintElectroTechPlantInstal,Keshav email 08.08.2018,PO 4596 Inv Adjustment,Himal Power Ltd (NPR),Jul 2018 [Ashad 2075],KHIM1,,,KIRNE (N),Inv : Control Panel : 0048.001.0052,Piece,10,21431.9
135049,7/15/2018,IA/N-0002915,14100 SparePart,66040 RepMaintElectroTechPlantInstal,Keshav email 08.08.2018,PO 4596 Inv Adjustment,Himal Power Ltd (NPR),Jul 2018 [Ashad 2075],KHIM1,,,KIRNE (N),Inv : Control Panel : 0048.001.0047,Piece,13,11346.3
141185,12/15/2018,IA/N-0003093,14100 SparePart,66040 RepMaintElectroTechPlantInstal,Pressure Switch USD 3,Pressure Switch-Inventory adjustment,Himal Power Ltd (NPR),Dec 2018 [Mangsir 2075],KHIM1,,,KIRNE (N),Inv : Turbine Governor : 0021.001.0038,Piece,6,126560
153088,7/16/2019,IA/N-0003337,14100 SparePart,70200 RepMaintMeansTransport,PO#5570,YE adjustment FY 2075/76,Himal Power Ltd (NPR),Jul 2019 [Ashad 2076],KHIM1,,,KIRNE (N),Inv : Wheel Loader : 0125.001.0032,Piece,1,1127.24
153088,7/16/2019,IA/N-0003337,14100 SparePart,70200 RepMaintMeansTransport,PO#5570,YE adjustment FY 2075/76,Himal Power Ltd (NPR),Jul 2019 [Ashad 2076],KHIM1,,,KIRNE (N),Inv : Wheel Loader : 0125.001.0033,Piece,1,1518.54
153088,7/16/2019,IA/N-0003337,14100 SparePart,70200 RepMaintMeansTransport,PO#5570,YE adjustment FY 2075/76,Himal Power Ltd (NPR),Jul 2019 [Ashad 2076],KHIM1,,,KIRNE (N),Inv : Wheel Loader : 0125.001.0031,Piece,1,2729.36
153088,7/16/2019,IA/N-0003337,14100 SparePart,70200 RepMaintMeansTransport,PO#5570,YE adjustment FY 2075/76,Himal Power Ltd (NPR),Jul 2019 [Ashad 2076],KHIM1,,,KIRNE (N),Inv : Wheel Loader : 0125.001.0038,Piece,1,6495.6
153088,7/16/2019,IA/N-0003337,14100 SparePart,70200 RepMaintMeansTransport,PO#5570,YE adjustment FY 2075/76,Himal Power Ltd (NPR),Jul 2019 [Ashad 2076],KHIM1,,,KIRNE (N),Inv : Wheel Loader : 0125.001.0039,Piece,1,1692.47
153088,7/16/2019,IA/N-0003337,14100 SparePart,70200 RepMaintMeansTransport,PO#5570,YE adjustment FY 2075/76,Himal Power Ltd (NPR),Jul 2019 [Ashad 2076],O&M,,,KIRNE (N),Inv : Wheel Loader : 0125.001.0040,Piece,1,4803.13
153088,7/16/2019,IA/N-0003337,14100 SparePart,70200 RepMaintMeansTransport,PO#5570,YE adjustment FY 2075/76,Himal Power Ltd (NPR),Jul 2019 [Ashad 2076],KHIM1,,,KIRNE (N),Inv : Wheel Loader : 0125.001.0030,Litre,15,862.31
153088,7/16/2019,IA/N-0003337,14100 SparePart,70200 RepMaintMeansTransport,PO#5570,YE adjustment FY 2075/76,Himal Power Ltd (NPR),Jul 2019 [Ashad 2076],KHIM1,,,KIRNE (N),Inv : Wheel Loader : 0125.001.0035,Litre,20,719.15
153088,7/16/2019,IA/N-0003337,14100 SparePart,70200 RepMaintMeansTransport,PO#5570,YE adjustment FY 2075/76,Himal Power Ltd (NPR),Jul 2019 [Ashad 2076],KHIM1,,,KIRNE (N),Inv : Wheel Loader : 0125.001.0036,Litre,20,839.38
153088,7/16/2019,IA/N-0003337,14100 SparePart,70200 RepMaintMeansTransport,PO#5570,YE adjustment FY 2075/76,Himal Power Ltd (NPR),Jul 2019 [Ashad 2076],KHIM1,,,KIRNE (N),Inv : Wheel Loader : 0125.001.0037,Litre,20,829.87
153089,7/16/2019,IA/N-0003338,14100 SparePart,66040 RepMaintElectroTechPlantInstal,PO#5253,YE Adjustment FY 2018-19,Himal Power Ltd (NPR),Jul 2019 [Ashad 2076],PROC,,,KIRNE (N),Inv : Turbine Governor : 0021.001.0053,Piece,2,108704.38
153089,7/16/2019,IA/N-0003338,14100 SparePart,66040 RepMaintElectroTechPlantInstal,PO#5253,YE Adjustment FY 2018-19,Himal Power Ltd (NPR),Jul 2019 [Ashad 2076],KHIM1,,,KIRNE (N),Inv : Turbine Governor : 0021.001.0063,Piece,6,498367.75
153089,7/16/2019,IA/N-0003338,14100 SparePart,66040 RepMaintElectroTechPlantInstal,PO#5253,YE Adjustment FY 2018-19,Himal Power Ltd (NPR),Jul 2019 [Ashad 2076],KHIM1,,,KIRNE (N),Inv : Turbine Governor : 0021.001.0066,Piece,6,13880.71
153090,7/16/2019,IA/N-0003339,14100 SparePart,66030 RepMaintMachineTechPlantInstal,PO#4197,YE adjustment FY 2018-19,Himal Power Ltd (NPR),Jul 2019 [Ashad 2076],KHIM1,,,KIRNE (N),Inv : Pelton Turbine : 0020.001.0059,Piece,10,155129.3
153091,7/16/2019,IA/N-0003340,14100 SparePart,66040 RepMaintElectroTechPlantInstal,PO#5020,YE Adjustment FY 2018-19,Himal Power Ltd (NPR),Jul 2019 [Ashad 2076],KHIM1,,,KIRNE (N),Inv : Pelton Turbine : 0020.001.0069,Piece,20,10626.35
153092,7/16/2019,IA/N-0003341,14100 SparePart,66040 RepMaintElectroTechPlantInstal,PO#4783,YE Adjustment FY 2018-19,Himal Power Ltd (NPR),Jul 2019 [Ashad 2076],KHIM1,,,KIRNE (N),Inv : Generator : 0022.001.0078,Piece,2,50369.03
153092,7/16/2019,IA/N-0003341,14100 SparePart,66040 RepMaintElectroTechPlantInstal,PO#4783,YE Adjustment FY 2018-19,Himal Power Ltd (NPR),Jul 2019 [Ashad 2076],KHIM1,,,KIRNE (N),Inv : Generator : 0022.001.0003,Piece,12,34541.39
153094,7/16/2019,IA/N-0003342,14100 SparePart,66900 OtherRepMaintCost,PO#5640,YE Adjustment FY 2018-19,Himal Power Ltd (NPR),Jul 2019 [Ashad 2076],KHIM1,,,KIRNE (N),Inv : Compressed Air : 0094.001.0009,Piece,3,9835.53
153094,7/16/2019,IA/N-0003342,14100 SparePart,66900 OtherRepMaintCost,PO#5640,YE Adjustment FY 2018-19,Himal Power Ltd (NPR),Jul 2019 [Ashad 2076],KHIM1,,,KIRNE (N),Inv : Compressed Air : 0094.001.0001,Piece,3,6088.66
153094,7/16/2019,IA/N-0003342,14100 SparePart,66900 OtherRepMaintCost,PO#5640,YE Adjustment FY 2018-19,Himal Power Ltd (NPR),Jul 2019 [Ashad 2076],KHIM1,,,KIRNE (N),Inv : Compressed Air : 0094.001.0006,Piece,3,34970.78
153094,7/16/2019,IA/N-0003342,14000 RawMaterialSemiManufacture,66900 OtherRepMaintCost,PO#5640,YE Adjustment FY 2018-19,Himal Power Ltd (NPR),Jul 2019 [Ashad 2076],KHIM1,,,KIRNE (N),Inv : Lubricant : Compressor : 1013.007.0001,Litre,20,1405.076
153095,7/16/2019,IA/N-0003343,14100 SparePart,66040 RepMaintElectroTechPlantInstal,PO#5443,YE Adjustment FY 2018-19,Himal Power Ltd (NPR),Jul 2019 [Ashad 2076],KHIM1,,,KIRNE (N),Inv : Generator : Diesel : 0100.001.0041,Piece,1,204701.76
153096,7/16/2019,IA/N-0003344,14100 SparePart,66040 RepMaintElectroTechPlantInstal,PO#4797,YE Adjustment FY 2018-19,Himal Power Ltd (NPR),Jul 2019 [Ashad 2076],KHIM1,,,KIRNE (N),Inv : Relay Protections : 0049.001.0071,Piece,2,680160.38
153098,7/16/2019,IA/N-0003345,14100 SparePart,66040 RepMaintElectroTechPlantInstal,PO#5192,YE Adjustment FY 2018-19,Himal Power Ltd (NPR),Jul 2019 [Ashad 2076],KHIM1,,,KIRNE (N),Inv : Breaker Cubicles : 0034.001.0005,Piece,6,176165
153099,7/16/2019,IA/N-0003346,14100 SparePart,66030 RepMaintMachineTechPlantInstal,PO#4712,YE Adjustment FY 2018-19,Himal Power Ltd (NPR),Jul 2019 [Ashad 2076],KHIM1,,,KIRNE (N),Inv : Generator : Diesel : 0100.001.0042,Piece,1,60272.21
153135,7/16/2019,IA/N-0003347,14100 SparePart,70200 RepMaintMeansTransport,PO#5676,YE Adjustment FY 2018/19,Himal Power Ltd (NPR),Jul 2019 [Ashad 2076],KHIM1,,,KIRNE (N),Inv : Tractor : 0124.001.0004,Piece,2,2000
153135,7/16/2019,IA/N-0003347,14100 SparePart,70200 RepMaintMeansTransport,PO#5676,YE Adjustment FY 2018/19,Himal Power Ltd (NPR),Jul 2019 [Ashad 2076],KHIM1,,,KIRNE (N),Inv : Tractor : 0124.001.0003,Piece,2,2200
153135,7/16/2019,IA/N-0003347,14100 SparePart,70200 RepMaintMeansTransport,PO#5676,YE Adjustment FY 2018/19,Himal Power Ltd (NPR),Jul 2019 [Ashad 2076],KHIM1,,,KIRNE (N),Inv : Tractor : 0124.001.0002,Piece,4,2500
155274,1/17/2020,IA/N-0003542,14100 SparePart,66900 OtherRepMaintCost,PO#5973 Adjustment,AC head adjustment,Himal Power Ltd (NPR),Feb 2020 [Magh 2076],KHIM1,,,KIRNE (N),Inv : Pelton Turbine : 0020.001.0027,metre,100,84.75
155274,1/17/2020,IA/N-0003542,49000 OtherCostGoodSold,66900 OtherRepMaintCost,Cost of Sales Adjustment,AC head adjustment,Himal Power Ltd (NPR),Feb 2020 [Magh 2076],KHIM1,,,KIRNE (N),Inv : Pelton Turbine : 0020.001.0027,,,
155274,1/17/2020,IA/N-0003542,14100 SparePart,66900 OtherRepMaintCost,Cost of Sales Adjustment,AC head adjustment,Himal Power Ltd (NPR),Feb 2020 [Magh 2076],KHIM1,,,KIRNE (N),Inv : Pelton Turbine : 0020.001.0027,,,
155278,1/17/2020,IA/N-0003543,14100 SparePart,66040 RepMaintElectroTechPlantInstal,PO#5715 Adj,AC head adjustment,Himal Power Ltd (NPR),Feb 2020 [Magh 2076],KHIM1,,,KIRNE (N),Inv : Generator : Diesel : 0100.001.0023,Piece,1,500
155278,1/17/2020,IA/N-0003543,14100 SparePart,66040 RepMaintElectroTechPlantInstal,PO#5715 Adj,AC head adjustment,Himal Power Ltd (NPR),Feb 2020 [Magh 2076],KHIM1,,,KIRNE (N),Inv : Generator : Diesel : 0100.001.0024,Piece,1,427.63
155278,1/17/2020,IA/N-0003543,14100 SparePart,66040 RepMaintElectroTechPlantInstal,PO#5715 Adj,AC head adjustment,Himal Power Ltd (NPR),Feb 2020 [Magh 2076],KHIM1,,,KIRNE (N),Inv : Generator : Diesel : 0100.001.0019,Piece,1,19816.2
155278,1/17/2020,IA/N-0003543,14100 SparePart,66040 RepMaintElectroTechPlantInstal,PO#5715 Adj,AC head adjustment,Himal Power Ltd (NPR),Feb 2020 [Magh 2076],KHIM1,,,KIRNE (N),Inv : Generator : Diesel : 0100.001.0020,Piece,1,9158.04
155278,1/17/2020,IA/N-0003543,14100 SparePart,66040 RepMaintElectroTechPlantInstal,PO#5715 Adj,AC head adjustment,Himal Power Ltd (NPR),Feb 2020 [Magh 2076],KHIM1,,,KIRNE (N),Inv : Generator : Diesel : 0100.001.0015,Litre,1,4594.85
155278,1/17/2020,IA/N-0003543,14100 SparePart,66040 RepMaintElectroTechPlantInstal,PO#5715 Adj,AC head adjustment,Himal Power Ltd (NPR),Feb 2020 [Magh 2076],KHIM1,,,KIRNE (N),Inv : Generator : Diesel : 0100.001.0018,Piece,2,1355.51
155278,1/17/2020,IA/N-0003543,14100 SparePart,66040 RepMaintElectroTechPlantInstal,PO#5715 Adj,AC head adjustment,Himal Power Ltd (NPR),Feb 2020 [Magh 2076],KHIM1,,,KIRNE (N),Inv : Generator : Diesel : 0100.001.0004,Litre,10,819
155278,1/17/2020,IA/N-0003543,14100 SparePart,66040 RepMaintElectroTechPlantInstal,PO#5715 Adj,AC head adjustment,Himal Power Ltd (NPR),Feb 2020 [Magh 2076],KHIM1,,,KIRNE (N),Inv : Generator : Diesel : 0100.001.0004,Litre,60,812.53
155278,1/17/2020,IA/N-0003543,49000 OtherCostGoodSold,66040 RepMaintElectroTechPlantInstal,Cost of Sales Adjustment,AC head adjustment,Himal Power Ltd (NPR),Feb 2020 [Magh 2076],KHIM1,,,KIRNE (N),Inv : Generator : Diesel : 0100.001.0004,,,
155278,1/17/2020,IA/N-0003543,14100 SparePart,66040 RepMaintElectroTechPlantInstal,Cost of Sales Adjustment,AC head adjustment,Himal Power Ltd (NPR),Feb 2020 [Magh 2076],KHIM1,,,KIRNE (N),Inv : Generator : Diesel : 0100.001.0004,,,
155278,1/17/2020,IA/N-0003543,49000 OtherCostGoodSold,66040 RepMaintElectroTechPlantInstal,Cost of Sales Adjustment,AC head adjustment,Himal Power Ltd (NPR),Feb 2020 [Magh 2076],KHIM1,,,KIRNE (N),Inv : Generator : Diesel : 0100.001.0015,,,
155278,1/17/2020,IA/N-0003543,14100 SparePart,66040 RepMaintElectroTechPlantInstal,Cost of Sales Adjustment,AC head adjustment,Himal Power Ltd (NPR),Feb 2020 [Magh 2076],KHIM1,,,KIRNE (N),Inv : Generator : Diesel : 0100.001.0015,,,
156509,1/23/2020,IA/N-0003581,14000 RawMaterialSemiManufacture,70001 DieselMeansTransport,,VOID,Himal Power Ltd (NPR),Feb 2020 [Magh 2076],KHIM1,,,KIRNE (N),Inv : Fuel : 1014.001.0002,Litre,0,85.8406383
158514,3/19/2020,IA/N-0003633,14100 SparePart,66030 RepMaintMachineTechPlantInstal,,VOID,Himal Power Ltd (NPR),Apr 2020 [Chaitra 2076],KHIM1,,,KIRNE (N),Inv : Generator : 0022.001.0040,Piece,0,250
158520,3/21/2020,IA/N-0003639,14100 SparePart,66030 RepMaintMachineTechPlantInstal,,VOID,Himal Power Ltd (NPR),Apr 2020 [Chaitra 2076],KHIM1,,,KIRNE (N),Inv : Pelton Turbine : 0020.001.0042,Piece,0,0